#,Item,Status,Type,External  backlinks  (EDU / GOV),Referring  domains  (EDU / GOV),IP  Addresses,Class C  subnets,CitationFlow,TrustFlow
1,http://x.asia,Found,URL,6,3,3,3,17,2
2,http://bookmarkplanet.info,Found,URL,103,53,43,43,25,6
3,http://starbookmarks.info,Found,URL,71,35,30,30,22,6
4,http://2.co.nz,Found,URL,-,-,-,-,-,-
5,http://4yourfun.org,Found,URL,3,3,3,3,16,-
6,http://26greyowl.com,Found,URL,167,48,41,40,25,6
7,http://2.mojosbay.com/pligg,Found,URL,15(1 / -),11(1 / -),9,9,20,1
8,http://1president.com,Found,URL,500,163,123,116,29,15
9,http://1a2a3.com,Found,URL,300,66,49,48,29,3
10,http://life2organic.com,Found,URL,5,4,4,4,17,-
11,http://buzz.bizhat.com,Found,URL,51,12,12,12,25,23
12,http://submit-link4u.org,Found,URL,32,11,11,11,19,3
13,http://designerunion.com,Found,URL,4,4,4,4,16,-
14,http://themesbuzz.com,Found,URL,"1,414",27,22,22,34,9
15,http://www.cropsites.com,Found,URL,222,65,46,44,33,15
16,http://sitegala.com,Found,URL,14,8,7,7,17,-
17,http://bookmarks.pinkooo.com,Found,URL,404,109,66,63,28,17
18,http://www.clevelandtechnews.com,Found,URL,24,8,8,6,17,3
19,http://appge.com,Found,URL,2,2,2,2,20,-
20,http://bookmarkinglab.info,Found,URL,24,7,6,6,19,3
21,http://www.otomatikimle.in,Found,URL,18,9,8,6,37,9
22,http://wanyy.info,Found,URL,6,6,6,6,17,3
23,http://whorureally.com,Found,URL,5,5,4,4,17,3
24,http://watchedin.com,Found,URL,30,16,16,16,20,4
25,http://webimleme.in,Found,URL,3,3,3,3,16,-
26,http://sa-ijaan.org,Found,URL,9,7,6,6,17,-
27,http://daemonpages.info,Found,URL,"1,059",33,6,6,18,-
28,http://www.zakladki.mammyboard.org,Found,URL,"6,334",4,2,2,24,4
29,http://w3pagelinks.com,Found,URL,30,16,16,16,20,8
30,http://www.yourfootynews.com,Found,URL,44,11,10,8,17,3
31,http://socialbookmarkingpole.info,Found,URL,8,7,6,6,18,1
32,http://www.socialbookmarkingcybernoti...,Found,URL,8,4,4,2,16,3
33,http://www.firedeye.info,Found,URL,75,24,15,13,33,9
34,http://www.bittenbody.com,Found,URL,80,27,21,19,39,10
35,http://gymeasure.info,Found,URL,221,17,17,17,21,3
36,http://bookmarkingbank.info,Found,URL,24,7,5,5,19,3
37,http://vehiclekeeper.com,Found,URL,9,9,8,8,19,3
38,http://traffic2social.com,Found,URL,69,29,25,25,22,8
39,http://highlydark.info,Found,URL,32,14,14,14,20,3
40,http://macwindow.com,Found,URL,4,3,2,2,17,-
41,http://www.trendtycoon.com,Found,URL,20,8,8,6,21,3
42,http://promote-web-en.mac1store.com,Found,URL,2,2,1,1,16,-
43,http://rsbookmarks.com,Found,URL,22,13,12,12,19,1
44,http://pligg.foruum.com,Found,URL,1,1,1,1,14,-
45,http://www.link-it-here.com,Found,URL,25,15,14,13,48,10
46,http://www.zarticles.webatu.com,Found,URL,11,3,3,3,4,2
47,http://kcrazy.com/pligg,Found,URL,5,5,4,4,18,-
48,http://www.stockinfoway.com/register,Estimated*,URL,40*,3*,3*,3*,-*,-*
49,http://chicago.getofftheinternet.net,Found,URL,40,13,8,8,24,12
50,http://www.udanz.com,Found,URL,"7,727",58,34,28,32,13
51,http://www.mettablog.com,Found,URL,591,165,130,126,32,8
52,http://sanfrancisco.getofftheinternet...,Found,URL,14,9,7,7,24,12
53,http://montreal.getofftheinternet.ca,Found,URL,2,2,1,1,37,8
54,http://nanoguru.org/nanoworld,Found,URL,2,2,1,1,21,6
55,http://www.tiltzero.com,Found,URL,574,48,34,31,32,17
56,http://overflowlegal.com,Found,URL,377,80,58,58,28,27
57,http://russianwomen.100webspace.net,Found,URL,9,7,4,4,-,-
58,http://www.bookmarkingposter.info,Found,URL,8,4,4,2,16,3
59,http://67.22.204.229,Estimated*,URL,40*,3*,3*,3*,-*,-*
60,http://directorysky.com,Found,URL,34,17,15,15,20,1
61,http://pqrnews.com,Found,URL,872,116,79,74,33,15
62,http://valaipookkal.com,Found,URL,369,39,31,30,23,17
63,http://definisi.net,Found,URL,"8,961",131,61,58,30,17
64,http://www.bagiurl.com,Found,URL,346,53,34,31,22,4
65,http://www.usajobs.am,Found,URL,13,10,9,7,19,3
66,http://bookmarkocean.com,Found,URL,108,53,30,30,23,4
67,http://www.talktoyourpresident.com,Found,URL,6,4,3,3,28,2
68,http://lateststory.net,Found,URL,60,27,21,21,34,7
69,http://imreadingit.com,Found,URL,38,16,13,13,20,3
70,http://bookmarkdevil.com,Found,URL,274,82,60,60,26,20
71,http://www.trustndeal.net,Found,URL,54,26,19,19,27,10
72,http://bookmark.todaysportsworld.com,Found,URL,3,3,2,2,17,-
73,http://dailyklix.com,Found,URL,37,20,18,18,41,19
74,http://blogs.swonpy.de,Found,URL,-,-,-,-,-,-
75,http://www.jhaphi.com,Found,URL,1,1,1,1,14,-
76,http://www.wbeeball.com,Found,URL,73(1 / -),39(1 / -),32,30,23,20
77,http://favshare.net,Found,URL,441,63,55,50,26,10
78,http://dig.gr,Found,URL,"1,399",95,84,84,50,17
79,http://www.designpoke.com,Found,URL,618(2 / -),66(1 / -),58,54,26,12
80,http://www.tophowto.com,Found,URL,32,12,8,6,19,3
81,http://www.healthbuzzing.com,Found,URL,27,15,13,12,20,2
82,http://www.flockee.com,Found,URL,"1,156(8 / -)",31(3 / -),26,24,39,12
83,http://submitanewstory.info,Found,URL,1,1,1,1,14,-
84,http://www.submitanews.info,Found,URL,8,6,5,3,17,3
85,http://stepfrank.com,Found,URL,141,26,13,13,28,3
86,http://www.raidx.us,Found,URL,"15,076",5,2,2,34,6
87,http://scenariostory.com,Found,URL,144,14,14,14,31,4
88,http://bclick.gonoow.com,Found,URL,24,6,5,5,18,-
89,http://www.healthguynews.info,Found,URL,"15,076",5,2,2,31,6
90,http://www.vocalmanian.com,Found,URL,45,12,9,7,18,9
91,http://link.theislamicsite.info,Found,URL,"8,385",13,10,10,29,6
92,http://avinai.com,Found,URL,39,22,19,19,21,3
93,http://digwe.156fanli.com,Found,URL,1,1,1,1,14,-
94,http://dseoworld.com,Found,URL,67,22,16,16,21,8
95,http://www.anongayon.com,Found,URL,4,4,4,2,16,3
96,http://zrrs.info,Found,URL,31,16,15,15,20,2
97,http://zoompost.info,Found,URL,108,45,38,38,39,17
98,http://yourconexion.com,Found,URL,4,4,3,3,17,-
99,http://yoogr.com/register,Found,URL,1,1,1,1,35,13
100,http://deutschelinkliste.de,Found,URL,1,1,1,1,14,-
101,http://www.yogaclothesforwomenuk.info,Found,URL,26,13,12,10,20,3
102,http://www.xxx.com.ng,Found,URL,1,1,1,1,-,-
103,http://www.xpblogger.com,Found,URL,160,26,22,20,21,8
104,http://xdigo.com,Found,URL,16,11,10,10,26,6
105,http://www.zrqa.com/news,Found,URL,13,12,9,9,37,10
106,http://www.zoomgirl.info,Found,URL,16,8,7,5,18,3
107,http://yourwiz.com,Found,URL,18,7,6,6,19,-
108,http://www.yoursbookmarks.com,Found,URL,269,57,46,44,33,13
109,http://www.yourgreatlinks.com,Found,URL,517(1 / -),71(1 / -),52,48,39,14
110,http://www.youneedahost.com/aboutface,Found,URL,4,4,3,3,36,8
111,http://yoopoke.com,Found,URL,76,18,16,16,21,3
112,http://www.yieldpoints.com,Found,URL,216,41,31,29,28,13
113,http://mobile.yemle.com,Found,URL,1,1,1,1,-,-
114,http://www.wp7sdkdev.com,Found,URL,27,13,13,11,20,3
115,http://www.wooba.info,Found,URL,139,29,21,19,33,11
116,http://www.wikran.co.cc/digg,Estimated*,URL,40*,3*,3*,3*,-*,-*
117,http://www.wikilink.us,Found,URL,"1,313",130,85,80,46,14
118,http://www.wickedmarks.com,Found,URL,590,103,74,69,27,15
119,http://www.werbopbop.com/r,Estimated*,URL,40*,3*,3*,3*,-*,-*
120,http://www.welinkyou.net,Found,URL,"1,143",132,117,105,32,20
121,http://www.weddingmarks.com,Found,URL,121,30,25,23,22,4
122,http://www.weaveman.info,Found,URL,76,31,25,22,31,8
123,http://we2gather.com/register,Found,URL,1,1,1,1,22,8
124,http://w3pagemarks.com,Found,URL,54,30,27,27,23,3
125,http://w3bookmarks.com,Found,URL,72,32,30,30,23,6
126,http://www.votepaul2012.net,Found,URL,24,12,11,9,20,3
127,http://www.votalanotizia.com,Found,URL,17,9,9,9,35,7
128,http://virality.co.il,Found,URL,2,2,1,1,16,-
129,http://www.villemoney.com,Found,URL,176,24,17,15,34,9
130,http://www.videogayboy.com,Found,URL,17,9,8,8,19,13
131,http://vazak.com,Found,URL,28,19,17,17,20,3
132,http://www.paisapaisa.tk,Found,URL,12,4,4,4,18,1
133,http://pagesocial.com,Found,URL,187,79,54,54,35,16
134,http://www.pagearticles.uphero.com,Found,URL,12,4,4,4,-,-
135,http://padmarket.com,Found,URL,23,10,10,10,20,-
136,http://ouct.org,Found,URL,7,7,7,7,21,3
137,http://opentags.in,Found,URL,283,57,40,38,23,6
138,http://www.one-way.in,Found,URL,15,7,7,7,20,5
139,http://onestopbookmarks.com,Found,URL,606,132,99,98,28,10
140,http://www.onearticles.site90.com,Found,URL,10,3,3,3,3,2
141,http://omgrobots.net,Found,URL,67,32,25,25,26,8
142,http://noticias.universidades24.com,Found,URL,23,6,2,2,27,8
143,http://www.noter.ca,Found,URL,186,11,11,9,19,5
144,http://note.29s.org,Found,URL,7,5,4,4,16,3
145,http://norforum.com,Found,URL,24,16,14,14,40,9
146,http://noms-domaine.be,Found,URL,74,22,20,20,38,12
147,http://ninetythrees.com/backstage,Found,URL,3,3,2,2,28,19
148,http://niemozliwe.com,Found,URL,18,15,11,11,20,7
149,http://nicebookmarks.in,Found,URL,52,10,9,9,19,1
150,http://news-up.info,Found,URL,116,34,29,29,30,8
1,http://newsjournal.mobi,Found,URL,354,58,46,46,23,3
2,http://www.news.nchorsenews.com,Found,URL,14,6,6,6,19,3
3,http://news.likepost.com,Found,URL,2,1,1,1,26,7
4,http://news.epakistan.com,Found,URL,4,3,2,2,17,-
5,http://news.blogectory.com,Found,URL,15,13,10,10,19,8
6,http://newbookmark.tk,Found,URL,3,2,2,2,16,-
7,http://natya.dailylib.com,Found,URL,1,1,1,1,16,-
8,http://namebookmarks.info,Found,URL,31,16,16,16,32,6
9,http://nairobicounty.com,Found,URL,27,14,14,14,20,-
10,http://nairobicitycounty.com,Found,URL,6,2,2,2,16,-
11,http://www.mysquidoo.info,Found,URL,20,7,7,5,17,3
12,http://mynews.mychinab2b.com,Found,URL,"13,081",20,15,15,33,8
13,http://mygreek.info,Found,URL,416,102,83,75,27,10
14,http://myevc.com,Found,URL,23,18,15,15,19,-
15,http://mycrappystatus.com,Found,URL,74,13,13,13,19,1
16,http://www.mycoachinghub.com,Found,URL,3,3,2,2,17,-
17,http://my-burroughs.com,Found,URL,920,42,33,33,27,13
18,http://mybookmarking.eu.org,Found,URL,1,1,1,1,-,-
19,http://my313.net,Found,URL,131,9,9,9,19,2
20,http://mwoat.com,Found,URL,43,18,17,17,21,3
21,http://musictime.netne.net,Found,URL,4,3,3,3,18,4
22,http://musicsaga.com,Found,URL,50,21,20,20,25,18
23,http://musicranker.freeiz.com/pligg,Estimated*,URL,40*,3*,3*,3*,-*,-*
24,http://music-ii.org,Found,URL,3,3,2,2,24,-
25,http://musicdc.com/listings,Estimated*,URL,40*,3*,3*,3*,-*,-*
26,http://www.mundorunning.cl/app,Found,URL,4,4,1,1,16,-
27,http://mozanews.com,Found,URL,51,31,21,21,35,11
28,http://moss2007.org.uk,Found,URL,18,12,11,11,30,8
29,http://mos.qui.to/pligg,Found,URL,4,3,2,2,17,-
30,http://moreblogtraffic.org,Found,URL,8,8,8,8,39,6
31,http://mooiq.com,Found,URL,24,14,13,13,22,8
32,http://monsterbookmarks.info,Found,URL,83,43,36,36,34,11
33,http://momswapshop.com,Found,URL,1,1,1,1,14,-
34,http://mktfan.com,Found,URL,"20,556(7 / -)",221(1 / -),173,158,44,28
35,http://mistyrose.w3bookmarks.com,Found,URL,8,5,4,4,35,-
36,http://mismus.com,Found,URL,41,17,16,16,21,5
37,http://usgambians.com/usg,Found,URL,3,3,3,3,16,-
38,http://www.ursecond.com,Found,URL,151,46,36,34,38,13
39,http://urlsbang.com,Found,URL,116,24,22,22,21,3
40,http://www.urcripton.com,Found,URL,154,47,38,36,37,12
41,http://uplinkplus.com,Found,URL,207,15,14,14,21,3
42,http://www.ufiles.info,Found,URL,154,23,18,16,28,7
43,http://twitnow.net,Found,URL,30,17,17,17,21,3
44,http://twelling.com,Found,URL,36,21,20,20,22,3
45,http://tubevb.com,Found,URL,12,10,8,8,19,3
46,http://www.trulili.com,Found,URL,138,47,28,26,22,3
47,http://www.troteando.com,Found,URL,17,5,5,5,29,16
48,http://www.troov.fr/pligg,Found,URL,3,3,2,2,24,3
49,http://www.trendydigg.com,Found,URL,64,16,15,12,20,3
50,http://www.traffic-exchange-resource.com,Found,URL,27,12,11,9,24,3
51,http://www.timepixel.net/register,Found,URL,3,3,3,3,22,9
52,http://www.tiendas-magento.com,Found,URL,"1,089",14,10,8,31,18
53,http://www.tianmaopub.com,Found,URL,20,12,11,9,20,3
54,http://therightfeed.com,Found,URL,36,24,20,20,21,8
55,http://www.therankseo.com,Found,URL,"1,942",8,7,6,19,2
56,http://www.theglobalpress.com/live,Found,URL,1,1,1,1,34,5
57,http://techives.com,Found,URL,2,2,2,2,16,-
58,http://tanninbed.com,Found,URL,32,16,16,16,20,3
59,http://tamilbuzz.com,Found,URL,26,10,7,7,19,1
60,http://www.taiwanwebsites.com,Found,URL,"1,508",64,52,45,27,8
61,http://www.t0b.info,Found,URL,110,54,40,37,24,7
62,http://www.sydneyfamily.com.au,Found,URL,12,4,3,3,31,3
63,http://svigg.com,Found,URL,45,14,13,13,21,3
64,http://www.super-funny.com,Found,URL,4,4,2,2,20,3
65,http://about.super-funny.com,Found,URL,1,1,1,1,15,-
66,http://submit-link4u.net,Found,URL,40,22,21,21,34,12
67,http://www.submit-link4u.info,Found,URL,133,28,21,18,21,5
68,http://www.submit-link.info,Found,URL,"1,379",175,149,141,33,20
69,http://www.submit.lettoknow.com,Found,URL,19,9,8,8,35,4
70,http://www.strainlinks.com,Found,URL,139,41,35,33,27,13
71,http://stockbookmark.com,Found,URL,40,16,16,16,21,3
72,http://stirnews.com,Found,URL,139,26,21,21,22,9
73,http://www.stickybookmark.info,Found,URL,29,14,12,10,20,3
74,http://srfee.com,Found,URL,15,12,11,11,19,3
75,http://sqlanguage.com,Found,URL,4,3,2,2,21,3
76,http://www.spururself.com,Found,URL,166,43,35,33,34,13
77,http://spreeworld.com,Found,URL,7,4,4,4,17,3
78,http://sporblogger.com,Found,URL,44,21,19,19,22,3
79,http://www.spiffysocialbookmarks.com,Found,URL,354,71,51,43,27,7
80,http://www.spiele36.com,Found,URL,1,1,1,1,14,-
81,http://www.specialbookmark.com,Found,URL,"76,168",19,11,8,29,6
82,http://spasmecentrum.comoj.com,Found,URL,12,7,6,6,19,-
83,http://www.sparkinfosys.com/social-bo...,Found,URL,36,14,9,9,30,14
84,http://sosyalimlemez.info,Found,URL,24,11,11,11,19,3
85,http://sosyalimlemex.info,Found,URL,9,7,7,7,18,3
86,http://www.sosyal-imleme.in,Found,URL,10,4,4,4,35,4
87,http://sociobash.com,Found,URL,24,14,13,13,19,3
88,http://www.socialbookmarkingsitelist.com,Found,URL,"40,111",13,11,9,36,18
89,http://social-bookmarking-site.info,Found,URL,8,6,6,6,18,3
90,http://www.social-bookmarkinglist.info,Found,URL,70,32,27,25,22,3
91,http://www.socialbookmarkingdirectory...,Found,URL,"6,293",25,12,10,35,9
92,http://www.socialbookmarking-1.com,Found,URL,"2,068",22,11,9,27,12
93,http://socialbookmark4u.info,Found,URL,11,8,6,6,19,3
94,http://snapshared.com/index,Found,URL,3,3,1,1,17,10
95,http://smilebakery.com,Found,URL,18,11,8,8,19,-
96,http://www.smartbookmarks.info,Found,URL,19,11,10,8,23,3
97,http://www.slideme.info,Found,URL,12,7,5,5,33,7
98,http://skanksnpickles.com/pligg,Found,URL,5,4,3,3,20,2
99,http://www.siteszones.com,Found,URL,136,39,31,29,35,14
100,http://www.sitesping.com,Found,URL,162,41,33,31,35,13
101,http://www.sitesparking.com,Found,URL,198,51,39,37,35,13
102,http://www.sitesgravity.com,Found,URL,144,41,33,30,42,13
103,http://www.sitesforlink.com,Found,URL,199,48,34,32,24,13
104,http://www.sitesbar.com,Found,URL,102(1 / -),40(1 / -),33,30,25,13
105,http://www.site4alien.com,Found,URL,150,46,36,32,25,13
106,http://simplelifelinks.com,Found,URL,31,18,16,16,23,12
107,http://simple-bookmark.info,Found,URL,29,13,11,11,19,3
108,http://silverrevolucion.com,Found,URL,4,4,4,4,17,3
109,http://signet-memo.ca,Found,URL,37,18,17,17,34,12
110,http://www.siamfind.com,Found,URL,"2,398(1 / -)",9(1 / -),9,9,28,17
111,http://www.shopindeals.com,Found,URL,73,17,15,14,22,8
112,http://share-a-porn.com,Found,URL,26,7,7,6,19,3
113,http://www.sexyscoop.com,Found,URL,43,20,15,14,36,8
114,http://www.seluler.co,Found,URL,21,10,9,7,19,4
115,http://www.scienceandjobs.com,Found,URL,64,30,18,16,20,5
116,http://salernoonline.net,Found,URL,210,25,21,21,22,9
117,http://www.rubyriver.info,Found,URL,61,26,20,18,33,9
118,http://rollparks.co.uk,Found,URL,8,7,6,6,18,3
119,http://www.rolep.co,Found,URL,9,3,3,3,17,2
120,http://riseintop.com,Found,URL,64,22,21,21,22,3
121,http://www.redranks.com,Found,URL,487,29,26,23,26,8
122,http://www.recentbookmarking.info,Found,URL,18,7,7,5,18,3
123,http://www.readybookmark.com,Found,URL,164,53,40,38,31,13
124,http://www.rdsns.com/pligg,Estimated*,URL,40*,3*,3*,3*,-*,-*
125,http://www.quoteee.com,Found,URL,"6,491",42,38,36,32,16
126,http://www.qiiko.com,Found,URL,60,27,20,18,27,12
127,http://www.qcomprar.com/idf,Estimated*,URL,40*,3*,3*,3*,-*,-*
128,http://www.propellerd.com,Found,URL,275,105,67,61,26,12
129,http://www.projobspot.com,Found,URL,28,15,15,13,41,8
130,http://prasidh.com,Found,URL,26,13,13,13,20,3
131,http://www.portugal-linha.net,Found,URL,92,26,22,20,36,32
132,http://pornaffiliatereview.com,Found,URL,18,7,5,5,18,3
133,http://www.pofex.com,Found,URL,344,45,32,30,56,13
134,http://www.podgee.com,Found,URL,17,10,9,7,19,3
135,http://www.podcastlol.com/pligg,Estimated*,URL,40*,3*,3*,3*,-*,-*
136,http://pligg.neolets.com,Found,URL,1,1,1,1,14,-
137,http://www.pligg.iinclude.com,Found,URL,15,7,7,7,19,3
138,http://pligg.efgstl.com,Found,URL,2,2,2,2,16,-
139,http://www.placetolink.com,Found,URL,206,65,53,51,37,13
140,http://pinsocialhub.com,Found,URL,61,22,21,21,21,3
141,http://www.pingdigg.com,Found,URL,364,29,26,24,30,25
142,http://www.phpost-it.com,Found,URL,17,9,8,6,19,3
143,http://phanganmedia.com/info,Found,URL,61,29,25,25,22,-
144,http://www.perfectlinkbuildingfirms.com,Found,URL,4,4,4,2,16,3
145,http://www.pages-profondes.net,Found,URL,24,10,9,8,22,7
146,http://oyewebsite.com,Found,URL,32,14,14,14,20,4
147,http://www.oxytheme.com/ExpandedList/3,Found,URL,3,2,2,2,25,1
148,http://www.outbuildings.org,Found,URL,15,6,5,5,17,1
149,http://osesyarismasi.net,Found,URL,15,9,9,9,18,3
150,http://www.ophee.com,Found,URL,94,29,23,21,36,16
1,http://www.operationbedbug.com/nyc,Estimated*,URL,40*,3*,3*,3*,-*,-*
2,http://www.openlivelinks.com,Found,URL,331,55,42,40,26,13
3,http://www.okupy.com,Found,URL,82,20,19,16,28,3
4,http://www.octamoon.info,Found,URL,77,29,23,21,30,8
5,http://www.occupyamericaprotests.com,Found,URL,73,7,6,4,26,6
6,http://www.noticiasdeporte.info,Found,URL,22,13,13,11,20,3
7,http://noticiaporno.com,Found,URL,"4,467",16,14,14,20,8
8,http://www.nonprofitbookmarking.com,Found,URL,11,4,4,4,17,2
9,http://www.nie-polecamy.pl,Found,URL,"18,820(205 / -)",637(6 / -),358,321,41,9
10,http://www.newznext.com,Found,URL,24,9,8,6,18,3
11,http://www.newspad.de,Found,URL,191,24,19,17,21,9
12,http://www.newskick.de,Found,URL,"2,617,803(545 / -)","2,597(2 / -)","1,470","1,041",51,35
13,http://newscaping.com,Found,URL,50,27,21,21,23,3
14,http://www.newsblended.com,Found,URL,"2,402",17,15,13,24,8
15,http://www.news4vn.com|,Estimated*,URL,40*,3*,3*,3*,-*,-*
16,http://networkofdiscovery.com/pligg,Found,URL,3,3,2,2,17,-
17,http://www.netimleme.in,Found,URL,14,6,5,5,36,11
18,http://neonsuper.com,Found,URL,54,26,23,23,22,4
19,http://www.necology.jp,Found,URL,29,12,11,9,42,3
20,http://www.naturalrelief.eu,Found,URL,22,3,1,1,25,11
21,http://www.naijabookofjoke.com,Found,URL,25,8,7,6,19,4
22,http://www.myventury.com,Found,URL,109,45,36,32,35,13
23,http://www.mystaridea.com,Found,URL,50,10,7,5,18,3
24,http://www.mysocialflix.com,Found,URL,443,33,28,26,34,9
25,http://www.mylinksgallery.com,Found,URL,39,19,18,16,21,5
26,http://mydofollowlink.com,Found,URL,87,20,19,19,22,8
27,http://www.mybookmark.tk,Found,URL,14,7,6,4,18,3
28,http://www.mybestbookmarking.info,Found,URL,18,7,7,5,18,3
29,http://murasu.in,Found,URL,90,25,20,20,22,3
30,http://www.mudandmud.info,Found,URL,58,25,18,16,39,13
31,http://hgh.la,Found,URL,"17,117",384,234,224,44,18
32,http://www.movezu.info,Found,URL,62,28,22,20,38,10
33,http://www.moverscommunity.com/mbookm...,Estimated*,URL,40*,3*,3*,3*,-*,-*
34,http://mouvement.tv,Found,URL,511,57,40,40,33,18
35,http://morethanaspoonfull.com,Found,URL,20,14,12,12,20,3
36,http://www.monsterout.info,Found,URL,62,28,22,20,38,8
37,http://money-central.net,Found,URL,48,26,23,23,32,10
38,http://momsbuys.com/deals,Found,URL,4,3,1,1,16,-
39,http://www.mohak.in/pligg,Estimated*,URL,40*,3*,3*,3*,-*,-*
40,http://www.mobabon.com,Found,URL,28,13,11,9,34,7
41,http://www.mlyuk.com,Found,URL,436,50,43,41,31,13
42,http://www.mlfi.info,Found,URL,99,23,17,15,36,9
43,http://www.media-finder.org,Found,URL,"32,979",20,17,15,32,24
44,http://www.markthelink.com,Found,URL,125,46,35,33,27,13
45,http://loansforleads.co.uk,Found,URL,39,19,18,18,35,8
46,http://www.linkz.co.il,Found,URL,320,29,26,25,23,8
47,http://www.linky.pr-clanky.com,Found,URL,61,22,20,20,31,8
48,http://linkstutor.com,Found,URL,27,12,11,11,19,3
49,http://www.linkstress.com,Found,URL,147,47,32,30,37,13
50,http://www.linksstumble.com,Found,URL,141,59,42,40,37,13
51,http://www.linksreddit.com,Found,URL,181,60,46,44,40,13
52,http://www.linkspropeller.com,Found,URL,193,55,42,39,29,14
53,http://linksplurk.com,Found,URL,72,18,17,17,21,3
54,http://www.linksmultiply.com,Found,URL,584,129,85,83,39,15
55,http://www.linksie.de,Found,URL,55,23,22,20,21,10
56,http://www.linksfaves.com,Found,URL,209,54,42,40,36,13
57,http://www.linksdigg.com,Found,URL,189,57,44,42,33,13
58,http://www.linksdelicious.com,Found,URL,215,63,50,47,34,13
59,http://www.linksbookmark.com,Found,URL,311,51,42,38,34,13
60,http://www.linksatall.com,Found,URL,231,50,40,37,29,13
61,http://links2share.com,Found,URL,25,18,16,16,21,3
62,http://www.link-publisher.com,Found,URL,18,12,11,9,20,3
63,http://www.linkkoo.com,Found,URL,"1,650",26,18,16,29,12
64,http://www.linking4ever.com,Found,URL,145,52,41,39,32,13
65,http://www.lhzyy.net,Found,URL,38(- / 2),19(- / 1),18,16,21,3
66,http://www.letdofun.info,Found,URL,75,31,26,24,36,12
67,http://www.lakeout.info,Found,URL,64,26,21,19,38,8
68,http://www.kwoff.com|6,Estimated*,URL,40*,3*,3*,3*,-*,-*
69,http://ns1.kwoff2.swiftdns.com.au,Found,URL,2,2,1,1,16,-
70,http://ftp.kwoff.com,Found,URL,6,5,2,2,20,8
71,http://111.67.1.167,Estimated*,URL,40*,3*,3*,3*,-*,-*
72,http://kvadrati.info,Found,URL,48,25,19,19,21,5
73,http://www.knoom.com,Found,URL,33,16,15,13,20,4
74,http://www.knil.it,Found,URL,60,31,29,28,31,17
75,http://www.klivio.de,Found,URL,52,31,27,25,36,8
76,http://www.klivio.com,Found,URL,137,31,25,23,30,13
77,http://www.klickrap.de/register,Found,URL,5,3,2,2,17,1
78,http://www.klicknews.com,Found,URL,89,30,24,21,36,19
79,http://kledy.eu,Found,URL,54,26,21,20,27,3
80,http://klamath.cc,Found,URL,7,6,6,6,18,3
81,http://www.kingpunk.co,Found,URL,1,1,1,1,14,-
82,http://www.kiefit.com,Found,URL,314,106,79,74,27,19
83,http://keyspot.co,Found,URL,15,11,9,9,19,3
84,http://kaavaa.com,Found,URL,101,20,17,17,21,5
85,http://johnmccrank.com,Found,URL,44,16,15,15,21,3
86,http://jobsbookmarkingsite.info,Found,URL,10,4,3,3,17,-
87,http://www.jabbermark.com,Found,URL,36,19,18,16,21,3
88,http://www.iphonefanclub.com/register,Found,URL,9,6,5,5,17,1
89,http://infolinc.nl/pligg,Found,URL,2,2,1,1,20,-
90,http://info-gambling.co.uk,Found,URL,31,14,12,12,20,3
91,http://www.info2web.org,Found,URL,75,47,43,40,24,23
92,http://www.infernolife.info,Found,URL,210,24,19,16,31,8
93,http://induced.info,Found,URL,32,14,14,14,21,4
94,http://imperium.sk,Found,URL,28,18,15,15,20,3
95,http://www.imoment.info,Found,URL,65,27,21,19,29,8
96,http://imod.pl/blogi,Estimated*,URL,40*,3*,3*,3*,-*,-*
97,http://www.imliyorum.in,Found,URL,11,5,5,5,35,5
98,http://imlex.net,Found,URL,158,13,12,12,20,3
99,http://imleriz.info,Found,URL,3,3,3,3,16,3
100,http://www.imlemey.info,Found,URL,16,8,8,6,32,4
101,http://www.imlemev.info,Found,URL,12,5,5,5,32,5
102,http://www.imlemet.info,Found,URL,12,4,4,4,31,8
103,http://www.imlemenedir.in,Found,URL,14,4,4,4,36,5
104,http://imlemem.info,Found,URL,20,2,2,2,16,-
105,http://imlemej.info,Found,URL,3,3,3,3,16,-
106,http://www.imlemeh.info,Found,URL,13,5,4,4,33,3
107,http://www.imleme1.in,Found,URL,19,8,7,5,34,3
108,http://imlel.info,Found,URL,3,3,3,3,17,3
109,http://www.imle.tk,Found,URL,63,24,23,20,24,13
110,http://www.imfu.net,Found,URL,"10,986",94,88,83,26,3
111,http://www.huisby.com/selfregister.php,Found,URL,5,3,2,2,18,1
112,http://www.hollywoodstarshowcase.com/...,Estimated*,URL,40*,3*,3*,3*,-*,-*
113,http://www.holdsilent.info,Found,URL,273,21,15,13,37,8
114,http://heresthesite.com,Found,URL,98,14,12,12,20,3
115,http://herestheblog.com,Found,URL,37,15,14,14,21,3
116,http://hdhound.com,Found,URL,78,22,21,21,22,4
117,http://www.gvbookmarks.com,Found,URL,"2,976",52,34,31,35,7
118,http://gotrademart.com,Found,URL,69,32,22,22,22,3
119,http://www.godofollow.com,Found,URL,25,7,6,6,19,5
120,http://www.glutenfreenews.net,Found,URL,19,9,7,6,18,1
121,http://globaldomainsnews.com,Found,URL,35,15,14,14,21,3
122,http://globaldomainnews.com,Found,URL,3,3,3,3,16,-
123,http://www.getsawed.info,Found,URL,58,24,18,16,35,8
124,http://genialbookmarkingsite.info,Found,URL,5,5,5,5,18,3
125,http://generousmarks.com,Found,URL,45,18,17,17,22,5
126,http://www.gameslap.net,Found,URL,14,9,8,6,19,3
127,http://www.gamblingnewsnetwork.com,Found,URL,312,202,78,27,28,16
128,http://www.galeriapublica.com,Found,URL,392,28,24,21,30,12
129,http://www.frostbiten.info,Found,URL,66,29,21,19,41,8
130,http://www.free-seo-directory-list.com,Found,URL,20,11,11,9,37,3
131,http://freeadvertisingonline.in,Found,URL,55,23,14,14,24,2
132,http://www.foxfire4.com,Found,URL,50,19,18,16,27,12
133,http://www.fossilpark.info,Found,URL,62,26,19,17,33,9
134,http://www.footypage.com,Found,URL,12,5,4,4,17,2
135,http://www.foggyforest.info,Found,URL,79,27,18,16,36,8
136,http://www.xn--frsata-p9a.com,Found,URL,1,1,1,1,14,-
137,http://www.financialsouk.com/pligg,Found,URL,-,-,-,-,36,6
138,http://financenewstip.com,Found,URL,4,4,3,3,17,3
139,http://federalcriminallawyers.info,Found,URL,1,1,1,1,14,-
140,http://www.fabulositybookmarks.com,Found,URL,581,92,70,64,26,11
141,http://www.everytimelinks.com,Found,URL,241,63,47,44,36,15
142,http://www.eventwink.com,Found,URL,52,7,6,6,18,4
143,http://www.eticonews.it,Found,URL,"2,893",19,14,13,27,18
144,http://www.eternitylinks.com,Found,URL,164,49,35,33,36,15
145,http://www.erotika.szex-mentor.hu,Found,URL,17,4,4,4,17,3
146,http://equefacemos.com/equepensamos,Estimated*,URL,40*,3*,3*,3*,-*,-*
147,http://www.elsabado.cl/pligg,Found,URL,4,3,3,3,17,-
148,http://www.elocksmiths.biz,Found,URL,10,4,3,3,17,2
149,http://www.e-imleme.in,Found,URL,1,1,1,1,37,7
150,http://www.e-imle.in,Found,URL,32,14,13,11,37,6
1,http://www.eduardofernandez.net/home4...,Found,URL,1,1,1,1,38,12
2,http://www.ecigdailynews.com,Found,URL,11,3,3,3,23,2
3,http://www.easytolinks.com,Found,URL,193,64,41,39,35,15
4,http://www.easymash.com/index,Found,URL,35,16,10,10,51,27
5,http://www.easeorbit.info,Found,URL,120,32,24,22,41,8
6,http://dtcbackup.com,Found,URL,68,28,27,27,23,4
7,http://www.dsoquad.com,Found,URL,26,14,13,11,19,3
8,http://www.droidblast.com,Found,URL,39,17,16,14,26,4
9,http://www.drare.info,Found,URL,151,35,26,22,43,14
10,http://www.doldur.org,Found,URL,21,12,12,11,20,8
11,http://www.doctorise.com,Found,URL,22,6,6,6,19,4
12,http://www.dir168.com,Found,URL,21,11,11,9,19,3
13,http://dir.stars-box.com,Found,URL,1,1,1,1,14,-
14,http://www.dinocro.info,Found,URL,157,40,31,28,38,8
15,http://www.diigz.com|,Estimated*,URL,40*,3*,3*,3*,-*,-*
16,http://www.digg-one.fr,Found,URL,25,10,6,6,24,3
17,http://diggimania.com,Found,URL,156,35,29,28,24,18
18,http://www.diggfree.com,Found,URL,901,4,2,2,18,10
19,http://www.diggdroid.com,Found,URL,30,16,14,12,28,11
20,http://www.diggbd.com,Found,URL,36,19,18,16,30,9
21,http://designfloat.com|6,Estimated*,URL,40*,3*,3*,3*,-*,-*
22,http://www.demolabs.in/demo/pligg,Estimated*,URL,40*,3*,3*,3*,-*,-*
23,http://delicious123.com,Found,URL,123,43,31,31,23,6
24,http://daddyfresh.com,Found,URL,51,24,21,21,22,3
25,http://76.73.76.229,Estimated*,URL,40*,3*,3*,3*,-*,-*
26,http://cruber.com,Found,URL,36,18,17,17,21,9
27,http://crocodilenail.info,Found,URL,75,29,27,27,32,8
28,http://www.crbone.info,Found,URL,188,35,25,22,37,16
29,http://www.crazyaboutdomains.com,Found,URL,158,35,30,28,30,21
30,http://www.conexionamos.com,Found,URL,"1,023",21,18,15,29,4
31,http://www.comoperderpesocomiendo.com,Found,URL,19,10,9,7,19,3
32,http://coalharbournhc.com,Found,URL,400,44,40,37,24,11
33,http://www.cmns23.com/pligg,Estimated*,URL,40*,3*,3*,3*,-*,-*
34,http://chassler.com,Found,URL,10,7,7,7,19,3
35,http://www.casehall.info,Found,URL,214,31,25,23,37,9
36,http://bukmarkit.com,Found,URL,163,47,36,36,24,5
37,http://www.breakchef.com,Found,URL,"3,410",12,8,8,26,15
38,http://braniewo.net,Found,URL,105,32,28,28,22,6
39,http://braindry.com/pligg,Estimated*,URL,40*,3*,3*,3*,-*,-*
40,http://www.bootsnall.com/events|6,Estimated*,URL,40*,3*,3*,3*,-*,-*
41,http://www.booman.info,Found,URL,130,30,21,19,37,11
42,http://bookmarkwebsites.co.uk,Found,URL,103,35,27,27,23,8
43,http://bookmarksqueeze.com,Found,URL,71,33,28,28,23,11
44,http://bookmarkseo.in,Found,URL,79,11,11,11,19,-
45,http://www.bookmarks24.net,Found,URL,218,47,40,35,24,4
46,http://www.bookmarkingsocialsites.com,Found,URL,78,20,15,13,21,3
47,http://www.bookmarkingplace.com,Found,URL,78,23,18,16,30,14
48,http://www.bookmarkingcenter.com,Found,URL,13,4,3,3,17,2
49,http://www.bookmarking.net.in,Found,URL,67,16,15,13,22,6
50,http://www.bookmarkimleturk.in,Found,URL,19,11,10,8,36,16
51,http://www.bookmark-favoriten.de,Found,URL,"3,497",50,44,39,33,26
52,http://www.bookmark.somesnack.com,Found,URL,16,8,7,7,19,8
53,http://www.bookiz.de,Found,URL,26,11,11,9,43,8
54,http://social.boardhub.org,Found,URL,12,9,7,7,19,8
55,http://www.blogowe.pl,Found,URL,"47,566",22,17,17,28,19
56,http://bloghike.com,Found,URL,39,12,10,10,20,3
57,http://www.bizbeep.net,Found,URL,20,8,8,6,18,3
58,http://www.bitper.com,Found,URL,"38,402(1 / -)",596(1 / -),286,253,37,10
59,http://www.biteharvest.com,Found,URL,126,30,23,21,31,9
60,http://www.biohacker.com.au,Found,URL,59,20,16,16,46,16
61,http://www.bigpiranha.info,Found,URL,91,31,23,21,42,10
62,http://www.bigbouche.com,Found,URL,17,9,9,7,27,4
63,http://www.betortured.com,Found,URL,97,35,27,24,42,10
64,http://beni-dinleyin.com,Found,URL,29,17,16,16,31,7
65,http://www.belesimle.in,Found,URL,14,8,7,5,29,4
66,http://belesbookmarking.in,Found,URL,6,6,6,6,29,5
67,http://www.beiguanzhu.com,Found,URL,10,9,9,7,20,3
68,http://www.bedava-book-marking.in,Found,URL,16,8,7,5,29,3
69,http://www.baguio.biz/pligg,Found,URL,68,43,39,39,24,4
70,http://backlinkdofollow.com,Found,URL,70,28,24,24,22,5
71,http://www.babbble.com,Found,URL,10,6,6,4,17,3
72,http://avlights.com,Found,URL,55,15,15,15,21,3
73,http://216.172.170.10,Estimated*,URL,40*,3*,3*,3*,-*,-*
74,http://ww.atozscan.com,Found,URL,4,4,2,2,31,3
75,http://www.asctex.com,Found,URL,63,32,27,24,22,13
76,http://asbestoslawyeralabama.info,Found,URL,6,6,6,6,18,3
77,http://www.art-bookmarks.com/pligg,Found,URL,2,2,1,1,32,15
78,http://apspc-amfpc.org/pligg,Estimated*,URL,40*,3*,3*,3*,-*,-*
79,http://www.anokimchen.site90.com,Found,URL,11,7,7,5,3,3
80,http://www.alum.surfrock66.com,Found,URL,3,1,1,1,14,1
81,http://altinfiyatlari34.com,Found,URL,3,3,3,3,17,3
82,http://www.alternateavenues.org,Found,URL,206(1 / -),62(1 / -),60,57,25,19
83,http://www.altairmedia.nl,Found,URL,78,29,18,16,21,8
84,http://www.allyearlinks.com,Found,URL,227,60,45,43,38,15
85,http://www.allpctips.org,Found,URL,46,25,24,22,23,3
86,http://www.allonlinemarketing.com/soc...,Found,URL,29,15,12,12,44,8
87,http://www.alisveristavsiye.com,Found,URL,"6,901",17,12,10,28,12
88,http://www.alfadigital.info/compartim,Found,URL,12,7,6,6,19,5
89,http://aksarayedu.net,Found,URL,76,54,18,18,22,3
90,http://www.aerobic-wellness.cz,Found,URL,38,18,16,14,21,14
91,http://www.adwordcouponfree.com,Found,URL,19,10,8,8,28,6
92,http://adeadland.com,Found,URL,61,32,28,28,24,3
93,http://add-webs.com,Found,URL,6,5,3,3,17,1
94,http://addmetoday.com,Found,URL,28,15,14,14,21,3
95,http://www.abreeder.com,Found,URL,79,35,31,29,40,9
96,http://aaigg.com/register,Estimated*,URL,40*,3*,3*,3*,-*,-*
97,http://www.8lop.net,Found,URL,29,18,17,15,21,7
98,http://www.80de20.jp,Found,URL,401,33,25,24,31,26
99,http://www.420press.com,Found,URL,51,20,14,12,37,7
100,http://www.28g.co.uk,Found,URL,395,63,55,50,25,9
101,http://vww.28g.co.uk,Found,URL,4,4,3,3,17,8
102,http://1our.com,Found,URL,71,33,26,26,23,2
103,http://www.13hq.com/pligg,Found,URL,16,10,7,7,19,-
104,http://110sol.net,Found,URL,33,14,13,13,20,3
105,http://101bilge.com,Found,URL,39,26,18,18,21,3
106,http://wpro.pl,Found,URL,3,3,3,3,17,-
107,http://wowdoicare.com,Found,URL,46,16,14,13,27,3
108,http://findhgh.com,Found,URL,"19,426",565,380,363,45,16
109,http://wowbigs.info,Found,URL,27,9,9,9,19,3
110,http://wowbig.com,Found,URL,458,38,25,25,39,7
111,http://urlscentral.com,Found,URL,"3,330",345,170,159,31,8
112,http://wourl.com,Found,URL,82,17,15,15,21,3
113,http://wildcatcorner.com/wildcatlinks,Found,URL,15,9,6,6,18,11
114,http://wikisocial.info,Found,URL,62,26,23,23,35,7
115,http://wikilinked.com,Found,URL,123,26,22,22,22,4
116,http://wii-mix.de,Found,URL,306,15,13,13,37,7
117,http://whitealder.skybookmarks.com,Found,URL,-,-,-,-,-,-
118,http://whatissocialbookmarkings.info,Found,URL,5,4,4,4,17,1
119,http://www.whatiloveaboutdetroit.com,Found,URL,16,8,7,5,19,3
120,http://www.weddingfavorsinbulk.info,Found,URL,791,26,12,11,20,2
121,http://webwinner.co.cc,Found,URL,5,3,3,3,17,-
122,http://webcollection.org,Found,URL,177,35,28,28,26,5
123,http://webbulls.net,Found,URL,"8,662",26,22,22,38,9
124,http://webbuildingnews.net/register,Found,URL,3,3,3,3,16,7
125,http://www.webalternate.com,Found,URL,33,13,10,8,20,3
126,http://wdfr.info,Found,URL,56,14,13,13,19,3
127,http://waalao.com,Found,URL,"2,173",32,29,29,24,21
128,http://w3star.de,Found,URL,96,2,2,2,17,5
129,http://w3shops.com,Found,URL,4,3,3,3,17,2
130,http://viewatl.com,Found,URL,9,5,4,4,22,3
131,http://uskype.com,Found,URL,27,17,15,15,23,12
132,http://updale.net,Found,URL,"1,654",25,25,25,29,15
133,http://uniquesocialbookmarking.com,Found,URL,104,29,22,22,23,3
134,http://ukrtor.com,Found,URL,135,57,47,46,24,3
135,http://ukmediaroom.com,Found,URL,608,105,85,83,55,16
136,http://ugandalawreview.com,Found,URL,11,6,6,6,19,1
137,http://uezz.info,Found,URL,39,19,16,16,21,3
138,http://twitbookmarks.info,Found,URL,35,12,11,11,19,3
139,http://twitbookmarking.info,Found,URL,31,11,11,11,19,3
140,http://tweet.link-commander.com,Found,URL,14,6,4,4,34,29
141,http://tudogratis.pt,Found,URL,26,10,7,7,21,10
142,http://troutmapper.com,Found,URL,2,2,1,1,30,-
143,http://trip.tutorialsbookmarks.com,Found,URL,10,4,1,1,25,2
144,http://tragedic.com,Found,URL,91,29,24,24,22,12
145,http://tracebookmarks.info,Found,URL,54,29,19,18,31,2
146,http://w.touristnews.me,Found,URL,1,1,1,1,14,-
147,http://touristnews.me,Found,URL,6,5,4,4,18,3
148,http://todaysportsworld.com,Found,URL,33,18,15,15,20,8
149,http://tipsforbusinesses.com,Found,URL,48,21,17,17,27,5
150,http://tips.curediva.com,Found,URL,1,1,1,1,14,-
1,http://timesfeed.com,Found,URL,568,87,73,70,28,6
2,http://tilehbaz.com,Found,URL,"5,291",54,44,42,25,14
3,http://founddit.com,Found,URL,"5,092",12,11,11,20,-
4,http://thiswasmygf.com,Found,URL,-,-,-,-,-,-
5,http://the-president-of-japan.harajuk...,Found,URL,4,4,3,3,17,1
6,http://theorkut.info,Found,URL,39,17,15,15,20,5
7,http://test.streamingteenporn.com,Found,URL,1,1,1,1,14,-
8,http://www.teleconferencecompanies.info,Found,URL,"61,903",49,23,21,39,13
9,http://www.tech-information.in,Found,URL,22,9,9,7,19,3
10,http://tangoclubsocial.com,Found,URL,41,25,23,23,42,9
11,http://tangobookmarking.info,Found,URL,31,11,10,10,19,3
12,http://taleempoint.net,Found,URL,97,34,32,31,32,5
13,http://takemyopinion.com,Found,URL,21,11,10,10,20,3
14,http://taggingkit.com,Found,URL,170,70,51,50,34,8
15,http://www.taamara.com,Found,URL,24,11,10,8,19,8
16,http://t2ktest.info/pligg,Estimated*,URL,40*,3*,3*,3*,-*,-*
17,http://sydney.cheaplunch.com.au,Found,URL,3,3,2,2,24,4
18,http://switchbookmarks.com,Found,URL,77,27,21,21,29,5
19,http://www.swissgourmand.ch,Found,URL,80,8,8,7,19,3
20,http://swimaround.com,Found,URL,24,16,15,15,20,3
21,http://swdev.linksanywhere.com,Found,URL,2,2,2,2,23,5
22,http://suxornot.com/register,Found,URL,5,3,2,2,40,9
23,http://superbacklinks.info,Found,URL,7,6,5,5,19,3
24,http://sunshineboy.summerhost.info,Found,URL,2,2,1,1,-,-
25,http://sundulberita.com,Found,URL,252,39,31,31,23,2
26,http://suggestmarker.com,Found,URL,62,32,26,26,22,6
27,http://suggestbookmark.info,Found,URL,112,41,34,34,23,8
28,http://submit-link4u.com,Found,URL,5,4,3,3,17,3
29,http://submit.thai-pr.net,Found,URL,309,12,9,9,34,14
30,http://submit.ruk-com.in.th,Found,URL,19,11,7,7,25,16
31,http://stripedalder.skybookmarks.com,Estimated*,URL,40*,3*,3*,3*,-*,-*
32,http://story.latestelectronickits.com,Found,URL,20,7,5,5,17,3
33,http://stories.crispinfox.com,Found,URL,26,10,8,8,19,3
34,http://stopcispa.org,Found,URL,1,1,1,1,14,-
35,http://st-louis-realestate.com,Found,URL,6,6,4,4,17,3
36,http://stin.gy/pligg,Found,URL,6,4,3,3,17,-
37,http://starringwebsites.info,Found,URL,"1,065",37,10,9,19,1
38,http://www.stardirectories.info,Found,URL,26,9,9,7,19,3
39,http://sridigg.co.cc,Found,URL,15,11,10,10,19,2
40,http://sra.my/news,Estimated*,URL,40*,3*,3*,3*,-*,-*
41,http://sporthirleso.com,Found,URL,2,2,1,1,16,-
42,http://sporthirleso.net,Found,URL,10,8,7,7,19,7
43,http://sporten.inettet.com,Found,URL,1,1,1,1,14,-
44,http://splindidmendax.com,Found,URL,22,12,12,12,24,12
45,http://spiderku.com,Found,URL,39,18,16,16,31,8
46,http://source-essence.com,Found,URL,486,13,11,11,35,5
47,http://soosle.in,Found,URL,85,14,13,13,19,5
48,http://sooperbookmarking.info,Found,URL,28,10,9,9,20,3
49,http://www.sociocomplement.info,Found,URL,18,5,5,3,17,3
50,http://socialwebber.com,Found,URL,49,31,27,27,22,11
51,http://socialweb.navcom.co.in,Found,URL,1,1,1,1,14,-
52,http://socialtags.in,Found,URL,492,39,23,23,38,12
53,http://socialoverdoze.com,Found,URL,37,19,17,17,21,3
54,http://socialbyte.info,Found,URL,70,29,25,25,22,9
55,http://www.socialbuzmarket.info,Found,URL,17,6,6,4,17,3
56,http://socialbookmarkingsitelist6.co.cc,Found,URL,1,1,1,1,14,-
57,http://socialbookmarkingsitelist.co.cc,Found,URL,1,1,1,1,-,-
58,http://socialbookmarkingsitelist4.co.cc,Found,URL,5,4,3,3,17,-
59,http://socialbookmarkingsitelist3.co.cc,Found,URL,1,1,1,1,14,-
60,http://socialbookmarkingsitelist2.co.cc,Found,URL,1,1,1,1,14,-
61,http://socialbookmarkingadda.info,Found,URL,13,7,7,7,17,1
62,http://socialbookmarking.seo4world.com,Found,URL,519,26,20,20,31,12
63,http://www.socialbookmarking.searchci...,Found,URL,11,3,3,3,17,2
64,http://social-bookmarking.karhu.com,Found,URL,2,2,2,2,16,-
65,http://socialbookmarkfree.info,Found,URL,13,8,8,8,19,1
66,http://socialbookmarkeasy.info,Found,URL,22,16,16,16,21,1
67,http://social.movieblogbg.com,Found,URL,8,6,5,5,18,13
68,http://social.linksanywhere.com/webmarks,Found,URL,5,3,2,2,23,5
69,http://social.bitu.com,Found,URL,1,1,1,1,14,-
70,http://www.sobmark.info,Found,URL,19,7,7,5,24,3
71,http://smslucu.web.id/register,Found,URL,11,9,7,7,2,7
72,http://smbprofessionalsgroup.com,Found,URL,2,2,2,2,16,8
73,http://slappost.com,Found,URL,18,7,6,6,31,-
74,http://skanklover.com,Found,URL,2,2,2,2,19,2
75,http://simulationlog.com,Found,URL,2,2,2,2,18,-
76,http://signsofheartproblems.info,Found,URL,31,15,15,15,20,3
77,http://signet-pop.ca,Found,URL,20,11,10,10,35,14
78,http://shtfnews.net,Found,URL,24,11,9,9,19,2
79,http://seohopper.com,Found,URL,61,32,26,25,41,12
80,http://iautoreview.com,Found,URL,51,4,2,2,17,-
81,http://www.seo.mobipocket.info,Found,URL,1,1,1,1,14,-
82,http://sensationbookmarking.info,Found,URL,23,6,6,6,18,3
83,http://sciwolf.com,Found,URL,48,22,20,20,21,1
84,http://scinewli.com,Found,URL,37,11,9,9,19,-
85,http://www.scenixx.com,Found,URL,26,12,11,9,20,5
86,http://www.sbookmark.net,Found,URL,17,10,10,8,19,3
87,http://sb07.childproductstore.com,Found,URL,6,4,4,4,17,4
88,http://sb.sprachenservice24.de,Found,URL,5,5,1,1,24,7
89,http://savesocialbookmarks.com,Found,URL,91,22,16,16,34,13
90,http://www.savedbookmarks.com,Found,URL,65,21,15,13,37,5
91,http://samomas.com,Found,URL,66,23,17,17,23,5
92,http://www.royalweddingpictures.com,Found,URL,22,9,8,6,19,3
93,http://www.riverviewplaces.com,Found,URL,"6,548",12,12,8,28,5
94,http://reviews.tutorialsbookmarks.com,Found,URL,3,3,2,2,32,2
95,http://rejecting.info,Found,URL,46,28,25,25,38,9
96,http://www.recomiendaesto.com,Found,URL,21,5,2,2,17,2
97,http://recipebookmarks.com,Found,URL,21,12,11,11,19,3
98,http://realescape.gr,Found,URL,41,25,21,21,24,12
99,http://realbookmarkz.com,Found,URL,64,16,13,13,23,12
100,http://readithub.com,Found,URL,57,23,20,20,21,3
101,http://razortheme.com/demo/amphitheatre,Estimated*,URL,40*,3*,3*,3*,-*,-*
102,http://rapblast.com,Found,URL,42,20,17,17,42,8
103,http://raiseormuck.com/pligg,Found,URL,11,8,6,6,18,-
104,http://www.rainbowponyrider.com,Found,URL,19,7,6,5,18,1
105,http://test2.rachelhoughton.info/test2,Estimated*,URL,40*,3*,3*,3*,-*,-*
106,http://quickbookmarks.info,Found,URL,26,9,8,8,19,3
107,http://publishbookmarks.com,Found,URL,43,21,18,18,39,5
108,http://promote.quebakano.com,Found,URL,3,2,2,2,16,-
109,http://promote.48it.com,Found,URL,1,1,1,1,-,-
110,http://www.pripser.com/worldnews,Found,URL,3,3,2,2,21,4
111,http://powerlinkings.info,Found,URL,76,25,23,23,22,3
112,http://power.power-heberg.com/pligg,Found,URL,707,15,8,7,29,21
113,http://www.portalblogs.com,Found,URL,454,19,16,14,32,9
114,http://poetamoderno.com,Found,URL,3,2,1,1,14,-
115,http://www.pliggseo.com,Found,URL,12,5,5,4,17,6
116,http://pligglog.info,Found,URL,354,2,2,2,16,-
117,http://pliggfree.webege.com,Found,URL,2,2,2,2,16,-
118,http://pligg.somsak2004.com,Found,URL,6,5,4,4,17,-
119,http://pligg.openlanak.com,Found,URL,11,7,6,6,18,3
120,http://pligg.onlineseowebservice.com,Found,URL,2,2,2,2,16,-
121,http://pligg.hy-shangdu.com,Found,URL,2,2,2,2,14,-
122,http://pligg.gruppobm.it,Found,URL,3,3,2,2,16,-
123,http://pligg.fernandodln.com,Found,URL,13,4,3,3,17,-
124,http://www.pligg.co.nu/pligg,Estimated*,URL,40*,3*,3*,3*,-*,-*
125,http://pligg.anatalk.com,Found,URL,1,1,1,1,14,-
126,http://www.plig.net23.net,Found,URL,18,7,6,4,4,3
127,http://pixelpace.com,Found,URL,134,46,33,33,23,5
128,http://www.pinterestclones.com/pinter...,Found,URL,59(4 / 1),23(3 / 1),21,21,31,9
129,http://pinsavvy.com,Found,URL,2,2,2,2,16,-
130,http://pinkpearl.skybookmarks.com,Found,URL,6,4,4,4,26,1
131,http://www.pimpbookmarks.com,Found,URL,86,22,13,11,34,7
132,http://piculu.com,Found,URL,32,16,15,15,20,3
133,http://php.tutorialsbookmarks.com,Found,URL,2,2,2,2,25,-
134,http://photoshop.tutorialsbookmarks.com,Found,URL,2,2,1,1,25,2
135,http://www.phazez.net/pligg,Estimated*,URL,40*,3*,3*,3*,-*,-*
136,http://pginsbach.info,Found,URL,25,19,18,18,22,3
137,http://personaldevelopmentlinks.com/p...,Found,URL,3,3,3,3,17,-
138,http://penguinbookmarking.info,Found,URL,35,14,12,12,20,3
139,http://pantyhosehound.com,Found,URL,25,15,13,13,20,3
140,http://palemagenta.skybookmarks.com,Found,URL,23,11,7,7,30,-
141,http://paleaqua.skybookmarks.com,Found,URL,9,4,3,3,28,10
142,http://www.misfield.com,Found,URL,1,1,1,1,14,-
143,http://miraclebookmarking.info,Found,URL,23,6,6,6,18,3
144,http://microshout.com,Found,URL,137,31,24,24,27,12
145,http://mentalmedia.freeiz.com,Found,URL,6,6,6,6,8,3
146,http://meneamexxx.com,Found,URL,"60,555",21,8,8,36,15
147,http://www.memesperu.com,Found,URL,1,1,1,1,-,-
148,http://www.mashuplinks.info,Found,URL,34,14,11,9,19,5
149,http://markurls.com,Found,URL,481,104,82,82,27,10
150,http://www.markme.gawaksha.com,Found,URL,2,2,2,2,-,-
1,http://manadoua.ro,Found,URL,29,15,12,12,20,16
2,http://maldiives.com,Found,URL,50,20,19,19,22,3
3,http://macappgallery.com,Found,URL,"33,861",21,17,17,55,10
4,http://368.losmedieros.com,Found,URL,1,1,1,1,14,-
5,http://368.www.losmedieros.com,Found,URL,1,1,1,1,14,-
6,http://linkuistic.com,Found,URL,79,27,23,23,38,7
7,http://link-to-results.com/bookmarks,Found,URL,3,3,3,3,34,6
8,http://linktofollow.com,Found,URL,"5,696",26,23,22,27,21
9,http://linksmaximizer.info,Found,URL,126,42,36,36,24,5
10,http://linkschleuder.info,Found,URL,75,17,15,15,23,12
11,http://linkingsocial.com,Found,URL,132,38,28,28,40,12
12,http://linkarena.com.ua,Found,URL,18,9,9,9,22,6
13,http://liderdelweb.com,Found,URL,84,26,23,23,42,10
14,http://www.lakepointe.biz,Found,URL,43,24,20,18,34,13
15,http://laboiteasignets.ca,Found,URL,23,11,10,10,37,7
16,http://kotone.jp/pligg,Estimated*,URL,40*,3*,3*,3*,-*,-*
17,http://konocimiento.es,Found,URL,72,22,18,18,32,8
18,http://konciertos.com,Found,URL,52,24,21,21,29,7
19,http://kommune2011.familie-begander.de,Found,URL,1,1,1,1,14,-
20,http://kittybookmarks.info,Found,URL,24,7,7,7,19,3
21,http://www.kitaba.co.cc,Found,URL,1,1,1,1,-,-
22,http://kiambucounty.org,Found,URL,23,9,9,9,20,3
23,http://khmer2.com,Found,URL,269,59,45,45,25,20
24,http://kentree.org,Found,URL,"5,081",15,13,13,31,5
25,http://kentree.de,Found,URL,2,2,1,1,16,-
26,http://justfollowthis.com,Found,URL,95,15,13,13,20,6
27,http://judgemysite.info,Found,URL,"1,058",32,5,4,17,1
28,http://www.jdtz.info,Found,URL,2,2,1,1,16,-
29,http://javascript.tutorialsbookmarks.com,Found,URL,4,4,3,3,24,7
30,http://www.jaundicesymptoms.info,Found,URL,790,27,13,12,20,2
31,http://japaneseavfree.com,Found,URL,30,14,14,14,20,4
32,http://jagodinapublic.info,Found,URL,"9,278",54,40,40,28,12
33,http://inforchaos.mobi,Found,URL,88,18,15,15,21,2
34,http://info-latina.com,Found,URL,2,2,1,1,16,-
35,http://infokilat.com,Found,URL,37,26,25,25,27,13
36,http://indofeed.net,Found,URL,94,38,33,32,32,5
37,http://indexmarks.com,Found,URL,66,32,26,26,28,5
38,http://indexlinks.eu.org,Found,URL,1,1,1,1,-,-
39,http://incosnito.com,Found,URL,37,17,14,14,21,3
40,http://imprezisko.pl,Found,URL,53,33,12,12,21,10
41,http://impexpedia.com/connect,Found,URL,6,6,5,5,27,2
42,http://imle.web.tr,Found,URL,2,2,2,2,14,-
43,http://igour.de,Found,URL,632,12,11,11,19,-
44,http://ideastation.net,Found,URL,40,16,12,12,19,10
45,http://ibookmarker.com,Found,URL,354,12,11,11,24,5
46,http://iamsinglebecause.com,Found,URL,132,17,15,15,30,8
47,http://hudson-valley-resource.com,Found,URL,36,12,11,11,21,3
48,http://www.horse-topsite.com/horse-news,Found,URL,6,3,2,2,28,25
49,http://homeimprovementgo.com,Found,URL,35,16,15,15,20,3
50,http://hidedaddy.com,Found,URL,12,9,9,9,19,3
51,http://musicnews.healthwp.com,Found,URL,1,1,1,1,14,-
52,http://movienews.healthwp.com,Found,URL,1,1,1,1,14,-
53,http://healthbits.org,Found,URL,70,16,15,13,21,3
54,http://www.healthandbeautymd.com,Found,URL,43,5,5,5,18,2
55,http://health.everyonehere.info,Found,URL,2,2,1,1,16,-
56,http://health.dailylib.com,Found,URL,1,1,1,1,14,-
57,http://headlinergame.com,Found,URL,24,11,11,11,19,3
58,http://hdcoline.csureviews.biz,Found,URL,2,2,2,2,16,-
59,http://hateroll.com,Found,URL,37,23,21,21,25,3
60,http://habara.sk,Found,URL,6,5,5,5,18,-
61,http://guiate.org,Found,URL,"8,128",36,32,31,34,20
62,http://gray.w3bookmarks.com,Found,URL,13,6,4,4,27,-
63,http://grandeurweb.com,Found,URL,70,21,18,18,21,5
64,http://grampers.net,Found,URL,55,26,24,24,42,8
65,http://gotagged.com,Found,URL,233,68,48,48,26,6
66,http://gogardenguides.com/garden-book...,Found,URL,308,33,33,33,36,28
67,http://gofreearticles.info,Found,URL,42,24,20,20,41,8
68,http://godinthecity.org/pligg,Found,URL,6,5,4,4,18,-
69,http://goanmarriage.com,Found,URL,10,8,7,7,19,2
70,http://glowthelink.com,Found,URL,112,32,20,20,35,3
71,http://globaltheories.com,Found,URL,48,23,20,20,37,19
72,http://gathersocial.com,Found,URL,"13,144",40,27,27,29,12
73,http://gamerfeeder.com,Found,URL,8,5,4,4,17,6
74,http://gainsboro.w3bookmarks.com,Found,URL,2,2,2,2,24,-
75,http://gainlinks.info,Found,URL,115,43,38,38,28,14
76,http://freshtodays.info,Found,URL,44,23,21,20,31,3
77,http://www.freshtoday.us,Found,URL,31,14,11,9,27,6
78,http://freeseobookmarks.info,Found,URL,32,9,9,9,19,3
79,http://freesearchenginesubmissions.info,Found,URL,14,7,7,7,17,1
80,http://free-samples-canada.com,Found,URL,"4,039",23,18,17,22,9
81,http://free-sample-giveaways.com/regi...,Found,URL,5,3,2,2,17,1
82,http://freebiefolks.com,Found,URL,4,4,4,4,17,3
83,http://fr.infoswebs.net,Found,URL,2,2,1,1,16,-
84,http://forumagd.com.pl,Found,URL,"4,207",3,3,3,19,9
85,http://forestgreen.w3bookmarks.com,Found,URL,5,4,4,4,18,-
86,http://forallsocial.com,Found,URL,10,6,5,5,18,3
87,http://flyerbookmarks.com,Found,URL,134,48,41,41,32,14
88,http://flstar.org,Found,URL,227,33,29,29,29,36
89,http://firebrick.w3bookmarks.com,Found,URL,3,3,3,3,25,-
90,http://financial-hub.net,Found,URL,77,39,33,33,33,9
91,http://feederzone.com,Found,URL,140,10,8,8,25,3
92,http://feedbuzz.net76.net,Found,URL,28,11,9,9,29,6
93,http://featuredbookmarks.com,Found,URL,91,33,26,26,22,11
94,http://favrr.com,Found,URL,5,5,4,4,19,1
95,http://favoriso.com,Found,URL,133,47,39,36,31,7
96,http://factometer.com,Found,URL,1,1,1,1,14,-
97,http://excellentbookmarks.com,Found,URL,34,18,15,15,44,9
98,http://evernotes.info,Found,URL,26,9,9,9,20,3
99,http://www.espalhei.com,Found,URL,76,13,12,10,20,3
100,http://escortparty.goldenmidas.net/pligg,Estimated*,URL,40*,3*,3*,3*,-*,-*
101,http://errr.com,Found,URL,64,19,18,18,26,8
102,http://w2.erfahrungsscout.com,Found,URL,2,2,1,1,16,-
103,http://voy.erfahrungsscout.com,Found,URL,2,2,1,1,16,-
104,http://erfahrungsscout.com,Found,URL,14,9,8,8,19,1
105,http://w.erfahrungsscout.com,Found,URL,2,2,1,1,16,-
106,http://epository.net/pligg,Found,URL,21,15,13,13,21,-
107,http://enterbookmarks.com,Found,URL,"31,119",30,24,24,33,7
108,http://eigosocialnews.com,Found,URL,18,8,6,6,19,7
109,http://ecomark.it,Found,URL,54,19,18,18,37,8
110,http://www.easymash.asia/index,Found,URL,658,5,4,4,31,20
111,http://duonglink.com,Found,URL,"17,335",7,6,6,19,3
112,http://dukyani.com,Found,URL,58,20,18,18,22,3
113,http://drizzlebookmarking.info,Found,URL,23,6,6,6,18,3
114,http://directory.14kate.com,Found,URL,139,17,13,13,26,10
115,http://dir.mudin.net,Found,URL,10,9,8,8,46,8
116,http://dinom.blogesite.com,Found,URL,1,1,1,1,14,-
117,http://digwe.com,Found,URL,321,85,62,62,27,20
118,http://www.diggmag.com,Found,URL,12,3,3,3,17,2
119,http://digg.hotvoice.net,Found,URL,7,6,3,3,17,-
120,http://www.digg.design-dd.com,Found,URL,4,2,2,2,16,1
121,http://digg.cmshostthailand.com,Found,URL,7,7,6,5,19,22
122,http://diariodeabusos.com,Found,URL,12,3,1,1,16,-
123,http://dev.funnal.com,Found,URL,13,8,6,6,18,3
124,http://defdeal.com,Found,URL,74,29,22,22,32,12
125,http://cristotv.tv/portal,Estimated*,URL,40*,3*,3*,3*,-*,-*
126,http://creativebookmark.com,Found,URL,39,23,18,18,21,12
127,http://crativefanpage.in,Found,URL,16,4,3,3,17,-
128,http://conspirame.com,Found,URL,36,16,15,15,21,4
129,http://conservativenewshub.com,Found,URL,104,11,11,11,21,10
130,http://catbookmarks.info,Found,URL,25,7,7,7,19,3
131,http://carmela.us,Found,URL,97,39,32,32,23,10
132,http://caribescout.com,Found,URL,41,16,16,16,21,3
133,http://buzz.lmmah.com,Found,URL,975,21,9,9,43,3
134,http://bump.im/main,Found,URL,3,3,2,2,34,12
135,http://booyaw.net,Found,URL,109,20,15,15,21,-
136,http://bookmrkstories.info,Found,URL,17,4,4,4,17,-
137,http://bookmarkyour-website.biz,Found,URL,2,2,2,2,16,-
138,http://www.bookmarkyourwebsite.biz,Found,URL,11,6,6,4,19,3
139,http://bookmarkworm.com,Found,URL,22,16,15,15,20,3
140,http://www.bookmarkwheel.com,Found,URL,24,12,11,9,19,4
141,http://bookmarkway.com,Found,URL,77,44,37,37,31,11
142,http://bookmarkwave.com,Found,URL,90,36,24,24,34,13
143,http://bookmarkversion.com,Found,URL,104,45,36,36,24,6
144,http://bookmarksupremacy.com,Found,URL,71,30,21,21,33,15
145,http://bookmarksocialpligg.info,Found,URL,86,14,13,13,20,1
146,http://bookmarksensor.info,Found,URL,58,16,15,15,30,5
147,http://bookmarksclub.com,Found,URL,"6,629(7 / -)",277(5 / -),183,165,30,20
148,http://bookmarkscape.com,Found,URL,132,66,54,54,32,11
149,http://bookmarks.vertumate.com,Found,URL,176,33,26,26,22,14
150,http://bookmarks.psychicnews.co,Found,URL,25,19,14,14,39,9
1,http://bookmarks.oneindia.in|,Estimated*,URL,40*,3*,3*,3*,-*,-*
2,http://www.bookmarks.mynewsindia.com,Found,URL,3,3,2,2,17,-
3,http://bookmarks.mirrorbd.com,Found,URL,4,2,2,2,16,-
4,http://bookmarks.iblogger.org,Found,URL,5,5,4,4,18,3
5,http://bookmarkprime.com,Found,URL,82,30,22,22,38,12
6,http://bookmarkport.com,Found,URL,61,34,30,30,23,5
7,http://bookmarkpanel.com,Found,URL,174,57,37,36,35,13
8,http://bookmarkpackage.com,Found,URL,39,24,19,19,27,12
9,http://bookmarkon.com,Found,URL,67,25,17,17,32,6
10,http://bookmarknshare.in,Found,URL,55,33,27,27,39,16
11,http://www.bookmarknow.us,Found,URL,24,9,8,6,20,3
12,http://bookmark-now.de,Found,URL,56,18,15,15,21,4
13,http://bookmarknlink.com,Found,URL,54,24,23,23,23,12
14,http://bookmarknap.com,Found,URL,123,34,22,22,37,6
15,http://bookmarkmystery.com,Found,URL,56,28,24,24,27,11
16,http://bookmarkmysite.org,Found,URL,5,5,4,4,18,3
17,http://bookmarklinking.com,Found,URL,"36,520",30,20,20,54,15
18,http://www.bookmarkitnow.com,Found,URL,311,62,36,34,28,12
19,http://bookmarkingzoo.info,Found,URL,25,8,8,8,19,3
20,http://bookmarkingpro.com,Found,URL,100,43,34,34,32,11
21,http://www.bookmarkingpost.com,Found,URL,20,9,9,7,19,3
22,http://bookmarkingland.com,Found,URL,70,29,23,23,29,12
23,http://www.bookmarkinglambda.com,Found,URL,23,10,10,8,20,3
24,http://bookmarkingkit.com,Found,URL,70,39,29,29,35,5
25,http://bookmarkingdelta.com,Found,URL,45,19,19,19,37,8
26,http://www.bookmarkingday.com,Found,URL,313,55,41,38,24,10
27,http://bookmarkingconnect.com,Found,URL,61,15,12,12,30,5
28,http://www.bookmarkingcentre.com,Found,URL,11,5,5,5,18,2
29,http://bookmarkingcare.info,Found,URL,33,13,11,11,20,3
30,http://bookmarkingcake.info,Found,URL,28,11,9,9,20,3
31,http://www.bookmarkingboom.info,Found,URL,12,6,6,4,16,3
32,http://bookmarkingbizzard.info,Found,URL,24,7,5,5,19,3
33,http://bookmarkingbird.info,Found,URL,25,8,6,6,19,3
34,http://bookmarkingarticle.com,Found,URL,28,14,13,13,20,4
35,http://www.bookmarkingalpha.com,Found,URL,15,4,4,4,17,2
36,http://bookmarking-4u.com/pligg,Found,URL,20,9,4,4,30,11
37,http://bookmarking2site.info,Found,URL,312,34,26,26,38,9
38,http://bookmarking.sibinfotech.com,Found,URL,1,1,1,1,14,-
39,http://bookmarking.onlinewebservices.in,Found,URL,1,1,1,1,-,-
40,http://bookmarkin.info,Found,URL,110,60,43,43,24,4
41,http://bookmarkin.corgitoycars.com,Found,URL,1,1,1,1,14,-
42,http://bookmark-hyperlink.com,Found,URL,93,24,23,23,22,3
43,http://bookmarkhunter.info,Found,URL,30,12,9,9,20,3
44,http://bookmarkhunt.com,Found,URL,322,44,34,34,32,11
45,http://bookmarkhove.com,Found,URL,112,35,25,25,22,12
46,http://www.bookmarkhoster.com,Found,URL,11,7,6,4,18,2
47,http://bookmarkgolden.com,Found,URL,61,35,27,27,33,9
48,http://bookmarkglow.com,Found,URL,84,32,25,25,30,8
49,http://bookmarkgallery.com,Found,URL,169,74,64,64,34,12
50,http://bookmarkfinder.info,Found,URL,29,11,9,9,20,3
51,http://bookmarkevent.com,Found,URL,77,31,26,26,23,12
52,http://bookmarkesteem.com,Found,URL,99,26,20,20,35,8
53,http://bookmarkengines.info,Found,URL,117,13,12,12,20,1
54,http://bookmarkdigi.com,Found,URL,71,30,22,22,32,7
55,http://bookmarkclash.com,Found,URL,90,25,20,20,21,5
56,http://bookmarkclaim.com,Found,URL,51,27,20,20,22,5
57,http://bookmarkciti.com,Found,URL,163,59,45,45,26,11
58,http://bookmarkbux.com,Found,URL,106,32,23,23,35,5
59,http://bookmarkbull.com,Found,URL,45,21,18,18,21,12
60,http://bookmarkbuddy.info,Found,URL,73,13,13,13,20,1
61,http://bookmarkbrowse.com,Found,URL,28,18,15,15,21,2
62,http://bookmark.shravanmotupally.com,Found,URL,4,4,3,3,17,-
63,http://bookmark.pocketcoding.com,Found,URL,389,24,19,19,19,3
64,http://bookmark.krodysolution.com,Found,URL,7,5,4,4,19,7
65,http://bookmark.internetmarketingarti...,Found,URL,4,3,2,2,21,-
66,http://bookmark.i-for-you.com,Found,URL,"51,950",173,143,129,35,27
67,http://bookmark.hydhometutions.com,Found,URL,98,13,10,10,19,3
68,http://bookmark.hyderabadhometutions....,Found,URL,9,9,6,6,17,3
69,http://bookmark.hindighazals.in,Found,URL,7,7,5,5,17,3
70,http://bookmark.havariekommissar.info,Found,URL,1,1,1,1,14,-
71,http://bookmark.deccandesigners.com,Found,URL,1,1,1,1,14,-
72,http://www.bookmark.bollywoodrealnews...,Found,URL,1,1,1,1,14,-
73,http://bookmark.allseosolution.com,Found,URL,4,4,3,3,17,-
74,http://bm.filmadda.in,Found,URL,36,8,8,8,19,-
75,http://blogkut.com,Found,URL,"1,571",58,45,41,32,7
76,http://blogiskewl.com,Found,URL,589,127,117,107,30,3
77,http://blackiehead.skybookmarks.com,Found,URL,5,4,3,3,21,6
78,http://biggone.co.cc,Found,URL,27,13,12,12,19,1
79,http://bestsocialbookmarkingsites.web...,Found,URL,1,1,1,1,-,-
80,http://benficaparticipativo.com,Found,URL,28,5,4,4,17,3
81,http://bdobe.com,Found,URL,8,7,6,6,17,-
82,http://backlinkstate.com,Found,URL,179,83,59,59,34,7
83,http://avidsportsfan.com,Found,URL,9,7,7,7,17,-
84,http://ashgrey.skybookmarks.com,Found,URL,15,12,12,12,30,8
85,http://aromat.lhosting.info,Found,URL,2,2,1,1,16,-
86,http://applehitech.com,Found,URL,42,23,18,18,40,7
87,http://alphakarma.com,Found,URL,1,1,1,1,14,-
88,http://allgossipnews.com,Found,URL,62,32,26,25,23,8
89,http://allgeek.es/pligg,Estimated*,URL,40*,3*,3*,3*,-*,-*
90,http://allandyou.com/register,Found,URL,5,3,2,2,17,1
91,http://alexhays.com/mercury2,Found,URL,259,85,79,77,26,9
92,http://adzposting.com,Found,URL,63,35,32,31,23,8
93,http://adminerelle.com,Found,URL,45,19,18,18,21,-
94,http://add-a-bookmark.com,Found,URL,98,41,33,33,23,4
95,http://adbulls.com/link,Found,URL,16,9,5,5,20,1
96,http://acceptbookmarks.com,Found,URL,135,58,46,45,24,11
97,http://8twenty7.com/NHNL/Pligg,Estimated*,URL,40*,3*,3*,3*,-*,-*
98,http://79.170.40.42/3a9ar.com/pligg,Estimated*,URL,40*,3*,3*,3*,-*,-*
99,http://web42.extendcp.co.uk/3a9ar.com...,Estimated*,URL,40*,3*,3*,3*,-*,-*
100,http://76.12.111.223,Estimated*,URL,40*,3*,3*,3*,-*,-*
101,http://72.167.210.18/pligg,Estimated*,URL,40*,3*,3*,3*,-*,-*
102,http://eventful.com/,Found,URL,"6,372,677(34 / 5)","7,598(18 / 4)","3,485","2,818",65,61
103,http://www.fark.com/,Found,URL,"1,535,430(668 / 2)","14,743(183 / 1)","11,420","7,921",64,68
104,http://www.folkd.com/,Found,URL,"13,091,606(23,944 / 3,070)","15,612(57 / 13)","8,807","5,489",62,68
105,http://www.librarything.com/,Found,URL,"1,352,372(4,272 / 547)","11,739(389 / 64)","8,373","6,130",63,68
106,http://www.metafilter.com/,Found,URL,"630,298(1,146 / 13)","7,468(101 / 4)","6,032","4,367",61,67
107,http://www.mister-wong.com/,Found,URL,"2,385,923(741 / 171)","4,500(17 / 5)","3,187","2,541",64,65
108,http://multiply.com/,Found,URL,"119,199(81 / 6)","5,145(34 / 5)","3,732","3,110",70,67
109,http://www.newsvine.com/,Found,URL,"17,585,964(34,220 / 12,907)","19,065(135 / 31)","11,955","8,076",69,65
110,http://www.squidoo.com/,Found,URL,"670,457(197 / 8)","17,581(67 / 4)","11,600","7,880",68,54
111,http://techmeme.com/,Found,URL,"126,271(31 / -)","2,885(17 / -)","2,299","1,904",51,39
112,http://www.2collab.com/,Found,URL,"2,442(304 / 2)",497(40 / 1),441,419,35,24
113,http://www.allvoices.com/,Found,URL,"240,188(21 / 5,433)","1,806(7 / 2)","1,242","1,089",66,48
114,http://www.bizsugar.com/,Found,URL,"88,223(110 / 26)","1,401(2 / 1)","1,097",934,57,36
115,http://www.blogarama.com/,Found,URL,"5,814,282(33,939 / 2)","10,564(46 / 2)","6,572","4,647",66,66
116,http://www.blogcatalog.com/,Found,URL,"4,273,568(1,577 / 36)","11,112(31 / 5)","7,053","4,884",67,64
117,http://www.care2.com/,Found,URL,"205,860(156 / 58)","8,080(72 / 16)","6,010","4,726",64,68
118,http://claimid.com/,Found,URL,"11,107(25 / 5)","1,246(8 / 2)","1,084",961,57,51
119,http://designbump.com/,Found,URL,"15,117(3 / -)",981(2 / -),802,716,55,34
120,http://www.designfloat.com/,Found,URL,"269,797(580 / 1)","2,171(6 / 1)","1,706","1,464",57,38
121,http://www.dropjack.com/,Found,URL,"102,114(2 / -)","1,059(1 / -)",776,701,43,31
122,http://www.dzone.com/links/,Found,URL,"51,227(6 / -)",350(2 / -),307,278,46,34
123,http://www.ebaumsworld.com/,Found,URL,"142,363(221 / 1)","6,688(94 / 1)","5,408","4,390",64,51
124,http://www.enj.org/,Found,URL,266(5 / 72),82(3 / 5),71,68,28,32
125,http://www.esnips.com/,Found,URL,"68,880(107 / 6)","6,489(43 / 4)","5,440","4,430",59,38
126,http://faves.com/,Found,URL,"361,596(3,218 / 42)","3,286(11 / 2)","2,204","1,842",44,33
127,http://www.hotklix.com/,Found,URL,"158,001(2 / 9)",449(1 / 1),348,321,54,51
128,http://www.jumptags.com/,Found,URL,"1,651,368(20,345 / 3,432)","4,356(24 / 8)","2,686","2,051",61,58
129,http://www.kuro5hin.org/,Found,URL,"154,117(935 / 5)","3,486(82 / 2)","3,034","2,568",50,44
130,http://kwoff.com/,Found,URL,"10,891(1 / -)",276(1 / -),183,182,33,22
131,http://www.linkagogo.com/,Found,URL,"125,303(32 / -)","2,032(9 / -)","1,529","1,340",44,53
132,http://marketingland.com/,Found,URL,"72,475",686,520,462,65,57
133,http://www.meneame.net/,Found,URL,"314,880(24 / 1)","3,119(6 / 1)","2,417","1,736",61,70
134,http://www.nowpublic.com/,Found,URL,"300,566(184 / 5)","3,316(20 / 3)","2,785","2,393",62,63
135,http://www.pusha.se/,Found,URL,"31,466(2 / -)",485(1 / -),369,273,48,30
136,http://scoopit.co.nz/,Found,URL,831(1 / -),173(1 / -),124,124,30,23
137,http://segnalo.virgilio.it/,Found,URL,"9,066(1 / -)",237(1 / -),203,186,46,43
138,http://www.simplyhired.co.in/,Found,URL,"1,104,817",184,117,110,55,49
139,http://www.smallbusinessbrief.com/,Found,URL,"33,188(7 / -)",851(3 / -),674,599,53,56
140,http://svejo.net/,Found,URL,"167,192(2 / -)",643(1 / -),450,334,56,52
141,http://www.wikia.com/Wikia,Found,URL,"146,405(5 / -)",797(3 / -),625,589,64,68
142,http://www.wikio.com/,Found,URL,"1,173,345(560 / 934)","2,550(16 / 9)","1,984","1,611",55,60
143,http://yesshareit.com,Found,URL,25,12,12,12,25,4
144,http://www.1888pressrelease.com/,Found,URL,"69,412","2,290","1,815","1,480",53,37
145,http://www.a1-webmarks.com/,Found,URL,"10,437","1,028",836,746,51,31
146,http://bookmarkingdemon.com/,Found,URL,"9,504","1,288",904,764,48,31
147,http://buddymarks.com/,Found,URL,"29,170(12 / -)","1,010(2 / -)",794,722,53,30
148,http://www.clipclip.org/,Found,URL,"5,964(8 / -)",759(5 / -),633,584,44,27
149,http://www.clipmarks.com/,Found,URL,"8,496(26 / 1)","1,795(17 / 1)","1,539","1,347",42,28
150,http://www.crowdengineering.com/,Found,URL,639,123,99,89,34,28
1,http://www.digo.it/,Found,URL,"18,423(2 / -)",150(1 / -),129,106,36,38
2,http://dotnetkicks.com/,Found,URL,"10,691(2 / -)",283(1 / -),241,232,50,31
3,http://www.ezyspot.com/,Found,URL,"36,093(2 / -)",399(1 / -),279,254,43,26
4,http://fwisp.com/,Found,URL,"8,858(7 / -)",418(2 / -),318,301,45,38
5,http://givealink.org/main/show,Found,URL,345,68,51,51,44,26
6,http://www.grjm.net,Found,URL,356,85,63,63,39,22
7,http://www.ikeepbookmarks.com/,Found,URL,"2,350(62 / -)",794(34 / -),672,617,38,34
8,http://www.index4.in/,Found,URL,"1,262(1 / -)",828(1 / -),164,127,33,23
9,http://kirtsy.com/,Found,URL,"30,885",694,546,498,50,32
10,http://mototagz.com/,Found,URL,"24,343(2 / -)",292(1 / -),253,235,38,26
11,http://mybookmarks.at/,Found,URL,58,33,29,29,30,9
12,http://www.mylinkvault.com/,Found,URL,"22,282(8 / 1)","1,293(4 / 1)","1,027",937,40,33
13,http://netvouz.com/,Found,URL,"52,024(2 / -)",869(2 / -),655,596,53,45
14,http://newsmeback.com/,Found,URL,599(2 / -),176(1 / -),122,120,30,22
15,http://shetoldme.com/,Found,URL,"48,473(2 / -)",434(1 / -),319,289,48,26
16,http://swik.net/,Found,URL,"25,120(15 / -)","1,038(8 / -)",864,787,40,28
17,http://tagza.com/,Found,URL,"34,185(1 / -)",954(1 / -),678,629,52,32
18,http://tipd.com/,Found,URL,"42,531(6 / -)","1,092(2 / -)",881,790,65,46
19,http://twicsy.com/,Found,URL,"8,735(4 / -)",546(2 / -),449,412,41,24
20,http://url.org/,Found,URL,"11,289",456,369,360,49,34
21,http://www.weheartgossip.com/,Found,URL,"2,116(- / 1)",180(- / 1),148,145,30,21
22,http://www.wists.com/,Found,URL,"51,371(12 / 1)",997(5 / 1),854,775,50,35
23,http://www.youdoze.com,Found,URL,610,70,52,50,32,23
24,http://youmob.com/,Found,URL,"3,335(- / 1)",240(- / 1),173,172,32,20
25,http://9rules.com/,Found,URL,"280,737(14 / -)","2,267(7 / -)","1,940","1,627",57,59
26,http://www.agileblend.com,Found,URL,52,11,10,8,19,4
27,http://www.allmyfavorites.net/,Found,URL,"2,731(1 / -)",397(1 / -),347,322,44,54
28,http://www.bildu.net/,Found,URL,"1,225",81,58,52,31,33
29,http://blogmarks.net/,Found,URL,"6,017,719(28,038 / 3,071)","11,908(71 / 13)","7,519","5,264",55,64
30,http://blogregator.net/,Found,URL,"5,106",103,85,85,38,41
31,http://www.bookark-manager.com/,Estimated*,URL,40*,3*,3*,3*,-*,-*
32,http://www.bookmarktracker.com/,Found,URL,"89,051(25 / 1)","1,123(18 / 1)",911,850,38,30
33,http://www.bookmax.net/,Found,URL,"20,460(1 / 1)",343(1 / 1),240,233,43,37
34,http://cheap-airline-tickets-i.com/,Found,URL,"19,692",50,28,28,33,8
35,http://chrdsl.org http://www.corank.com/,Estimated*,URL,40*,3*,3*,3*,-*,-*
36,http://dcgayetc.com/,Found,URL,46,13,12,12,24,30
37,http://www.dealigg.com/,Found,URL,"18,885(8 / -)",667(3 / -),551,493,54,42
38,http://design.fr/,Found,URL,691,122,86,85,38,20
39,http://www.digitfest.com,Found,URL,615(1 / -),49(1 / -),33,31,34,25
40,http://www.dotpoch.com/,Found,URL,262,56,43,41,24,12
41,http://www.farhangreader.com/,Found,URL,"8,401",63,47,41,33,24
42,http://www.fazed.org/,Found,URL,"20,314(8 / 1)",350(3 / 1),302,283,45,24
43,http://www.jabong.com,Found,URL,"15,587",593,310,289,39,27
44,http://jeqq.com,Found,URL,846(5 / -),243(2 / -),173,170,44,32
45,http://www.jzyycg.com,Found,URL,400(- / 6),51(- / 2),38,38,28,25
46,http://www.lemmingland.com,Found,URL,252,39,29,28,41,16
47,http://linkarena.com/,Found,URL,"5,896,842(12 / 31)","4,053(4 / 2)","2,195","1,485",66,69
48,http://linksnapr.com/,Found,URL,"103,291",107,72,70,35,23
49,http://malaysiastory.com/,Found,URL,"1,511",151,116,114,30,21
50,http://myhq.com/,Found,URL,489,168,126,122,30,20
51,http://najrecepty.sk/,Found,URL,159,18,17,17,22,8
52,http://www.opie.info/,Found,URL,234(6 / -),83(3 / -),62,58,27,27
53,http://orangify.com/,Found,URL,93,46,37,37,25,8
54,http://www.oyax.com/,Found,URL,"125,899(1 / -)","1,056(1 / -)",837,762,58,26
55,http://pfbuzz.com/,Found,URL,"2,671",237,182,174,36,24
56,http://portal.tw/,Found,URL,"29,190(1 / -)",292(1 / -),229,214,39,42
57,http://www.q1go.com,Found,URL,342,89,68,65,32,28
58,http://qaafe.com/,Found,URL,598(4 / -),150(1 / -),112,107,29,9
59,http://www.saveyourlinks.com/,Found,URL,704,286,241,223,35,41
60,http://seaked.com/,Found,URL,219(1 / -),61(1 / -),41,41,26,9
61,http://www.sitejot.com/,Found,URL,"19,881(1 / -)",798(1 / -),638,578,43,55
62,http://solserpiente.net/,Found,URL,"3,606",19,18,18,34,36
63,http://spaziogratis.com/,Found,URL,85,18,18,18,30,10
64,http://spletarna.net/,Found,URL,78,22,18,18,25,9
65,http://www.storeboard.com/,Found,URL,"3,089",435,305,255,47,25
66,pxpf.com,Found,Root domain,"6,977",302,275,249,12,3
67,zofb.com,Found,Root domain,"1,589",164,141,138,15,4
68,hubtags.info,Found,Root domain,"12,910(9 / -)","1,203(6 / -)",895,750,18,6
69,blinklist.com,Found,Root domain,"122,679,855(182,277 / 36,537)","233,711(751 / 175)","91,836","38,516",61,57
70,metafilter.com,Found,Root domain,"2,575,240(2,224 / 32)","34,078(220 / 12)","22,736","13,608",56,57
71,bibsonomy.org,Found,Root domain,"2,307,937(3,513 / 64)","17,228(200 / 12)","11,262","7,939",45,49
72,newsvine.com,Found,Root domain,"110,541,569(178,378 / 187,586)","224,375(1,036 / 323)","99,777","43,761",60,61
73,illuminatigroup.com,Found,Root domain,"6,561(43 / -)",779(5 / -),629,559,16,8
74,buddymarks.com,Found,Root domain,"2,917,153(22,112 / 3,585)","14,820(117 / 10)","9,339","6,568",59,31
75,sphinn.com,Found,Root domain,"77,659,066(77,169 / 12,204)","170,262(322 / 47)","63,340","27,550",50,41
76,a1-webmarks.com,Found,Root domain,"105,545(98 / 1)","6,420(35 / 1)","5,249","3,943",44,29
77,citeulike.org,Found,Root domain,"3,564,287(113,553 / 177)","14,930(679 / 41)","10,851","8,207",43,39
78,fark.com,Found,Root domain,"35,346,978(29,414 / 5,001)","65,961(362 / 49)","37,373","20,825",62,57
79,bestofindya.com,Found,Root domain,"17,336(14 / -)","1,983(7 / -)","1,649","1,407",25,12
80,topbookmarks.info,Found,Root domain,"12,625(29 / -)","1,842(13 / -)","1,453","1,199",34,7
81,dropjack.com,Found,Root domain,"1,260,632(2,118 / 9)","11,795(69 / 9)","8,222","5,695",35,23
82,choowawa.com,Found,Root domain,"90,329(630 / 4)","5,467(41 / 3)","3,912","3,055",32,14
83,socialpad.info,Found,Root domain,"10,461(11 / -)",975(8 / -),763,649,31,7
84,markeralize.info,Found,Root domain,"63,413(589 / -)","1,603(10 / -)","1,099",937,20,8
85,bookmarksphere.com,Found,Root domain,"17,498(6 / -)","1,199(6 / -)",969,813,31,6
86,jumptags.com,Found,Root domain,"4,650,053(21,447 / 3,435)","19,397(125 / 11)","12,513","8,144",47,38
87,voteable.info,Found,Root domain,"17,242(5 / -)",986(4 / -),757,668,24,7
88,buzzbookmarks.info,Found,Root domain,"7,417(8 / -)",624(3 / -),519,451,27,5
89,mylinkvault.com,Found,Root domain,"2,135,723(1,238 / 24)","16,557(99 / 7)","10,730","7,189",34,27
90,bytelinks.info,Found,Root domain,"25,114(33 / 3)","2,239(19 / 2)","1,686","1,352",30,9
91,bookmarkingdemon.com,Found,Root domain,"19,680","1,583","1,147",945,28,21
92,kwoff.com,Found,Root domain,"568,434(45 / 26)","3,114(17 / 5)","2,350","1,946",36,28
93,humsurfer.com,Found,Root domain,"313,445(749 / 8)","12,461(97 / 6)","9,020","6,246",41,19
94,linkarena.com,Found,Root domain,"42,127,103(41,892 / 7,357)","45,611(158 / 28)","23,013","11,715",59,62
95,yapod.com,Found,Root domain,"23,736(14 / -)","1,474(8 / -)","1,287","1,044",20,8
96,bookmarkspice.info,Found,Root domain,"33,315(1 / -)",860(1 / -),662,578,22,7
97,backlinkvault.com,Found,Root domain,"15,584(16 / -)","1,216(10 / -)","1,052",878,22,7
98,bookmarkany.info,Found,Root domain,963,123,113,104,18,4
99,socialmedia1.com,Found,Root domain,"43,968(5 / -)","1,043(3 / -)",867,743,18,19
100,rambhai.com,Found,Root domain,"49,612(8 / -)","3,300(8 / -)","2,126","1,782",35,15
101,bizsugar.com,Found,Root domain,"709,123(2,800 / 212)","20,896(135 / 12)","12,933","8,675",55,29
102,vtransit.com,Found,Root domain,"3,082(11 / -)",301(3 / -),257,239,13,12
103,faqpal.com,Found,Root domain,"1,493,686(295 / 2)","4,097(5 / 1)","2,659","1,981",31,19
104,mysitevote.com,Found,Root domain,"52,710(7 / -)","2,229(7 / -)","1,838","1,514",36,15
105,jackpea.com,Found,Root domain,"38,287(17 / -)","2,272(11 / -)","1,909","1,511",23,7
106,weblinkr.com,Found,Root domain,"1,028,772(557 / 1)","2,986(30 / 1)","2,146","1,675",35,28
107,plime.com,Found,Root domain,"286,086(1,607 / 181)","3,656(43 / 8)","3,148","2,567",43,22
108,moolets.com,Found,Root domain,"65,350(12 / -)","1,286(6 / -)","1,003",836,37,12
109,bukmark.net,Found,Root domain,"350,913(1,700 / 175)","21,893(146 / 20)","13,158","8,777",46,19
110,fwisp.com,Found,Root domain,"1,997,865(1,177 / 1,228)","5,379(19 / 3)","3,328","2,494",38,28
111,blogbookmark.com,Found,Root domain,"686,894(435 / 6)","3,778(35 / 2)","2,763","2,175",33,12
112,siyudis.com,Found,Root domain,"7,255(3 / -)",700(1 / -),611,523,16,6
113,connotea.org,Found,Root domain,"6,683,003(111,952 / 4,163)","21,418(385 / 35)","14,910","9,989",40,34
114,designfloat.com,Found,Root domain,"8,318,422(20,629 / 7,316)","27,845(151 / 20)","16,501","10,279",52,36
115,buzzflash.net,Found,Root domain,"219,315(19 / -)","2,655(13 / -)","2,241","1,815",32,23
116,kwzz.com,Found,Root domain,"204,110(551 / 2)","6,877(45 / 2)","4,610","3,367",34,12
117,tugatop.com,Found,Root domain,"15,064(5 / -)",893(4 / -),802,678,18,8
118,solinkable.com,Found,Root domain,"10,433(6 / -)",865(1 / -),743,643,26,13
119,gaddiposh.com,Found,Root domain,"31,611(591 / -)","2,380(10 / -)","1,967","1,591",30,13
120,blogmarks.net,Found,Root domain,"34,782,910(63,545 / 11,210)","53,789(253 / 67)","29,193","15,944",52,64
121,b2blocal.net,Found,Root domain,"2,583",455,373,337,21,13
122,trulili.com,Found,Root domain,"7,339(8 / 1)",603(5 / 1),488,420,24,3
123,uvouch.comb2blocal.net,Found,Subdomain,-,-1,-,-,-,-
124,business-planet.net,Found,Root domain,"176,947(449 / 2)","3,349(16 / 1)","2,677","2,112",43,22
125,blurpalicious.com,Found,Root domain,"595,108(123 / 69)","8,377(50 / 6)","5,887","4,397",37,23
126,kirtsy.com,Found,Root domain,"2,912,635(15,996 / 3,553)","6,049(40 / 7)","4,475","3,320",47,29
127,tipd.com,Found,Root domain,"11,094,635(17,714 / 5,514)","16,463(65 / 6)","9,004","5,862",54,32
128,bookmarkriver.info,Found,Root domain,"21,617(15 / -)","1,526(7 / -)","1,318","1,092",20,10
129,wikio.com,Found,Root domain,"8,989,409(21,842 / 5,860)","20,888(174 / 35)","15,176","10,153",54,51
130,clipmarks.com,Found,Root domain,"746,368(1,524 / 127)","12,555(100 / 5)","10,090","7,373",39,24
131,dzone.com,Found,Root domain,"15,824,145(48,481 / 12,715)","36,083(191 / 38)","22,728","14,923",59,49
132,http://www.bestglobalbookmarks.info/,Found,URL,60,19,19,17,21,9
133,http://www.bestglobalseobookmarks.info/,Found,URL,45,17,17,15,20,4
134,http://www.bestworldseobookmark.info/,Found,URL,58,19,19,18,23,4
135,http://www.earth-seo-bookmark.info/,Found,URL,62,18,18,16,21,4
136,http://www.freeworldseobookmark.info/,Found,URL,42,13,13,11,20,4
137,http://www.friendlybookmark.info/,Found,URL,198,42,32,29,30,10
138,http://www.globalbooketching.info/,Found,URL,43,14,14,12,20,4
139,http://www.global-bookmark.info,Found,URL,51,19,19,17,21,16
140,http://www.globalbookmark.info/,Found,URL,102,34,26,24,38,5
141,http://www.globalbookmarkingtoday.info/,Found,URL,40,14,14,12,20,4
142,http://www.globalbookmarkonline.info/,Found,URL,42,14,14,12,20,4
143,http://www.globalbookmarksnow.info/,Found,URL,46,16,16,13,20,4
144,http://www.globalbookmarksshop.info/,Found,URL,50,16,15,13,20,4
145,http://www.globalebookmessage.info/,Found,URL,35,10,10,8,19,4
146,http://www.globalseobookmarking.info/,Found,URL,42,11,11,11,19,4
147,http://www.globalseobookmarkingonline...,Found,URL,41,12,11,11,19,4
148,http://www.international-bookmark.info/,Found,URL,38,14,13,13,19,16
149,http://www.myworldbookmarking.info/,Found,URL,106,29,22,19,23,4
150,http://www.newworldbookmarking.info/,Found,URL,113,29,22,20,23,4
1,http://www.newworldseobookmarks.info/,Found,URL,45,15,14,12,22,4
2,http://www.planetseobookmark.info/,Found,URL,50,15,13,11,22,4
3,http://www.planetseobookmarks.info/,Found,URL,46,14,13,11,19,4
4,http://www.theglobalbookmark.info/,Found,URL,50,11,11,11,19,4
5,http://www.theworldbookmarking.info/,Found,URL,113,27,20,18,23,4
6,http://www.universal-bookmark.info/,Found,URL,47,11,11,11,22,16
7,http://www.universalbookmarks.info/,Found,URL,43,12,12,12,35,5
8,http://www.worldbookmark.info/,Found,URL,87,29,22,19,21,4
9,http://www.worldbookmarkingnow.info/,Found,URL,107,31,23,20,21,4
10,http://www.worldbookmarkingstore.info/,Found,URL,74,21,16,14,23,4
11,http://www.worldbookmessage.info/,Found,URL,108,29,22,20,23,4
12,http://www.worldbusinessseobookmarks....,Found,URL,42,13,12,10,22,4
13,http://www.worldonlineseobookmarks.info/,Found,URL,48,15,14,12,33,4
14,http://www.worldseobookmarksblog.info/,Found,URL,45,13,12,10,22,4
15,http://www.worldseoplaceholder.info/,Found,URL,42,13,12,12,20,4
16,http://www.worldwidebookmark.info/,Found,URL,96,30,22,19,23,4
17,bookmarks.yahoo.com,Found,Subdomain,"26,369,521(69,125 / 44,489)","38,621(197 / 67)","18,183","11,395",76,66
18,myweb2.search.yahoo,Not found,-,-,-,-,-,-,-
19,google.com/notebook,Found,URL,"2,023(6 / -)",486(5 / -),430,399,41,25
20,myaskjeeves.uk.ask.com/,Found,URL,54,21,21,21,22,9
21,slide.com/,Found,URL,"6,791(10 / -)",759(6 / -),669,615,39,27
22,esnips.com/,Found,URL,"9,214(40 / -)","1,595(12 / -)","1,443","1,276",39,24
23,wikia.com/wiki/Wikia,Found,URL,217,53,50,48,24,18
24,reddit.com,Found,Root domain,"539,707,339(724,624 / 958,331)","950,611(2,289 / 920)","267,282","81,965",86,85
25,box.net/,Found,URL,"38,196(132 / 2)","5,442(48 / 1)","4,285","3,546",49,35
26,ifilm.com/,Found,URL,"14,252(21 / -)",532(7 / -),480,453,38,27
27,blogcatalog.com/,Found,URL,"25,205(4 / 1)","1,106(3 / 1)",866,769,41,49
28,topix.net/blogs,Estimated*,URL,40*,3*,3*,3*,-*,-*
29,meneame.net/,Found,URL,"486,617(574 / 465)","4,228(13 / 15)","3,273","2,299",53,58
30,taggle.de/,Found,URL,"4,328",85,70,64,42,19
31,shutterfly.com/,Found,URL,"14,524(3 / -)","1,249(3 / -)",945,809,40,34
32,43things.com,Found,Root domain,"1,031,461(410 / 31)","20,224(137 / 11)","14,534","9,855",53,64
33,metafilter.com/,Found,URL,"58,269(17 / 3)","1,382(12 / 3)","1,118",973,51,49
34,tags.library.upenn.edu/,Found,URL,"9,360(64 / -)",352(27 / -),299,284,35,30
35,newsvine.com/,Found,URL,"96,765(2 / 4)","1,548(1 / 1)","1,166","1,035",48,30
36,matrix.msu.edu/,Found,URL,"33,763(440 / 2)",153(25 / 2),121,111,49,54
37,techmeme.com/,Found,URL,"126,271(31 / -)","2,885(17 / -)","2,299","1,904",51,39
38,ma.gnolia.com,Found,Subdomain,"35,836,501(77,438 / 28,282)","62,894(310 / 86)","34,913","18,779",59,51
39,linuxquestions.org,Found,Root domain,"687,816(1,172 / 33)","15,041(221 / 6)","12,341","9,756",52,59
40,tailrank.com,Found,Root domain,"7,087,150(19,599 / 1,590)","18,766(103 / 34)","11,599","7,726",39,34
41,start.com/,Found,URL,918(1 / -),252(1 / -),239,231,32,22
42,yoono.com/,Found,URL,"14,528(2 / 2)",755(2 / 1),586,527,37,27
43,blogarama.com/,Found,URL,"26,633(3 / 1)",471(2 / 1),411,373,37,28
44,de.lirio.us,Found,Subdomain,"2,423,016(9,586 / 4)","5,670(25 / 3)","4,078","3,176",53,39
45,citeulike.org/,Found,URL,"28,174(50 / 1)",479(20 / 1),370,345,35,43
46,kuro5hin.org,Found,Root domain,"455,344(1,686 / 20)","14,131(217 / 6)","11,344","8,310",39,35
47,kinja.com/,Found,URL,"10,413(16 / -)",675(7 / -),544,497,38,31
48,claimid.com,Found,Root domain,"373,853(1,024 / 24)","7,370(56 / 4)","5,394","4,267",47,35
49,krugle.com/,Found,URL,"6,976(3 / -)",274(3 / -),253,249,38,25
50,clipfire.com/,Found,URL,137,33,33,32,23,14
51,sitebar.org/,Found,URL,"18,775(15 / -)","1,030(11 / -)",888,815,67,57
52,jeteye.com/,Found,URL,317,124,107,104,29,19
53,icerocket.com/,Found,URL,"22,618(20 / -)",831(8 / -),680,629,39,30
54,simpy.com,Found,Root domain,"31,020,517(65,368 / 12,684)","50,795(286 / 102)","28,143","15,627",45,41
55,eventful.com/,Found,URL,"6,372,677(34 / 5)","7,598(18 / 4)","3,485","2,818",65,61
56,wikispaces.com/,Found,URL,"11,304(92 / -)","1,070(35 / -)",755,677,39,28
57,nowpublic.com/,Found,URL,"15,121(9 / 1)",720(5 / 1),610,570,41,32
58,a9.com/-/home.jsp,Found,URL,509(4 / -),82(4 / -),67,67,29,29
59,librarything.com/,Found,URL,"14,521(129 / 2)","1,034(16 / 2)",824,739,42,38
60,frappr.com/,Found,URL,"1,066(2 / -)",221(1 / -),205,196,45,24
61,blogpulse.com,Found,Root domain,"221,785(792 / 14)","8,695(117 / 9)","6,845","5,345",38,50
62,rollyo.com,Found,Root domain,"817,030(10,562 / 51)","10,252(134 / 12)","8,223","6,090",40,27
63,swik.net,Found,Root domain,"617,977(2,133 / 17)","6,950(93 / 3)","5,453","4,426",36,29
64,0s.ro,Found,Root domain,"6,381(3 / -)",423(3 / -),368,333,16,15
65,1000tb.com,Found,Root domain,426,107,103,98,10,3
66,111.67.15.167,Found,Subdomain,"14,514(1 / -)",332(1 / -),190,171,15,18
67,174.120.180.184,Found,Subdomain,9,7,4,4,10,3
68,1977.ws,Found,Root domain,"12,963(7 / -)",620(1 / -),476,417,17,4
69,1freecss.com,Found,Root domain,"69,411(1 / -)",729(1 / -),622,531,25,7
70,1indianews.com,Found,Root domain,137,8,8,8,8,2
71,1president.com,Found,Root domain,"36,078(35 / -)","1,883(15 / -)","1,472","1,208",22,8
72,1worldvillage.info,Found,Root domain,"13,309",432,388,354,15,5
73,208.74.28.200,Found,Subdomain,9,2,2,2,19,23
74,209.163.229.50,Found,Subdomain,107(4 / -),28(1 / -),27,27,2,10
75,24stunde.com,Found,Root domain,"3,170",278,248,226,12,2
76,2bixs.com,Found,Root domain,203(7 / -),59(1 / -),50,46,10,2
77,2gether.org,Found,Root domain,"2,055(1 / -)",229(1 / -),219,205,11,3
78,2soldi.it,Found,Root domain,115(1 / -),79(1 / -),75,72,8,-
79,3sed.com,Found,Root domain,867,276,222,212,25,6
80,411diva.com,Found,Root domain,457,42,41,41,8,4
81,66.216.73.128,Found,Subdomain,49,30,30,28,7,-
82,67.220.216.21,Not found,-,-,-,-,-,-,-
83,69post.com,Found,Root domain,"45,178(61 / 2)","1,889(22 / 1)","1,514","1,238",21,10
84,6q.netne.net,Found,Subdomain,268,68,62,60,23,14
85,760a.com,Found,Root domain,92,53,50,47,9,2
86,7fasst.com,Found,Root domain,227,74,68,65,12,7
87,a2zsocialbookmarking.com,Found,Root domain,"8,886(4 / -)",624(3 / -),528,457,15,4
88,abcbookmarks.com,Found,Root domain,"12,836(2 / -)",585(2 / -),479,429,16,11
89,about.ly,Found,Root domain,49,19,18,18,7,5
90,acidrefluxviews.com,Found,Root domain,436,80,65,64,13,2
91,actinkati.co.cc,Found,Root domain,321,50,46,44,6,1
92,actorscams.com,Found,Root domain,"19,927(1 / -)",148(1 / -),132,128,27,6
93,ad.phery.web.id,Found,Subdomain,174(1 / -),37(1 / -),37,36,11,2
94,addblogurl.com,Found,Root domain,"36,934(4 / 1)",753(2 / 1),590,518,28,7
95,add-bookmarks.com,Found,Root domain,"22,345(4 / -)",485(2 / -),443,392,22,6
96,addlikes.com,Found,Root domain,"5,021(16 / -)",611(4 / -),483,435,23,22
97,addsharer.com,Found,Root domain,"1,965(169 / -)",306(1 / -),274,251,12,4
98,addtomarks.com,Found,Root domain,320,42,39,36,14,1
99,addviews.com,Found,Root domain,"29,741(25 / 1)","1,664(10 / 1)","1,368","1,127",22,6
100,a-digg.com,Found,Root domain,51,9,9,9,7,-
101,admarket.site11.com,Found,Subdomain,52,37,34,32,21,-
102,affiliateb2b.net,Found,Root domain,463,116,114,112,16,3
103,africanlolo.com,Found,Root domain,"6,235(- / 1)",439(- / 1),376,329,28,3
104,againlinks.com,Found,Root domain,"36,700(42 / 1)","2,591(23 / 1)","1,781","1,420",36,8
105,ahah.jp,Found,Root domain,316(3 / -),153(1 / -),106,96,9,8
106,aireal.de,Found,Root domain,746,200,122,112,23,12
107,akademiainternetu.co.cc,Found,Root domain,"20,561",175,148,144,17,7
108,aleale.org,Found,Root domain,"1,018(2 / -)",104(2 / -),98,96,9,3
109,allbookmarking.com,Found,Root domain,"11,076(2 / -)",413(1 / -),350,318,25,7
110,allbratsk.ru,Found,Root domain,"8,662(1 / -)",594(1 / -),521,459,18,11
111,allofhere.com,Found,Root domain,"2,451(4 / -)",340(4 / -),310,284,18,5
112,allywood.net,Found,Root domain,79,28,28,28,7,5
113,altnewsonline.com,Found,Root domain,"1,246",261,213,195,23,12
114,alwaysbookmark.com,Found,Root domain,59,19,19,19,6,1
115,amadigg.co.cc,Found,Root domain,29,22,21,21,5,1
116,amazon-promotion.com,Found,Root domain,145,53,50,47,8,1
117,americanikon.com,Found,Root domain,914,55,54,53,12,3
118,amusementpost.com,Found,Root domain,23,11,11,11,5,-
119,anbieter.ws,Found,Root domain,"1,101(1 / -)",104(1 / -),98,94,9,3
120,ancien.luttesport.info,Found,Subdomain,3,2,1,1,22,-
121,android-es.net,Found,Root domain,"1,912",114,112,104,20,4
122,anekdott.by,Found,Root domain,488,141,114,105,14,9
123,anime-bookmarks.net,Found,Root domain,15,6,6,6,5,1
124,anime-thai.co.cc,Found,Root domain,29,20,19,18,6,-
125,ans.wifiction.com,Found,Subdomain,52,26,19,19,30,6
126,answers.psychcentral.com,Found,Subdomain,"2,196(1 / -)",267(1 / -),185,178,50,38
127,answerso.com,Found,Root domain,27,5,5,5,4,-
128,anugoonj.com,Found,Root domain,"2,715",39,36,32,9,4
129,apenda.com,Found,Root domain,529,10,10,10,12,11
130,apphappy.com,Found,Root domain,"2,177(3 / -)",178(3 / -),173,164,11,5
131,applesense.com,Found,Root domain,"84,665(970 / 7)","5,603(60 / 4)","3,667","2,812",37,14
132,appsfloat.com,Found,Root domain,"1,684",140,132,126,10,5
133,apyon.centelia.net,Found,Subdomain,"71,787(158 / 30)","4,536(31 / 6)","3,447","2,702",36,19
134,aqs.aq.funpic.de,Found,Subdomain,25,11,11,11,21,3
135,area-53.de,Found,Root domain,"87,739(1 / -)",364(1 / -),298,258,31,19
136,artgoddess.org,Found,Root domain,182(2 / -),52(1 / -),50,48,8,2
137,article.thefitnessupdates.com,Found,Subdomain,"3,472",130,91,87,39,14
138,articlesarchieve.com,Found,Root domain,"9,025",153,130,126,10,8
139,articwoof.com,Found,Root domain,"6,181(- / 1)",697(- / 1),589,518,17,11
140,artikelmu.danuakbar.com,Found,Subdomain,895(176 / -),122(2 / -),110,107,29,11
141,artikujt.com,Found,Root domain,168(1 / -),80(1 / -),75,74,15,2
142,asklistmarks.info,Found,Root domain,348,89,78,74,14,2
143,astoresubmit.com,Found,Root domain,22(1 / -),10(1 / -),9,9,5,2
144,athleticsincorporated.com,Found,Root domain,"1,424(2 / -)",225(2 / -),219,194,24,3
145,attwireless.co.uk,Found,Root domain,926(2 / -),166(2 / -),156,150,10,1
146,autobookmarks.com,Found,Root domain,"9,015(9 / -)",561(5 / -),460,410,15,3
147,awbiz.net,Found,Root domain,"3,120",216,200,189,15,5
148,axonprism.com,Found,Root domain,"1,412",83,71,68,8,3
149,azbukaturizma.com,Found,Root domain,577,21,21,21,7,3
150,b3ck.net,Found,Root domain,905,104,83,79,18,6
1,babblestorm.sokmotortoppen.net,Found,Subdomain,163,13,13,13,22,6
2,backlinks1.info,Found,Root domain,83,22,22,22,12,2
3,backlinkstate.com,Found,Root domain,"117,705(33 / -)","2,931(17 / -)","1,935","1,567",36,6
4,backlinkvault.com,Found,Root domain,"15,584(16 / -)","1,216(10 / -)","1,052",878,22,7
5,baku.leeandkenul.net,Found,Subdomain,"3,638",165,143,136,29,7
6,bandse.com,Found,Root domain,8,8,6,6,5,-
7,bangladesh007.com,Found,Root domain,214,32,31,31,10,2
8,bargains.best-prepaid-cell-phone-plan...,Found,Subdomain,"3,002(2 / -)",404(2 / -),306,285,40,15
9,beachwares.com,Found,Root domain,776(1 / -),163(1 / -),148,141,21,6
10,beastdigg.com,Found,Root domain,"8,492(80 / 1)",618(11 / 1),493,452,16,5
11,behappy.net16.net,Found,Subdomain,73,8,6,6,1,-
12,beijingolympics2008live.com,Found,Root domain,591,57,51,48,13,7
13,belgaummirror.com,Found,Root domain,125,30,28,28,12,7
14,bendiceme.com,Found,Root domain,"78,793",69,51,49,25,11
15,bestapps.appoholic.com,Found,Subdomain,2,1,1,1,-,-
16,bestdeal.clickpconsale.com,Found,Subdomain,295(1 / -),72(1 / -),70,66,26,7
17,bestonlinestores.co.cc,Found,Root domain,44,15,15,13,6,1
18,bestpricedigg.net,Found,Root domain,"20,301(42 / -)","1,429(12 / -)","1,179",966,21,8
19,bestpricescompare.us,Found,Root domain,33,19,19,19,6,1
20,bestpush.com,Found,Root domain,240,96,82,79,9,5
21,beststumbles.com,Found,Root domain,"20,578(42 / 78)","1,927(11 / 1)","1,410","1,222",21,7
22,best-web-hosting-providers.com,Found,Root domain,"13,182(7 / -)",453(2 / -),393,341,32,7
23,bestweblink.info,Found,Root domain,68,44,42,40,13,3
24,beta.spartansportspage.com,Found,Subdomain,"2,363(1 / -)",200(1 / -),176,166,27,10
25,beta.umodel18.com,Found,Subdomain,7,5,5,5,17,2
26,betterbookmarking.info,Found,Root domain,"5,875(7 / -)",591(4 / -),512,435,16,6
27,betterhealthgroup.org,Found,Root domain,609,115,105,102,12,2
28,bgsocial.com,Found,Root domain,"7,072(4 / -)",570(3 / -),470,417,22,5
29,bhpromotions.com,Found,Root domain,313,62,58,50,14,4
30,bieberfacts.com,Found,Root domain,225,8,7,7,5,-
31,bienpagado.net,Found,Root domain,655(1 / -),167(1 / -),159,151,19,4
32,bigbarga.in,Found,Root domain,"11,720(31 / -)",930(5 / -),753,651,17,6
33,bigbighoster.com,Found,Root domain,469,85,74,64,18,4
34,bigdigg.de,Found,Root domain,-,-,-,-,-,-
35,biggdig.com,Found,Root domain,45,28,28,28,6,-
36,biggs.com.br,Found,Root domain,43(1 / -),18(1 / -),18,18,6,-
37,bigkudos.com,Found,Root domain,158(1 / -),75(1 / -),66,64,8,5
38,big-vegas.com,Found,Root domain,654,107,94,90,11,8
39,bikejunky.ca,Found,Root domain,254,39,36,36,7,6
40,bikiniwares.com,Found,Root domain,61,32,30,30,6,-
41,bilmis.net,Found,Root domain,298(1 / -),52(1 / -),45,45,7,5
42,bingsurfer.com,Found,Root domain,"7,449(7 / -)",598(2 / -),518,453,27,11
43,bipin.net.ru,Found,Root domain,10,8,8,8,5,-
44,biqboq.com,Found,Root domain,"51,750(794 / 8)","3,223(34 / 3)","2,237","1,840",27,11
45,bitereports.com,Found,Root domain,740(2 / -),100(1 / -),90,87,9,2
46,biztechtoday.com,Found,Root domain,"4,215(7 / -)",193(2 / -),174,161,12,3
47,blackd.ovh.org,Found,Subdomain,21,5,5,5,-,-
48,blessedit.com,Found,Root domain,"1,701",266,193,180,13,13
49,blixtech.com,Found,Root domain,"22,651(17 / 1)",903(9 / 1),817,707,17,8
50,blog.cat-recyclinginfo.com,Found,Subdomain,84,40,38,38,25,11
51,blog.tt-telco.com,Found,Subdomain,39,30,29,29,22,-
52,blogdea.com,Found,Root domain,"15,533(3 / -)",496(3 / -),403,357,25,4
53,bloggeame.com,Found,Root domain,76,36,36,36,14,3
54,bloggergarut.info,Found,Root domain,490(1 / -),70(1 / -),64,63,8,-
55,blogjoints.com,Found,Root domain,"6,564",103,94,92,13,3
56,bloglink.org,Found,Root domain,277,77,72,70,10,1
57,bloglogger.info,Found,Root domain,1,1,1,1,1,-
58,blogpiper.com,Found,Root domain,"1,742(2 / -)",238(1 / -),212,191,18,3
59,blogregator.net,Found,Root domain,"20,655(8 / -)","1,048(6 / -)",890,767,20,27
60,blogsingle.com,Found,Root domain,581,52,45,45,12,1
61,blogsworld.info,Found,Root domain,160,15,15,15,7,-
62,blogsy.de,Found,Root domain,"182,062(552 / 1)","2,737(18 / 1)","1,630","1,312",35,27
63,blogy.superapple.cz,Found,Subdomain,470,45,19,15,40,26
64,bloodygoodhorror.net,Found,Root domain,246,71,61,59,19,15
65,blv-socialbookmarking.com,Found,Root domain,"8,996(7 / -)",602(4 / -),474,428,20,11
66,bmlistings.info,Found,Root domain,133,67,62,61,16,2
67,bodkwam.com,Found,Root domain,281,45,41,37,11,7
68,bokme.com,Found,Root domain,"5,100(2 / -)",386(2 / -),361,331,14,5
69,bolbharat.com,Found,Root domain,414,118,108,103,15,4
70,bon-de-reduction.biz,Found,Root domain,"2,037",82,68,62,15,10
71,boodo.com,Found,Root domain,149,47,45,43,7,-
72,bookmark.arenabetting.com,Found,Subdomain,"7,589(11 / 1)",787(6 / 1),631,535,41,11
73,bookmark.bestreviewprice.info,Found,Subdomain,364,43,40,37,25,6
74,bookmark.changsunha.com,Found,Subdomain,629(1 / -),101(1 / -),92,80,27,19
75,bookmark.cheapnow.org,Found,Subdomain,308,45,39,38,25,2
76,bookmark.e-carzone.com,Found,Subdomain,"3,381",59,52,48,29,17
77,bookmark.fingx.com,Found,Subdomain,"13,779",199,168,160,29,11
78,bookmark.giorgiotave.it,Found,Subdomain,"1,115",76,67,64,26,20
79,bookmark.idigitalnet.com,Found,Subdomain,"29,350(12 / -)",687(3 / -),561,483,33,11
80,bookmark.jixkr.com,Found,Subdomain,15,4,4,4,17,-
81,bookmark.jjplanet.com,Found,Subdomain,378(2 / -),101(2 / -),100,97,27,-
82,bookmark.kingrpg.net,Found,Subdomain,209(16 / -),61(2 / -),50,50,32,18
83,bookmark.motupally.com,Found,Subdomain,"21,367(29 / 1)","1,751(15 / 1)","1,414","1,147",38,18
84,bookmark.omuch.net,Found,Subdomain,"4,225(1 / -)",315(1 / -),272,247,32,16
85,bookmark.onlineshopmall.us,Found,Subdomain,28,7,6,6,21,-
86,bookmark.sabuycafe.com,Found,Subdomain,129,8,5,5,22,-
87,bookmark.seochitchat.com,Found,Subdomain,"2,814(9 / -)",408(3 / -),353,314,32,16
88,bookmark.warungbebas.com,Found,Subdomain,"1,034(5 / -)",99(3 / -),92,88,26,13
89,bookmark.wom.im,Found,Subdomain,"1,140",209,193,172,30,22
90,bookmark4seo.com,Found,Root domain,"74,215(43 / -)","3,884(21 / -)","2,487","1,962",39,7
91,bookmarkaja.com,Found,Root domain,"1,721(32 / -)",307(4 / -),290,266,12,5
92,bookmarkalways.com,Found,Root domain,56,29,27,25,9,2
93,bookmarkarticles.com,Found,Root domain,"8,579(3 / -)",710(3 / -),598,524,28,7
94,bookmarkasite.co.cc,Found,Root domain,673,94,87,86,7,1
95,bookmarkcard.info,Found,Root domain,107(1 / -),32(1 / -),30,30,7,2
96,bookmarkdaddy.com,Found,Root domain,192,49,48,46,7,1
97,bookmarkden.com,Found,Root domain,108,59,58,52,8,-
98,bookmarkdiesel.com,Found,Root domain,750(15 / 5),202(1 / 1),186,173,13,4
99,bookmarkdude.com,Found,Root domain,238,48,48,47,8,1
100,bookmarkeasy.com,Found,Root domain,"9,303(1 / -)","1,044(1 / -)",791,676,17,11
101,bookmarkeasy.com.nu,Found,Root domain,182,75,71,70,13,2
102,bookmarkgood.com,Found,Root domain,300,43,40,39,8,1
103,bookmarkindo.com,Found,Root domain,"14,633(7 / -)",705(4 / -),596,519,17,13
104,bookmarking.jsrsolutions.com,Found,Subdomain,239,6,6,6,26,12
105,bookmarking.shawl.co.in,Not found,-,-,-,-,-,-,-
106,bookmarking.smartgamezone.com,Not found,-,-,-,-,-,-,-
107,bookmarking.softwaredevelopmentcompan...,Found,Subdomain,15,6,6,6,22,-
108,bookmarking.todayindianews.com,Found,Subdomain,17,11,11,11,22,-
109,bookmarking.ws,Found,Root domain,"2,223(1 / 1)",301(1 / 1),270,245,12,3
110,bookmarkinghall.com,Found,Root domain,"1,738(7 / -)",218(2 / -),199,186,21,3
111,bookmarkingmagnet.info,Found,Root domain,"8,720(33 / -)",871(4 / -),731,634,28,7
112,bookmarkingmania.com,Found,Root domain,"2,080(9 / -)",186(2 / -),166,153,22,6
113,bookmarkingpalace.info,Found,Root domain,"6,288(45 / -)",664(4 / -),608,523,15,7
114,bookmarkings.net,Found,Root domain,95,51,50,46,12,2
115,bookmarking-site.com,Found,Root domain,"9,160(1 / -)",553(1 / -),428,391,15,5
116,bookmarkingworld.info,Found,Root domain,56,27,23,21,7,2
117,bookmarkking.info,Found,Root domain,"115,110(193 / 1)","3,528(21 / 1)","2,342","1,829",34,9
118,bookmarklady.com,Found,Root domain,116(1 / -),31(1 / -),30,29,7,-
119,bookmarkme.com.nu,Found,Root domain,46(1 / -),29(1 / -),29,29,9,-
120,bookmarkmysite.info,Found,Root domain,848,192,163,155,14,6
121,bookmarkmytags.com,Found,Root domain,"1,956(2 / -)",268(2 / -),244,222,21,8
122,bookmarkpad.com,Found,Root domain,87,48,48,43,8,4
123,bookmarks.all.co.uk,Found,Subdomain,16,2,2,2,17,11
124,bookmarks.allbizlistings.com,Found,Subdomain,"1,078(3 / -)",115(3 / -),99,96,28,15
125,bookmarks.leadinglink.com,Found,Subdomain,139,57,51,50,26,10
126,bookmarks.ravishanker.info,Found,Subdomain,"5,122(1 / -)",415(1 / -),382,353,34,14
127,bookmarks.thevipdirectory.info,Found,Subdomain,"3,725(5 / -)",464(2 / -),393,361,34,22
128,bookmarks.travel-minimarket.info,Found,Subdomain,29(- / 1),18(- / 1),18,18,24,-
129,bookmarks.treuemax.com,Found,Subdomain,728,146,136,128,28,16
130,bookmarks.website.org,Found,Subdomain,17,2,2,2,-,-
131,bookmarks4fun.com,Found,Root domain,206(1 / -),35(1 / -),35,34,16,1
132,bookmarksarena.com,Found,Root domain,"1,302(1 / -)",187(1 / -),172,160,21,4
133,bookmarkscape.com,Found,Root domain,"39,712(170 / 1)","2,763(23 / 1)","2,024","1,626",32,6
134,bookmarksdemon.info,Found,Root domain,135,69,57,54,8,2
135,bookmarksdiary.com,Found,Root domain,"14,940(4 / -)",713(4 / -),605,536,18,6
136,bookmarksheaven.com,Found,Root domain,"5,124(1 / -)",240(1 / -),222,200,13,5
137,bookmarkshive.com,Found,Root domain,"16,178(13 / -)",946(10 / -),795,679,16,6
138,bookmarkshunt.com,Found,Root domain,"67,892(73 / 2)","3,869(30 / 2)","2,598","2,048",34,11
139,bookmarkshut.info,Found,Root domain,"623,206(2,826 / 118)","21,688(154 / 18)","12,074","8,227",55,18
140,bookmarkslive.info,Found,Root domain,974(1 / -),258(1 / -),225,210,12,5
141,bookmarksmetal.com,Found,Root domain,16,8,8,8,5,-
142,bookmarksparade.com,Found,Root domain,"2,520(13 / 3)",123(2 / 1),112,104,21,4
143,bookmarkspedia.com,Found,Root domain,268,129,106,96,17,5
144,bookmarkstop.com,Found,Root domain,287,46,45,45,7,1
145,bookmarksvine.com,Found,Root domain,"2,118(3 / -)",238(3 / -),213,187,14,9
146,bookmarkszone.com,Found,Root domain,"75,678(14 / -)",622(5 / -),516,441,27,6
147,bookmarkthose.com,Found,Root domain,446,89,64,61,14,7
148,bookmarktime.info,Found,Root domain,818,172,164,148,13,10
149,bookmarktracker.com,Found,Root domain,"318,700(34 / 1)","2,647(24 / 1)","2,168","1,850",31,23
150,bookmarkupdates.com,Found,Root domain,29,15,14,14,8,2
1,bookmarkurl.net,Found,Root domain,174,48,47,46,16,2
2,bookmarkvista.com,Found,Root domain,"6,541(1 / 2)",335(1 / 1),278,253,22,5
3,bookmarkwheel.com,Found,Root domain,"44,420(51 / 3)","2,965(29 / 3)","2,117","1,678",31,10
4,bookmarkwheel.info,Found,Root domain,"8,690(6 / -)","1,139(3 / -)",876,754,18,9
5,bookmarkworld.info,Found,Root domain,"24,661(10 / -)",783(6 / -),676,577,20,5
6,bookmarkworldonline.info,Found,Root domain,84,37,33,33,15,1
7,bookmark-your-website.com,Found,Root domain,"29,199(61 / 1)","1,727(10 / 1)","1,403","1,139",24,6
8,bookmox.com,Found,Root domain,"2,491(3 / -)",444(2 / -),377,343,14,6
9,bookmr.com,Found,Root domain,278(1 / -),74(1 / -),71,67,8,2
10,boombox.deshirhymes.com,Found,Subdomain,"19,732(1 / -)",297(1 / -),279,254,33,8
11,bpmsoftware.net,Found,Root domain,"7,496(84 / -)",689(5 / -),625,556,17,5
12,britsocial.com,Found,Root domain,7,4,4,4,4,2
13,brourls.com,Found,Root domain,76,53,51,50,7,1
14,bs.net76.net,Found,Subdomain,76,49,48,48,22,-
15,buk-mark.com,Found,Root domain,"177,694(93 / -)","2,322(15 / -)","1,646","1,336",29,10
16,bulksmsanywhere.com,Found,Root domain,"3,110",39,33,30,17,18
17,bumplinks.com,Found,Root domain,254,72,65,61,12,3
18,bumtag.com,Found,Root domain,"7,067(24 / -)",781(10 / -),671,580,19,5
19,business2dofollow.info,Found,Root domain,52,21,21,21,11,5
20,buycheapprinter.com,Found,Root domain,388(1 / -),78(1 / -),71,68,15,8
21,buzz.bestsail.org,Found,Subdomain,366,77,65,61,26,13
22,buzz.bizhat.com,Found,Subdomain,"5,571",373,323,286,27,24
23,buzz.chennaivision.com,Found,Subdomain,810,152,142,136,26,16
24,buzz.ilookz.com,Found,Subdomain,126,32,32,31,26,11
25,buzz.waaaouh.com,Found,Subdomain,"4,455",178,129,121,32,25
26,buzz.webbiru.com,Found,Subdomain,"1,248",41,39,38,25,14
27,buzzbm.com,Found,Root domain,"2,096(1 / -)",338(1 / -),312,289,13,3
28,buzzednews.info,Found,Root domain,"7,127(11 / -)",245(1 / -),173,154,13,6
29,buzzmark.info,Found,Root domain,238,57,51,46,17,2
30,buzzsawmill.com,Found,Root domain,"6,641(2 / -)",382(2 / -),338,305,16,7
31,buzzstory.org,Found,Root domain,"2,661(3 / -)",177(2 / -),151,140,17,3
32,buzztopics.info,Found,Root domain,"9,597(9 / -)",552(5 / -),500,444,15,3
33,buzzup-urls.info,Found,Root domain,119,50,42,41,7,2
34,bzgr.com,Found,Root domain,123(2 / -),16(1 / -),15,15,7,10
35,cadillactight.net,Found,Root domain,"28,844(15 / 1)","2,165(10 / 1)","1,774","1,438",30,12
36,cagedfire.com,Found,Root domain,"4,491",49,21,20,34,7
37,cameragearreview.com,Found,Root domain,104,14,9,9,7,-
38,canton-mi.com,Found,Root domain,159,71,68,67,8,4
39,cars-news.org,Found,Root domain,"19,110(2 / 1)",347(2 / 1),306,280,29,5
40,cashcasinos.info,Found,Root domain,-,-,-,-,-,-
41,catalog-varna.com,Found,Root domain,795(2 / -),37(2 / -),37,34,7,3
42,ccbilled.com,Found,Root domain,22,14,13,11,13,2
43,cdigg.netne.net,Found,Subdomain,"8,710",310,284,257,27,11
44,ceelb.com,Found,Root domain,111,5,5,5,5,2
45,celebracy.com,Found,Root domain,"7,358(19 / -)",613(7 / -),534,453,16,8
46,celebritybookmark.com,Found,Root domain,195,88,88,85,25,5
47,ceni.site88.net,Found,Subdomain,106,15,13,13,21,3
48,chain-marking.info,Found,Root domain,301,75,70,68,14,2
49,chatadeal.com,Found,Root domain,760(11 / 3),189(1 / 1),134,130,12,5
50,cheapprice.siam-shop.net,Found,Subdomain,28,19,16,16,23,7
51,checkit.gr,Found,Root domain,"215,821(600 / 1)","7,101(57 / 1)","4,535","3,346",40,9
52,cherianews.info,Found,Root domain,818(16 / -),148(2 / -),131,120,21,6
53,chicago.getofftheinternet.net,Found,Subdomain,129(1 / -),56(1 / -),48,47,27,16
54,christmas-video.weihnachts-lichter.de,Found,Subdomain,322,21,21,20,37,22
55,circleofwillis.net,Found,Root domain,"16,572(14 / -)",738(4 / -),594,516,17,3
56,citypyc.com,Found,Root domain,2,2,2,2,-,-
57,clevergamer.com,Found,Root domain,"23,268(15 / -)",619(5 / -),526,454,17,5
58,clickclique.org,Found,Root domain,"2,210",118,106,97,16,15
59,clickdeindia.com,Found,Root domain,"9,211(7 / 1)","1,070(4 / 1)",875,717,24,8
60,clickiz.com,Found,Root domain,"3,974",110,88,82,12,13
61,clipbookmarks.com,Found,Root domain,"4,031(1 / -)",646(1 / -),585,512,26,7
62,cloudtrip.com,Found,Root domain,"35,449(445 / -)","2,895(22 / -)","2,117","1,716",29,10
63,cloudytags.info,Found,Root domain,"30,514(34 / -)","1,714(11 / -)","1,299","1,071",21,6
64,clser.com,Found,Root domain,218(1 / -),109(1 / -),102,98,17,24
65,clubbookmarking.info,Found,Root domain,16,7,6,6,10,1
66,cn.gnrsu.com,Found,Subdomain,47,6,6,6,22,-
67,collaborate.slcds.info,Found,Subdomain,"1,835(132 / -)",113(1 / -),106,99,28,10
68,companiescontact.com,Found,Root domain,716,138,106,100,16,7
69,conmensense.com,Found,Root domain,24,17,14,12,5,2
70,connectbookmarking.info,Found,Root domain,164,23,23,22,7,1
71,connectchain.com,Found,Root domain,"1,443(9 / -)",195(1 / -),183,177,14,3
72,conseilscreateur.com,Found,Root domain,"2,828(4 / -)",246(2 / -),174,159,25,12
73,consoleheat.com,Found,Root domain,31,3,3,3,4,-
74,constructnigeria.com,Found,Root domain,51,25,25,24,6,-
75,contapc.com,Found,Root domain,512(3 / -),124(1 / -),115,100,15,3
76,contentsocial.info,Found,Root domain,"5,266(5 / -)",652(5 / -),603,526,19,5
77,contestcafe.com,Found,Root domain,345(1 / -),30(1 / -),30,30,14,5
78,cool-stuff.skrappy.org,Found,Subdomain,39,18,17,17,23,5
79,cosma.co.cc,Found,Root domain,"1,696(1 / -)",46(1 / -),41,41,7,2
80,crackheel.com,Found,Root domain,211(1 / -),31(1 / -),31,30,7,1
81,crazyinthecity.com,Found,Root domain,"1,163(2 / -)",200(2 / -),185,175,17,5
82,creadiem.allobi.se,Found,Subdomain,174(1 / -),36(1 / -),34,34,24,11
83,creofalso.site11.com,Found,Subdomain,219,28,25,25,22,1
84,cricket.am,Found,Root domain,19,17,16,16,5,-
85,crisscrosslink.info,Found,Root domain,"18,262(4 / -)",510(2 / -),436,392,21,9
86,csocboomz.50gigs.net,Found,Subdomain,453,25,23,23,24,16
87,cuadernorayado.com,Found,Root domain,"20,684(2 / -)","1,371(2 / -)","1,043",903,30,9
88,customerules.com,Found,Root domain,"5,847(3 / -)",442(1 / -),355,308,15,5
89,cute-frosty.biginternetdirectory.com,Found,Subdomain,31,17,15,14,23,5
90,cymbaltacheap.eu.pn,Found,Root domain,30,11,9,9,7,1
91,d.k312.com,Found,Subdomain,100,8,7,7,26,17
92,d474rpr.com,Found,Root domain,307,96,82,81,18,5
93,daghtarin.com,Found,Root domain,"33,106(18 / 1)","2,045(9 / 1)","1,644","1,337",25,7
94,daily.aero,Found,Root domain,801(1 / -),167(1 / -),152,143,11,1
95,dailydoseofgirls.com,Found,Root domain,61,34,34,34,13,5
96,dailypluck.com,Found,Root domain,55,17,17,17,10,1
97,dddigg.com,Found,Root domain,350,43,38,37,6,3
98,deal.discountbestsales.com,Found,Subdomain,56,39,37,37,25,-
99,dealsnitcher.com,Found,Root domain,"3,389(5 / -)",402(3 / -),348,306,28,3
100,dealsrock.com,Found,Root domain,111,40,33,31,13,2
101,debttoavette.info,Found,Root domain,3,3,2,2,3,-
102,debwire.net,Found,Root domain,"2,621(5 / -)",375(4 / -),334,304,14,4
103,decryptage-sarkozysme.net,Found,Root domain,"3,330(1 / -)",333(1 / -),284,253,14,5
104,defdeal.com,Found,Root domain,"19,774(15 / 1)","1,592(13 / 1)","1,202","1,011",33,13
105,definebookmarks.com,Found,Root domain,"1,330(5 / -)",225(2 / -),190,173,22,6
106,delicious.com,Found,Root domain,"278,671,403(566,953 / 590,277)","593,031(2,227 / 661)","194,795","68,663",84,85
107,deliciousbookmark.info,Found,Root domain,193,46,39,38,13,5
108,delicious-digg.cz.cc,Found,Subdomain,725,158,145,134,23,10
109,dengikurd.com,Found,Root domain,"1,011",69,53,47,8,2
110,design.fr,Found,Root domain,"8,652(16 / 2)","1,245(10 / 2)",921,845,32,13
111,designerbookmark.com,Found,Root domain,5,4,4,4,4,-
112,detik.cc,Found,Root domain,76(1 / -),29(1 / -),28,26,7,-
113,deu.bestsail.org,Found,Subdomain,"1,327",76,60,60,25,13
114,dev.funnal.com,Found,Subdomain,"47,047(47 / 1)","2,147(22 / 1)","1,532","1,254",34,15
115,dickyring.com,Found,Root domain,93,35,32,29,11,3
116,dig.bestsail.org,Found,Subdomain,85,28,27,26,24,10
117,digg.amulet-buddha.com,Found,Subdomain,"4,396(1 / -)",229(1 / -),182,174,28,15
118,digg.articleaof.co.cc,Found,Subdomain,"4,879(11 / -)",588(5 / -),511,452,33,18
119,digg.boardwebgames.com,Found,Subdomain,751,76,72,69,27,15
120,digg.bugbing.com,Found,Subdomain,178,31,29,29,24,14
121,digg.cmshostthailand.com,Found,Subdomain,"2,651(2 / -)",295(2 / -),234,211,30,23
122,digg.com,Found,Root domain,"1,031,861,746(1,459,577 / 1,442,561)","1,422,877(3,420 / 1,413)","371,099","101,160",90,86
123,digg.deksiam.net,Found,Subdomain,303,85,85,82,27,15
124,digg.devstore.in.th,Found,Subdomain,302,52,50,49,17,6
125,digg.esiti.in,Found,Subdomain,106,35,34,34,24,10
126,digg.forwebdev.com,Found,Subdomain,"18,753(10 / -)",374(2 / -),330,297,39,11
127,digg.gootum.com,Found,Subdomain,"12,665",207,123,116,25,10
128,digg.look4thailand.com,Found,Subdomain,258(9 / -),102(2 / -),98,93,25,7
129,digg.ohozaa.com,Found,Subdomain,362(1 / -),110(1 / -),105,103,27,15
130,digg.ronkard.com,Found,Subdomain,"9,320(1 / -)",590(1 / -),513,460,34,14
131,digg.settlejob.com,Found,Subdomain,177,41,40,38,26,6
132,digg.smileblogger.com,Found,Subdomain,431,68,63,58,26,11
133,digg.teeneesanook.com,Found,Subdomain,215,37,32,29,31,10
134,digg.thaimerits.com,Found,Subdomain,"5,004",27,25,25,25,11
135,digg.topgirlshop.com,Found,Subdomain,"20,486(9 / -)","1,107(6 / -)",873,728,35,18
136,digg.ueuo.com,Found,Subdomain,16,9,9,9,9,11
137,digg4magic.co.cc,Found,Root domain,34,21,20,20,6,3
138,diggaof.co.cc,Found,Root domain,"6,335(14 / -)",732(5 / -),650,559,15,3
139,digg-digg.com,Found,Root domain,"22,041(12 / -)","1,277(5 / -)",898,768,23,7
140,digghiso.com,Found,Root domain,945,68,58,53,22,4
141,diggimania.com,Found,Root domain,"76,363(255 / 2)","4,005(31 / 2)","2,639","2,057",33,14
142,diggit.dodma.com,Found,Subdomain,"4,895(7 / -)",542(6 / -),429,387,33,17
143,diggit.in,Found,Root domain,"83,449(67 / 3)","3,212(14 / 2)","2,014","1,619",28,12
144,diggme.net,Found,Root domain,"1,123(5 / -)",138(1 / -),125,119,16,2
145,diggo.info,Found,Root domain,71,5,5,5,10,-
146,diggo.net,Found,Root domain,"32,917(11 / -)",959(6 / -),769,637,35,4
147,diggobookmark.info,Found,Root domain,494,69,60,60,17,5
148,diggolist-ing.info,Found,Root domain,88,34,32,32,7,2
149,digg-review.info,Found,Root domain,368,76,63,61,10,2
150,diggthai.dofollow-bookmarks.com,Found,Subdomain,"1,245(2 / -)",113(1 / -),106,94,28,17
1,diggway.com,Found,Root domain,"2,462(6 / -)",267(2 / -),232,204,10,2
2,diggwebsite.com,Found,Root domain,"14,253(177 / -)",242(3 / -),217,201,11,3
3,digitroncat.nanacity.com,Found,Subdomain,9,5,5,5,3,-
4,digtag.com,Found,Root domain,58,26,25,25,6,6
5,digwe.com,Found,Root domain,"64,170(111 / 3)","4,069(18 / 2)","3,222","2,326",25,12
6,digxp.com,Found,Root domain,"9,227(2 / -)",389(2 / -),363,335,14,8
7,digzz.com,Found,Root domain,"208,321(333 / 1)","6,325(41 / 1)","5,149","3,767",32,10
8,diigo.com,Found,Root domain,"37,549,713(96,660 / 17,822)","143,610(1,212 / 154)","69,945","34,474",67,61
9,diigomarks.info,Found,Root domain,138,54,49,45,16,2
10,directfan.com,Found,Root domain,274,60,57,53,7,-
11,directory.blogbareng.com,Found,Subdomain,"1,832",329,286,258,33,11
12,directory.playpark.com,Found,Subdomain,7,4,4,4,19,1
13,directory.sbuydomain.com,Found,Subdomain,"2,672(3 / -)",321(2 / -),297,264,33,11
14,directoryauthor.info,Found,Root domain,32,22,18,18,6,-
15,directorysubmit.info,Found,Root domain,93,51,49,49,14,10
16,discountbestprice.info,Found,Root domain,73(1 / -),39(1 / -),38,37,16,1
17,dizzed.com,Found,Root domain,"7,737(3 / -)","1,041(2 / -)",824,720,20,12
18,dofollow-digg.com,Found,Root domain,6,4,4,4,8,-
19,do-follow-feeder.info,Found,Root domain,129,52,48,48,8,3
20,do-follow-index.info,Found,Root domain,88,35,27,27,12,2
21,dofollowsocial.info,Found,Root domain,37,19,19,18,6,9
22,dokuvideos.com,Found,Root domain,4,3,3,3,3,-
23,domzlistings.info,Found,Root domain,141,59,53,52,9,2
24,donedigg.com,Found,Root domain,"1,810(2 / -)",466(2 / -),359,336,13,11
25,dopin.co.cc,Found,Root domain,338,18,18,18,6,-
26,dopior.net,Found,Root domain,"4,319(1 / -)",307(1 / -),258,237,29,7
27,dositv.com,Found,Root domain,"1,053(4 / -)",314(4 / -),291,263,16,7
28,dropyourlink.com,Found,Root domain,"3,820(1 / -)",630(1 / -),530,468,15,7
29,drupa.org,Found,Root domain,"1,368(5 / -)",253(3 / -),231,218,13,15
30,dubbagol.com,Found,Root domain,"10,866(177 / -)",963(5 / -),855,741,29,9
31,dugdigg.co.cc,Found,Root domain,"1,628",148,136,127,10,3
32,duggit.orgfree.com,Found,Subdomain,"1,179(2 / -)",189(2 / -),179,161,22,10
33,dugrecession.com,Found,Root domain,"1,658(3 / -)",481(3 / -),379,340,25,5
34,dui.dwilawyerdirectory.info,Found,Subdomain,271,103,97,92,28,15
35,dukyani.com,Found,Root domain,"31,828(770 / 2)","1,575(11 / 1)","1,283","1,054",22,6
36,dupezone.free.fr,Found,Subdomain,16,9,8,7,-,-
37,dzone.zijinshi.org,Found,Subdomain,"4,716(2 / -)",397(2 / -),333,299,32,11
38,eaglebookmarks.com,Found,Root domain,"28,082(20 / -)","2,328(13 / -)","1,688","1,354",40,8
39,easybookmarks.info,Found,Root domain,"5,202",328,299,282,12,5
40,easymash.com,Found,Root domain,"78,950(259 / 41)","3,929(34 / 1)","3,052","2,489",36,20
41,easyxtras.com,Found,Root domain,"10,166(5 / -)",547(5 / -),486,451,17,5
42,e-book-link.de,Found,Root domain,929,114,100,97,17,8
43,ebuzza.com,Found,Root domain,68(1 / -),34(1 / -),33,32,7,3
44,eclipsecreativesolutions.com,Found,Root domain,"2,433",15,13,13,16,3
45,ecm.ie,Found,Root domain,"1,081(1 / -)",113(1 / -),104,98,9,3
46,ecomark.it,Found,Root domain,"63,389(236 / 4)","3,362(22 / 2)","2,326","1,863",31,8
47,ecopuncture.com,Found,Root domain,50,26,26,26,6,4
48,ecopuncture.net,Found,Root domain,"16,453",63,59,59,12,4
49,edeals2go.com,Found,Root domain,216,47,44,42,11,1
50,edofollow.info,Found,Root domain,54,23,22,22,11,5
51,educatoroftheday.com,Found,Root domain,528,46,40,38,11,6
52,eeproc.com,Found,Root domain,473,50,45,44,15,2
53,efaktura24.com,Found,Root domain,"6,054(10 / -)",413(1 / -),301,278,27,11
54,einfache-handy-bedienung.de,Found,Root domain,"5,431(11 / -)",537(4 / -),481,422,15,6
55,ejive.net,Found,Root domain,12,6,6,6,10,2
56,ekhabar.comoj.com,Found,Subdomain,698(1 / -),133(1 / -),118,114,22,15
57,ekierowca.com,Found,Root domain,26,16,15,14,9,5
58,ekle.topsiteler.net,Found,Subdomain,"2,757(9 / -)",448(5 / -),358,334,42,26
59,emilios.hostzi.com,Found,Subdomain,16,5,5,5,20,1
60,empapas.net23.net,Found,Subdomain,686,81,71,68,7,-
61,ems-planet.info,Found,Root domain,81,32,30,30,7,2
62,en.gnrsu.com,Found,Subdomain,61,20,16,16,24,11
63,en-casino.com,Found,Root domain,"6,747(170 / -)",665(4 / -),578,509,27,5
64,endchristiantourettes.com,Found,Root domain,75,59,56,55,7,1
65,endroit.ca,Found,Root domain,"27,098(52 / 4)","2,886(15 / 2)","2,006","1,617",23,9
66,energy.inetconnector.com,Found,Subdomain,153,17,14,14,29,19
67,enewsportal.co.cc,Found,Root domain,9,5,5,5,4,-
68,enmovemento.movemento.org,Found,Subdomain,53,34,33,33,24,11
69,entawana.com,Found,Root domain,"5,403(12 / -)",496(2 / -),452,411,17,5
70,entreview.com,Found,Root domain,"5,397(1 / -)",512(1 / -),370,343,18,13
71,envirafriendly.com,Found,Root domain,323,39,39,39,15,2
72,equity-investments.us,Found,Root domain,"4,245(1 / -)",440(1 / -),391,354,15,14
73,erotics.uni.cc,Found,Subdomain,2,1,1,1,-,-
74,erpscoop.inetconnector.com,Found,Subdomain,174,14,14,14,23,11
75,ertay.com,Found,Root domain,"11,403(1 / -)",527(1 / -),457,409,20,6
76,erupcija.com,Found,Root domain,"8,097(3 / -)",416(2 / -),321,299,24,29
77,e-secondmortgages.com,Found,Root domain,203,62,45,43,12,2
78,etikett-en.de,Found,Root domain,"130,368(565 / -)",319(2 / -),254,199,36,24
79,europaconsulate.org,Found,Root domain,136,66,58,54,21,3
80,eventsession.com,Found,Root domain,"39,324(837 / -)","2,948(16 / -)","2,178","1,771",25,13
81,exampleletter.us,Found,Root domain,19,11,11,11,7,1
82,expertssociolink.info,Found,Root domain,804(2 / -),38(2 / -),35,34,7,2
83,explorelinks.com,Found,Root domain,192,87,77,73,16,4
84,expressbookmarks.com,Found,Root domain,"38,919(352 / 1)","1,616(10 / 1)","1,266","1,051",20,6
85,ezine-news.info,Found,Root domain,104,40,38,38,7,2
86,ez-learn.us,Found,Root domain,162,3,3,3,4,1
87,f1newsgrid.com,Found,Root domain,319(2 / -),60(2 / -),57,57,8,2
88,fa.vorites.com,Found,Subdomain,"269,436(23 / -)","1,717(12 / -)","1,283","1,083",48,34
89,faitsdujour.com,Found,Root domain,"10,938",40,39,39,10,6
90,famebookmarks.com,Found,Root domain,"6,463(7 / -)",816(5 / -),703,614,21,7
91,familyfaithfriends.com,Found,Root domain,"22,336(11 / 2)",486(5 / 2),408,363,21,14
92,fanbias.com,Found,Root domain,"100,225(135 / 40)","5,344(24 / 4)","3,609","2,832",47,27
93,fatlossweekly.com,Found,Root domain,944,68,66,64,8,-
94,faveus-url.info,Found,Root domain,69,25,23,22,6,2
95,fcnavi.dip.jp,Found,Subdomain,44,29,29,29,20,1
96,feedpointer.de,Found,Root domain,118,61,58,58,10,5
97,fensko.net,Found,Root domain,"1,612(5 / -)",108(1 / -),99,96,9,3
98,ffbs.lehmerweb.com,Found,Subdomain,10,8,7,7,23,-
99,fiestuka.alojamientogratuito.info,Found,Subdomain,2,2,2,2,19,-
100,fifafairplay.com,Found,Root domain,"1,755",73,59,55,13,2
101,figg.ehila.net,Found,Subdomain,"34,474(380 / -)","2,648(22 / -)","1,889","1,528",46,24
102,fightmarks.com,Found,Root domain,106(1 / -),49(1 / -),46,45,8,7
103,fightranker.com,Found,Root domain,536,75,71,69,9,2
104,figurelinks.info,Found,Root domain,"14,063(7 / 2)","1,326(3 / 1)","1,018",871,32,8
105,filmy.odkopuj.pl,Found,Subdomain,914,106,93,90,34,15
106,finddawn.com,Found,Root domain,"4,249(2 / -)",426(2 / -),402,355,28,6
107,finestsocial.com,Found,Root domain,"1,049",220,198,180,20,6
108,firmacorlu.awardspace.com,Found,Subdomain,2,2,1,1,-,-
109,firstpligg.com,Found,Root domain,"17,620(3 / -)",531(3 / -),500,441,17,7
110,fitao.fr,Found,Root domain,143(1 / -),61(1 / -),47,46,14,3
111,fitnesshype.com,Found,Root domain,853(9 / -),288(9 / -),182,170,28,12
112,flamerwars.com,Found,Root domain,43,31,29,26,8,3
113,flamewars.net,Found,Root domain,644(1 / -),152(1 / -),131,125,12,13
114,flash3sb.net,Found,Root domain,614,88,48,45,20,20
115,fligg.freepad.co.cc,Found,Subdomain,316,79,76,73,25,-
116,flightdigger.co.uk,Found,Root domain,169,20,17,16,8,1
117,flix.itakk.info,Found,Subdomain,515(1 / -),116(1 / -),108,101,29,14
118,focus.hkbloggers.net,Found,Subdomain,97,31,29,29,24,17
119,folkd.com,Found,Root domain,"36,970,771(113,397 / 3,211)","67,952(318 / 39)","36,469","18,745",55,63
120,folkdug.co.cc,Found,Root domain,558(1 / -),120(1 / -),103,100,8,3
121,followingtag.com,Found,Root domain,"2,041",169,161,151,13,2
122,foodfate.com,Found,Root domain,188(1 / -),52(1 / -),50,47,10,3
123,foodgator.com,Found,Root domain,"2,795(5 / -)",351(5 / -),309,272,13,3
124,foodloversweb.com,Found,Root domain,"26,214(2 / -)",386(2 / -),287,251,28,15
125,foretagslistan.com,Found,Root domain,17,14,10,10,10,-
126,forex24hs.com,Found,Root domain,228,45,43,38,21,2
127,forex-software-directory.com,Found,Root domain,213(2 / -),79(1 / -),76,72,8,-
128,forumrating.com,Found,Root domain,"1,267",268,254,240,20,18
129,forums.smutcircus.com,Found,Subdomain,10,8,8,8,24,-
130,fotonews.site88.net,Found,Subdomain,12,8,7,7,25,1
131,foundationrepairtips.com,Found,Root domain,277,60,57,56,19,3
132,foun-dv.info,Found,Root domain,65,21,19,19,11,2
133,foxmarkers.info,Found,Root domain,"12,962(6 / -)","1,079(6 / -)",795,681,22,6
134,fr.diggpoker.com,Found,Subdomain,"49,927(62 / 45)","4,135(27 / 4)","2,849","2,255",52,19
135,frankgao.awardspace.com,Found,Subdomain,2,2,2,2,18,-
136,freebookmarkmanager.com,Found,Root domain,"2,057(1 / -)",267(1 / -),232,205,23,2
137,freedigging.info,Found,Root domain,93,37,35,33,15,1
138,freepligg.co.cc,Found,Root domain,839(5 / -),101(2 / -),87,83,8,6
139,free-sample-giveaways.com,Found,Root domain,"1,868(5 / -)",338(5 / -),247,232,16,3
140,free-social-news-and-networking.blogt...,Found,Subdomain,"2,128(1 / -)",177(1 / -),167,156,29,6
141,freesubmit.22web.net,Found,Subdomain,22(1 / -),9(1 / -),9,9,22,-
142,freesubmit.2kool4u.net,Found,Subdomain,1,1,1,1,-,-
143,freetees.org,Found,Root domain,37(2 / -),25(1 / -),18,18,15,5
144,freetheideas.com,Found,Root domain,"3,176(2 / -)",404(1 / -),378,349,23,6
145,freeweb.everythingtoshare.com,Found,Subdomain,"15,060(5 / -)",309(3 / -),283,248,36,15
146,freewebpro-news.info,Found,Root domain,829(2 / -),53(2 / -),46,45,8,2
147,fresh.bestsail.org,Found,Subdomain,"5,614(3 / 1)",623(2 / 1),520,454,32,15
148,freshpuddles.com,Found,Root domain,127(1 / -),52(1 / -),52,52,17,4
149,friendlyindex.info,Found,Root domain,49,27,22,21,14,2
150,frugalscoop.com,Found,Root domain,56,21,19,19,6,-
1,fulloftags.info,Found,Root domain,931,148,124,119,25,4
2,fun-fairs.net,Found,Root domain,"1,873",59,58,56,8,1
3,funny.ro,Found,Root domain,"30,593(1 / -)",331(1 / -),278,255,13,17
4,furniturenews.1stclasslinks.info,Found,Subdomain,"1,442(1 / -)",198(1 / -),186,174,32,16
5,futurismnews.com,Found,Root domain,"2,131",199,162,154,25,8
6,gadiss.site50.net,Found,Subdomain,515,94,89,82,25,7
7,gamelook.org,Found,Root domain,74,33,31,31,12,2
8,gamerpulpit.com,Found,Root domain,"7,094(8 / -)",619(5 / -),547,478,17,5
9,garden-fairy.net,Found,Root domain,"2,550(2 / -)",73(1 / -),58,55,15,4
10,gathernews.com,Found,Root domain,"7,514(23 / -)","1,005(5 / -)",809,684,23,7
11,gayagaia.com,Found,Root domain,"27,661(13 / -)",908(7 / -),790,666,18,9
12,gaymoo.com,Found,Root domain,"4,928(4 / -)",531(4 / -),453,421,20,9
13,gcaec.org,Found,Root domain,207,51,45,43,16,3
14,gdbug.info,Found,Root domain,249,41,38,38,10,2
15,geek.com.ar,Found,Root domain,"2,082(1 / -)",241(1 / -),221,208,12,6
16,geobookmarks.info,Found,Root domain,605,169,141,125,10,3
17,getaconnect.com,Found,Root domain,"15,010(22 / -)","1,446(7 / -)","1,111",959,25,9
18,getindude.com,Found,Root domain,"40,066(25 / -)","1,525(10 / -)","1,137",934,19,7
19,getpickuplines.com,Found,Root domain,844,41,27,27,10,6
20,ggyygg.co.cc,Found,Root domain,138(4 / -),28(1 / -),28,28,6,-
21,givealink.info,Found,Root domain,"34,270(29 / -)","1,723(14 / -)","1,182",990,34,11
22,glance.yavum.com,Found,Subdomain,156,11,9,9,21,-
23,glimper.com,Found,Root domain,"5,938(3 / -)",597(3 / -),550,474,15,6
24,globalbookmarking.info,Found,Root domain,86,33,32,32,14,8
25,globalizenetwork.com,Found,Root domain,"1,382(- / 1)",317(- / 1),262,243,19,6
26,gmrumors.com,Found,Root domain,95(1 / -),28(1 / -),26,26,7,3
27,go.netii.net,Found,Subdomain,10,6,6,6,21,-
28,goboom.search4i.com,Found,Subdomain,435,87,79,79,28,21
29,google-list-ings.info,Found,Root domain,104,44,42,40,9,3
30,gossipjam.com,Found,Root domain,253,73,71,67,8,-
31,gotobookmark.com,Found,Root domain,"1,745",188,167,162,22,15
32,grampers.com,Found,Root domain,"17,110(507 / -)",610(5 / -),543,493,20,6
33,greaterthancake.com,Found,Root domain,642,76,43,39,12,2
34,greaterthencake.com,Found,Root domain,5,4,3,3,4,-
35,greenthump.com,Found,Root domain,"1,175",161,157,146,10,10
36,grexter.com,Found,Root domain,926(1 / -),129(1 / -),123,121,9,3
37,grindzmygearz.com,Found,Root domain,"38,997(60 / 2)","2,570(21 / 2)","1,897","1,526",25,9
38,grogg.ca,Found,Root domain,"21,537(53 / 2)","2,194(23 / 2)","1,693","1,379",22,7
39,groovypresent.com,Found,Root domain,"12,775(8 / -)","1,274(7 / -)","1,010",847,19,6
40,guitarlinks.1stclasslinks.info,Found,Subdomain,"3,426(2 / -)",367(2 / -),300,276,35,16
41,guitarnews.1stclasslinks.info,Found,Subdomain,"4,208",495,419,363,36,20
42,gweeby.com,Found,Root domain,"34,025(156 / -)",676(1 / -),610,547,17,10
43,haaze.com,Found,Root domain,300,33,29,29,23,2
44,hamlinworld.com,Found,Root domain,"36,992",54,38,36,8,10
45,handy-in.de,Found,Root domain,"20,479(10 / -)","1,087(6 / -)",753,641,17,10
46,happydigg.com,Found,Root domain,"2,106",53,49,49,14,6
47,hardwaretalk.org,Found,Root domain,52,34,32,32,6,-
48,headline.jp,Found,Root domain,111,38,33,32,17,10
49,health.patientsville.org,Found,Subdomain,"1,043",92,88,81,28,14
50,healthinsideinfo.com,Found,Root domain,"3,085(3 / -)",314(3 / -),294,270,14,6
51,hedgedfund.info,Found,Root domain,239,4,3,3,4,4
52,hellup.awardspace.com,Found,Subdomain,5,3,1,1,22,1
53,heskja.comli.com,Found,Subdomain,"4,976(1 / -)",189(1 / -),166,151,27,10
54,hiphopjonez.com,Found,Root domain,184,2,2,2,4,-
55,hitdigg.com,Found,Root domain,"11,486(18 / -)","1,008(6 / -)",830,729,17,11
56,hit-listmarking.info,Found,Root domain,875(2 / -),48(2 / -),47,45,8,2
57,hitnews.su,Found,Root domain,"19,451",47,44,44,9,4
58,hmong.ws,Found,Root domain,328,80,76,72,9,1
59,hobbypornsite.hustej.net,Found,Subdomain,21,11,10,10,27,1
60,holidays.in-sicily.org,Found,Subdomain,548(2 / -),91(2 / -),89,84,35,6
61,home.rush.dk,Found,Subdomain,20,12,10,10,29,1
62,hoodsmash.com,Found,Root domain,2,2,1,1,6,-
63,hostalk.org,Found,Root domain,80,37,34,34,11,1
64,hostingindonesia.web.id,Found,Subdomain,250,66,60,54,5,6
65,hostingtags.com,Found,Root domain,885(3 / 1),182(1 / 1),168,155,11,3
66,hostrevu.com,Found,Root domain,2,1,1,1,3,-
67,hotbookmark.info,Found,Root domain,92,11,11,11,6,1
68,hotelsthai.org,Found,Root domain,834(2 / -),147(2 / -),138,132,17,7
69,hotescorts.be,Found,Root domain,"1,883",22,7,7,8,4
70,hotieticas.com,Found,Root domain,555(1 / -),82(1 / -),80,78,9,4
71,hot-korea.net,Found,Root domain,"5,479(3 / -)",194(1 / -),163,144,26,11
72,hotpldeal.freeiz.com,Found,Subdomain,420,38,36,35,22,-
73,hotsaveprice.com,Found,Root domain,482,25,20,20,7,2
74,howtoboard.com,Found,Root domain,37,15,12,12,7,3
75,howtocookstuff.net,Found,Root domain,118,30,29,27,10,2
76,howtomakefire.com,Found,Root domain,28,19,18,18,10,-
77,howtomarketer.com,Found,Root domain,3,2,2,2,3,-
78,howtwo.jp,Found,Root domain,701,64,58,57,17,4
79,hubbpages.info,Found,Root domain,960(2 / -),68(2 / -),67,63,8,2
80,hubmarks.info,Found,Root domain,"1,057(4 / -)",274(1 / -),239,214,22,5
81,huzoo.com,Found,Root domain,"34,131(118 / 20)","2,721(24 / 1)","2,044","1,658",34,10
82,hype.pbguide.com,Found,Subdomain,"7,649(9 / -)",595(5 / -),433,379,42,34
83,hypothesis.ideaclone.com,Found,Subdomain,"1,164",133,127,118,29,16
84,i.sta-b.com,Found,Subdomain,181,15,14,14,23,6
85,iamsinglebecause.com,Found,Root domain,"27,983(11 / -)","2,075(8 / -)","1,494","1,213",26,7
86,iconpoint.com,Found,Root domain,"4,037(2 / 1)",540(2 / 1),488,413,14,7
87,ide.kdb.webfactional.com,Found,Subdomain,2,2,2,2,2,-
88,ideaport.emaint.com,Found,Subdomain,"7,976",25,16,16,34,22
89,ideas.cbdev.org,Found,Subdomain,530(1 / -),156(1 / -),151,141,29,6
90,idees.agronoms.cat,Found,Subdomain,3,2,2,2,25,27
91,idig.co.il,Found,Root domain,"8,859(9 / -)",769(5 / -),574,523,20,7
92,idig2.com,Found,Root domain,"20,427",494,457,398,16,5
93,idigg.co.uk,Found,Root domain,"4,235(4 / -)",459(3 / -),424,374,16,4
94,idontthinkitsgoingtorain.com,Found,Root domain,"3,213",45,37,37,11,4
95,ikeaideas.com,Found,Root domain,8,6,5,5,4,-
96,il1.ru,Found,Root domain,679,70,66,65,13,11
97,im.seohocasi.com,Found,Subdomain,293,111,95,93,26,21
98,image2space.com,Found,Root domain,68(- / 1),34(- / 1),33,31,7,-
99,imcurtain.com,Found,Root domain,"46,718(11 / -)","1,248(7 / -)",995,823,23,8
100,imle.in,Found,Root domain,"9,560(3 / -)",313(2 / -),277,245,13,9
101,imleme.com,Found,Root domain,"7,232(4 / -)",950(3 / -),799,683,17,6
102,imnurface.com,Found,Root domain,"1,908(5 / -)",418(5 / -),378,350,17,5
103,imoobi.com,Found,Root domain,138,26,23,23,13,2
104,impactartsgroup.com,Found,Root domain,94,34,24,22,10,2
105,imperium.sk,Found,Root domain,"440,688(53 / 4)","2,297(20 / 1)","1,797","1,445",29,15
106,indecentbookmarks.com,Found,Root domain,"1,097",95,89,88,18,4
107,indelve.com,Found,Root domain,"6,864(6 / -)",537(3 / -),434,382,13,6
108,indexhood.com,Found,Root domain,"72,009(150 / -)","3,068(16 / -)","2,005","1,615",30,17
109,indexmylinks.com,Found,Root domain,97,39,36,32,7,2
110,indexposts.info,Found,Root domain,"1,159(2 / -)",187(2 / -),149,142,14,3
111,indialists.in,Found,Root domain,191(- / 2),54(- / 1),50,49,12,4
112,indiamold.com,Found,Root domain,"32,449(26 / 5)","2,211(17 / 2)","1,566","1,290",21,7
113,indiasharehub.com,Found,Root domain,376,96,93,90,9,3
114,indofeed.com,Found,Root domain,"67,064(148 / 11)","3,496(25 / 3)","2,601","2,038",30,24
115,indokami.com,Found,Root domain,202,57,48,48,10,4
116,indonesiabookmark.com,Found,Root domain,"16,575(282 / -)","1,010(12 / -)",685,609,24,13
117,indonews.net,Found,Root domain,"14,230(131 / -)",688(4 / -),591,495,19,6
118,info.host22.com,Found,Subdomain,43,25,24,24,20,-
119,info-du-jour.com,Found,Root domain,"37,794(6 / -)","1,033(4 / -)",763,638,17,6
120,infogrippea.fr,Found,Root domain,49,29,29,29,7,4
121,infomica.com,Found,Root domain,"12,568(6 / -)",762(5 / -),669,585,31,7
122,informami.altervista.org,Found,Subdomain,360(3 / -),117(1 / -),110,102,25,7
123,innerfashions.com,Found,Root domain,"25,831(38 / 2)","1,490(16 / 2)","1,059",901,31,9
124,insart.co.il,Found,Root domain,"1,108(3 / -)",213(1 / -),174,165,22,7
125,insurancedigg.com,Found,Root domain,13,6,5,5,9,2
126,insurance-ny.com,Found,Root domain,341(1 / -),53(1 / -),48,44,23,3
127,intelligentinvestor.org,Found,Root domain,"5,000(2 / -)",611(2 / -),550,478,36,8
128,internationalcryptozoologymuseum.com,Found,Root domain,794,18,9,9,10,8
129,internetarmy.com,Found,Root domain,326,44,43,40,7,1
130,intogame.de,Found,Root domain,"21,501(20 / -)","2,052(9 / -)","1,484","1,204",34,13
131,intourfax.ru,Found,Root domain,793,72,64,58,13,11
132,investmentalkin.com,Found,Root domain,"17,857",158,147,132,17,6
133,investmenttank.com,Found,Root domain,6,3,3,3,3,-
134,iphoneapp.it,Found,Root domain,15,7,5,5,7,-
135,iphoneapps.it,Found,Root domain,"26,197",28,25,23,16,2
136,iphonenication.com,Found,Root domain,106,22,21,21,14,2
137,iphonepronews.com,Found,Root domain,885(1 / -),63(1 / -),62,60,12,1
138,ipopu.com,Found,Root domain,"450,579",494,397,360,26,13
139,iquak.com,Found,Root domain,"4,267(2 / -)",462(2 / -),343,308,21,4
140,isismedia.tv,Found,Root domain,"2,583",21,19,19,17,11
141,iso-vote.com,Found,Root domain,219,64,57,54,19,21
142,iso-vote.info,Found,Root domain,132(1 / -),57(1 / -),49,45,17,2
143,ita.bestsail.org,Found,Subdomain,851,56,41,39,25,13
144,italiainbocca.it,Found,Root domain,"15,696(15 / -)",960(8 / -),879,742,22,4
145,ithrew.com,Found,Root domain,22,14,14,14,5,1
146,it-tld.com,Found,Root domain,"3,466(5 / 2)",570(4 / 2),382,354,24,15
147,itwasinthetubes.com,Found,Root domain,76(1 / -),40(1 / -),39,37,7,2
148,iwaylinks.com,Found,Root domain,"145,408(450 / 3)","4,520(38 / 2)","2,736","2,141",34,12
149,iwebshare.net,Found,Root domain,488,46,46,44,7,4
150,izeby.info,Found,Root domain,"1,399(2 / -)",313(1 / -),282,260,27,5
1,jablickari.cz,Found,Root domain,"14,072(9 / 1)","1,175(7 / 1)","1,082",906,21,6
2,jackpea.com.nu,Found,Root domain,26,15,13,12,8,1
3,javaads.com,Found,Root domain,"1,641(3 / -)",261(3 / -),230,216,12,5
4,jaysmark.info,Found,Root domain,420,57,48,46,15,2
5,jeffersonparish.us,Found,Root domain,570,61,57,53,8,3
6,jereytel.info,Found,Root domain,96,36,32,31,14,2
7,jetdigg.com,Found,Root domain,"95,594(12 / 1)","2,521(12 / 1)","1,703","1,386",26,9
8,jewelry-scales-balances.com,Found,Root domain,"1,136",251,214,196,22,4
9,jindalisgood.com,Found,Root domain,371,64,48,45,9,6
10,jjdigg.com,Found,Root domain,"38,203",107,88,81,29,13
11,joethescientist.com,Found,Root domain,87,50,49,45,7,2
12,joinmichigan.com,Found,Root domain,33,18,16,16,6,3
13,jokesrus.net,Found,Root domain,15,10,10,7,6,6
14,joontz.info,Found,Root domain,425,91,84,79,20,5
15,josenians.com,Found,Root domain,293,40,37,37,8,2
16,jp.html5collect.net,Found,Subdomain,587(1 / -),60(1 / -),50,46,40,19
17,juemu.tk,Found,Root domain,14,10,10,10,5,-
18,juiceuplinks.info,Found,Root domain,"10,223(194 / 1)",900(7 / 1),680,595,28,5
19,julkkisspotti.com,Found,Root domain,"17,198(2 / -)",158(1 / -),146,141,10,3
20,jumbobookmarks.com,Found,Root domain,"79,818(343 / 18)","3,655(32 / 4)","2,754","2,186",28,13
21,justdofollow.com,Found,Root domain,"2,290(5 / -)",278(5 / -),248,227,18,16
22,kabarety-online.pl,Found,Root domain,"7,169(176 / 1)",356(2 / 1),304,286,32,25
23,kafta.gr,Found,Root domain,"13,378(1 / -)",390(1 / -),327,295,14,11
24,kakirock.martialarts.com.my,Found,Subdomain,9,3,3,3,19,-
25,katalog.demineralizacjawody.com,Found,Subdomain,"24,859(104 / -)",940(9 / -),687,607,41,15
26,katidrosero.com,Found,Root domain,995(2 / 1),173(2 / 1),159,148,19,2
27,keepdigg.ispace.in.th,Found,Subdomain,6,3,3,3,10,-
28,keepithilarious.com,Found,Root domain,"1,225",107,104,103,17,2
29,kenlimark.info,Found,Root domain,89(1 / -),35(1 / -),31,31,14,2
30,keuzeportal.nl,Found,Root domain,"19,275(5 / 1)",353(3 / 1),319,287,13,6
31,kiax.net,Found,Root domain,157,57,42,42,10,2
32,kilasan.com,Found,Root domain,"5,636(7 / -)",368(5 / -),329,307,15,7
33,kingtop.info,Found,Root domain,856(2 / -),62(2 / -),53,50,16,2
34,kledy.it,Found,Root domain,"49,452(37 / 3)","1,470(17 / 1)","1,091",928,35,6
35,knolix.com,Found,Root domain,"1,616(1 / -)",309(1 / -),277,258,19,10
36,komputerbali.com,Found,Root domain,223,3,3,3,4,2
37,komunitas.dimetro.net,Found,Subdomain,2,2,2,2,17,-
38,korchma.net,Found,Root domain,588,28,26,26,28,12
39,kosichka.com,Found,Root domain,37,21,19,17,6,2
40,kotelezo-biztositas.cc,Found,Root domain,16,10,8,8,6,-
41,kotelezo-biztositas.neo-interactive.hu,Found,Subdomain,"8,476",4,3,3,24,-
42,kowebb.com,Found,Root domain,"24,379",57,54,51,10,6
43,kuddal.com,Found,Root domain,778(1 / -),133(1 / -),130,126,11,2
44,kudweb.com,Found,Root domain,"11,653(8 / 1)","1,446(5 / 1)","1,118",937,26,13
45,kuso.awardspace.com,Found,Subdomain,12,7,6,6,21,1
46,kwzz.info,Found,Root domain,"3,336(6 / -)",409(3 / -),363,333,20,6
47,kz-book.com,Found,Root domain,202,60,59,56,8,2
48,lapdanes.loveadoptplay.org,Found,Subdomain,"3,865(16 / -)",484(4 / -),417,367,32,18
49,latest.srize.com,Found,Subdomain,"3,793(6 / -)",439(2 / -),332,305,45,18
50,latestdiggcloud.info,Found,Root domain,873(2 / -),76(2 / -),70,68,18,2
51,laxcenter.com,Found,Root domain,"1,481(1 / -)",235(1 / -),214,200,11,8
52,laxxi.net,Found,Root domain,"11,817",101,85,83,20,16
53,leafprobably.com,Found,Root domain,828,79,67,63,17,11
54,ledisqueestmonmetier.com,Found,Root domain,3,3,1,1,8,3
55,legalitdevelopers.com,Found,Root domain,43,30,29,29,6,1
56,lepiocheur.com,Found,Root domain,"7,963(5 / -)",627(3 / -),550,469,24,16
57,lerve.it,Found,Root domain,13,10,9,8,5,-
58,lerve-it.com,Found,Root domain,-,-,-,-,-,-
59,letsdobookmark.com,Found,Root domain,"1,304",248,183,172,17,12
60,letsgetcoffee.com,Found,Root domain,"44,813(295 / -)","4,784(41 / -)","2,944","2,322",43,14
61,letsinfo.org,Found,Root domain,"19,898(14 / 1)",314(3 / 1),280,256,13,2
62,lfiles.practiceimprovement.com.au,Found,Subdomain,27,10,10,10,22,10
63,light2.hostriplex.com,Found,Subdomain,130(1 / -),25(1 / -),23,22,25,-
64,liiink.com,Found,Root domain,"36,016(108 / 6)","3,003(25 / 3)","2,239","1,768",26,12
65,likemywear.com,Found,Root domain,32,6,5,4,4,2
66,likerdet.no,Found,Root domain,"1,652(1 / -)",134(1 / -),125,116,16,6
67,link.monajat.org,Found,Subdomain,262(3 / -),95(1 / -),91,82,30,11
68,link.soytico.com,Found,Subdomain,4,1,1,1,19,3
69,link.vietnamwebsite.net,Found,Subdomain,"1,082",136,128,120,32,31
70,linkage.taggar.be,Found,Subdomain,116,9,8,8,23,-
71,linkagogo.com,Found,Root domain,"7,760,103(31,688 / 5,518)","27,106(173 / 42)","16,567","10,436",39,44
72,linkbuzzer.co.uk,Found,Root domain,"5,825(11 / -)",679(2 / -),608,522,17,9
73,linkchains.info,Found,Root domain,858(2 / -),47(2 / -),43,42,7,2
74,linkguiden.se,Found,Root domain,"25,929(12 / 2)",845(7 / 1),703,599,17,4
75,linkhourly.com,Found,Root domain,203,83,78,72,11,5
76,linkingfriends.com,Found,Root domain,499(- / 3),98(- / 3),88,83,14,4
77,linklod.popoever.com,Found,Subdomain,570(1 / -),73(1 / -),70,68,28,13
78,linkmalaysia.com,Found,Root domain,"20,264(9 / -)",930(5 / -),717,612,17,7
79,linkmegoszto.domain-tarhely.com,Found,Subdomain,"6,612(6 / -)",973(4 / -),673,578,47,26
80,linkmentor.hu,Found,Root domain,18,11,10,10,6,1
81,linknews.net16.net,Found,Subdomain,18,10,8,8,19,-
82,links.thankgoditsholiday.com,Found,Subdomain,105,20,18,17,25,10
83,linkshare.rubbernet.org,Found,Subdomain,61,12,12,12,25,15
84,links-haus.com,Found,Root domain,"8,909(6 / -)",316(2 / -),286,259,14,9
85,linkshot.co.cc,Found,Root domain,54,12,11,11,7,5
86,linksnote.com,Found,Root domain,32,6,4,4,4,-
87,linksprocket.com,Found,Root domain,"22,652(11 / -)","1,544(10 / -)","1,234","1,049",30,13
88,linkstag.com,Found,Root domain,"23,576(41 / 79)","2,500(14 / 5)","1,833","1,541",31,8
89,linkting100.info,Found,Root domain,819(2 / -),45(2 / -),42,40,7,2
90,linkvmarks.info,Found,Root domain,96,42,39,39,14,2
91,linxserver.com,Found,Root domain,391,89,72,70,9,7
92,lipofucktion.com,Found,Root domain,487,74,73,67,9,3
93,lisaelama.com,Found,Root domain,273,69,62,62,16,6
94,listdionic.info,Found,Root domain,162,68,64,63,17,2
95,listgen.info,Found,Root domain,86,37,32,32,13,2
96,listmarker.info,Found,Root domain,"4,019(4 / -)",504(2 / -),462,422,15,6
97,listyourpost.com,Found,Root domain,976(- / 1),182(- / 1),149,142,11,11
98,list-yoursite.info,Found,Root domain,294,31,29,28,13,2
99,livebookmark.info,Found,Root domain,"4,120(2 / -)",454(2 / -),411,362,14,6
100,livevil.net,Found,Root domain,793,70,62,59,8,2
101,livewiresite.com,Found,Root domain,53,17,16,14,9,2
102,lividea.com,Found,Root domain,21,10,10,10,5,2
103,lokataonline.com,Found,Root domain,"1,122",132,121,119,18,1
104,lomire.com,Found,Root domain,21,15,15,15,11,-
105,london.getofftheinternet.net,Found,Subdomain,43(1 / -),25(1 / -),22,21,30,14
106,look-at-that.com,Found,Root domain,"235,433(1,848 / 29)","14,714(122 / 11)","9,514","6,690",45,17
107,lotrtnb.com,Found,Root domain,"1,382(2 / -)",181(1 / -),167,156,21,4
108,lotussiatravel.info,Found,Root domain,"7,566",72,41,40,10,6
109,loveculture.org.uk,Found,Root domain,"1,841",17,16,16,11,18
110,lth99.greatinnovus.com,Found,Subdomain,95,61,59,58,25,-
111,lubielista.hostoi.com,Found,Subdomain,"3,676(1 / -)",307(1 / -),264,240,20,11
112,lurer.net,Found,Root domain,"2,333(1 / -)",103(1 / -),93,90,14,22
113,lya.info,Found,Root domain,222,29,28,28,10,-
114,m00.com,Found,Root domain,"28,366(6 / 1)",919(5 / 1),804,679,17,11
115,madstyles.com,Found,Root domain,"16,883(4 / -)","1,228(4 / -)",976,808,18,4
116,magapps.com,Found,Root domain,170,18,16,16,9,5
117,make-money-online-blogging.com,Found,Root domain,"7,080(1 / -)",280(1 / -),257,237,13,3
118,make-online-money-now.com,Found,Root domain,154,50,49,46,7,1
119,malariaviews.com,Found,Root domain,136,31,31,31,6,1
120,mancardcommittee.com,Found,Root domain,"5,948(64 / -)",426(3 / -),370,327,15,3
121,manixx.ma.funpic.de,Found,Subdomain,"3,723(2 / -)",222(2 / -),192,178,24,13
122,manualsocialmarks.info,Found,Root domain,44,27,21,21,6,1
123,markasite.co.cc,Found,Root domain,733,80,71,67,5,1
124,marker.40070.org,Found,Subdomain,"38,624",24,23,22,34,16
125,markered.info,Found,Root domain,"42,500(19 / 1)","2,165(13 / 1)","1,566","1,275",25,7
126,marketprice.com.vn,Found,Root domain,"2,106(9 / 18)",182(3 / 10),155,144,41,15
127,markmutti.com,Found,Root domain,152,38,36,34,7,5
128,markposts.com.nu,Found,Root domain,13,8,8,8,7,-
129,markscarlet.info,Found,Root domain,851(2 / -),47(2 / -),44,42,15,2
130,mark-url.com,Found,Root domain,"1,061",110,105,100,20,3
131,markurl.org,Found,Root domain,"1,294(11 / -)",163(3 / -),145,135,20,3
132,markurls.com,Found,Root domain,"51,526(27 / 3)","2,456(19 / 2)","1,888","1,530",32,6
133,markwedelia-inn.info,Found,Root domain,66,42,39,39,11,2
134,markyournews.info,Found,Root domain,387(1 / -),61(1 / -),56,53,17,2
135,masalapad.com,Found,Root domain,25,14,14,14,9,1
136,maseed.com,Found,Root domain,141,35,32,32,14,7
137,massachusettsnissandealers.com,Found,Root domain,3,3,-,-,-,-
138,masterwking.info,Found,Root domain,69,36,32,32,14,2
139,mattersocial.com,Found,Root domain,"20,259(262 / 1)","1,208(13 / 1)",869,731,19,7
140,mavendo.com,Found,Root domain,23,15,15,14,6,-
141,mavendo.de,Found,Root domain,"1,624(6 / -)",170(1 / -),153,145,10,5
142,mavendo.net,Found,Root domain,14,9,8,8,5,-
143,mavendo.org,Found,Root domain,31,7,7,7,5,-
144,meanstraffic.com,Found,Root domain,"28,827(59 / 1)","2,442(17 / 1)","1,782","1,472",34,13
145,meddnation.com,Found,Root domain,"7,114(6 / -)",724(3 / -),630,563,20,6
146,mediafandom.com,Found,Root domain,"20,654(2 / -)",335(2 / -),295,266,26,21
147,mediaofmining.com,Found,Root domain,"5,314",340,307,287,15,3
148,mediawarden.com,Found,Root domain,718(1 / -),54(1 / -),52,51,16,1
149,medicalogs.com,Found,Root domain,"2,017(6 / -)",410(3 / -),377,325,21,7
150,medipicks.com,Found,Root domain,"3,826(2 / -)",383(2 / -),342,308,21,4
1,medli.colostate.edu,Found,Subdomain,4,2,-,-,18,-
2,megabookmarks.info,Found,Root domain,"3,140",206,180,166,23,3
3,megacouch.com,Found,Root domain,15,12,11,11,11,-
4,megadofollow.info,Found,Root domain,52,20,19,19,11,5
5,megalesson.com,Found,Root domain,550,36,34,31,7,1
6,megataste.com,Found,Root domain,277,16,13,13,6,-
7,mehakim.co.il,Found,Root domain,141,9,9,9,3,-
8,meinwebportal.info,Found,Root domain,"32,209(12 / -)","2,180(8 / -)","1,743","1,417",27,7
9,memburu.info,Found,Root domain,"1,837(3 / 1)",368(2 / 1),292,252,24,12
10,meme.inteligenciadigital.org,Found,Subdomain,168,50,49,47,24,-
11,memfrag.info,Found,Root domain,23,13,12,12,10,1
12,meneamexxx.com,Found,Root domain,"62,305",243,203,188,20,8
13,merauke.info,Found,Root domain,656,108,96,90,9,1
14,merspace.com,Found,Root domain,133,18,18,18,11,-
15,meshsocial.info,Found,Root domain,"22,397(10 / -)","1,334(8 / -)","1,006",848,25,6
16,mesothelioma-01.com,Found,Root domain,584,12,11,11,5,-
17,mexame.com,Found,Root domain,"1,716",148,121,102,16,7
18,mijnovidee.nl,Found,Root domain,15,8,7,7,5,2
19,minecraftmine.com,Found,Root domain,404,95,94,90,8,4
20,minglesocial.com,Found,Root domain,"25,883(18 / -)","1,522(11 / -)","1,114",924,33,12
21,mirage3d.free.fr,Found,Subdomain,233,24,16,15,21,3
22,mistakerr.com,Found,Root domain,"8,151(2 / -)",399(2 / -),357,315,14,6
23,mjr.in,Found,Root domain,46,27,26,26,9,-
24,mnenie.bg,Found,Root domain,192,66,64,51,7,7
25,mnwhitetails.com,Found,Root domain,361,65,65,64,7,1
26,mobilebookmark.info,Found,Root domain,118,13,12,12,12,1
27,modle.de,Found,Root domain,"10,813",142,120,113,10,3
28,moedigg.mangatosho.com,Found,Subdomain,380,42,40,37,24,-
29,momandnewbaby.com,Found,Root domain,"1,435",225,204,191,20,3
30,monetapp.com,Found,Root domain,"1,350(3 / -)",220(3 / -),199,180,12,3
31,mongoliaurl.info,Found,Root domain,783(2 / -),42(2 / -),39,38,15,2
32,monxxx.com,Found,Root domain,"6,132",60,58,57,15,4
33,mortgage-loan.megasukses.com,Found,Subdomain,26,14,14,14,22,2
34,moto-buzz.fr,Found,Root domain,3,3,3,3,5,-
35,motorbike-search-engine.com,Found,Root domain,904(1 / -),149(1 / -),141,134,11,3
36,mototize.com,Found,Root domain,412,97,95,88,8,-
37,moviesmagz.com,Found,Root domain,"19,157",336,299,280,21,5
38,mp3fever.in,Found,Root domain,"17,574(2 / 1)",200(1 / 1),182,171,11,3
39,msdiggplanet.info,Found,Root domain,972(2 / -),59(2 / -),56,54,10,2
40,msmpost.com,Found,Root domain,"25,991",128,118,107,14,2
41,mssarma.org,Found,Root domain,"6,756(13 / -)",606(8 / -),572,516,17,3
42,m-topic.com,Found,Root domain,"1,989",133,117,111,11,7
43,mujeresmk.com,Found,Root domain,729(1 / -),173(1 / -),165,153,10,3
44,musdig.com,Found,Root domain,"1,588",179,172,160,22,4
45,musicdc.com,Found,Root domain,"3,896(6 / -)",372(3 / -),320,292,18,10
46,musicnewsreviews.com,Found,Root domain,"8,943",143,108,104,15,7
47,musicrati.com,Found,Root domain,"9,881(6 / -)",901(5 / -),609,525,29,4
48,musicreporter.localsounds.org,Found,Subdomain,"1,726(1 / -)",301(1 / -),264,238,31,16
49,musiqueame.com,Found,Root domain,7,4,4,4,6,-
50,muslimtag.com,Found,Root domain,601,48,44,43,10,2
51,muxbit.com,Found,Root domain,117,31,26,26,7,1
52,mybuddymarks.co.cc,Found,Root domain,1,1,1,1,3,-
53,mydisney.disney-bg.com,Found,Subdomain,302,51,46,44,30,10
54,mydugsite.co.cc,Found,Root domain,"2,322",182,167,153,9,1
55,myentertainment.in,Found,Root domain,"77,776(205 / -)","3,072(23 / -)","2,284","1,821",27,8
56,myfavs.in,Found,Root domain,188,22,18,18,6,2
57,mygreek.info,Found,Root domain,"11,300(11 / 3)","1,248(9 / 1)",957,807,19,6
58,myislandpost.com,Found,Root domain,342(1 / -),106(1 / -),102,99,19,3
59,mylibrarylinks.com,Found,Root domain,164(1 / -),41(1 / -),41,39,11,1
60,mynews.mychinab2b.com,Found,Subdomain,"445,374(9 / 1)","1,706(8 / 1)","1,230","1,046",49,18
61,mysocial.co.uk,Found,Root domain,"2,022",236,213,189,12,6
62,mysocialmarker.info,Found,Root domain,39,20,19,19,12,2
63,mysocialseo.info,Found,Root domain,81,40,37,36,13,1
64,mystopro.com,Found,Root domain,"1,631",98,91,87,32,2
65,my-votesocial.info,Found,Root domain,82,53,49,47,16,4
66,mywebdesktop.info,Found,Root domain,32,20,18,18,6,2
67,mznoticias.info,Found,Root domain,61,13,10,9,9,3
68,namama.net,Found,Root domain,"180,709(118 / -)","2,748(18 / -)","1,978","1,575",32,7
69,namebookmarks.com,Found,Root domain,"38,194(213 / -)","2,870(19 / -)","1,896","1,549",41,12
70,narchmark.info,Found,Root domain,780(2 / -),39(2 / -),36,35,14,2
71,need.sc,Found,Root domain,161(1 / -),58(1 / -),56,55,8,6
72,needurl.net,Found,Root domain,"6,381",30,23,23,17,4
73,neotags.info,Found,Root domain,685,183,157,146,17,4
74,nepalilive.com,Found,Root domain,"2,713(3 / -)",346(2 / -),313,273,13,4
75,net.cervantes.gr,Found,Subdomain,"4,802(12 / -)",460(4 / -),378,310,34,16
76,netbookmark.info,Found,Root domain,13,6,6,6,10,-
77,networkingsocial.info,Found,Root domain,"144,898(764 / 9)","8,414(52 / 6)","5,567","4,100",38,12
78,networkwall.info,Found,Root domain,47,28,22,22,6,2
79,nevermakeamistake.com,Found,Root domain,"1,562",270,253,232,19,4
80,newmeta.com,Found,Root domain,214(1 / -),39(1 / -),37,37,7,-
81,news.8thai.com,Found,Subdomain,59,20,20,20,24,16
82,news.adultbros.com,Found,Subdomain,56,24,24,24,24,14
83,news.bestbuyproductreview.com,Found,Subdomain,399(4 / -),91(2 / -),81,73,28,8
84,news.bramptonlistings.info,Found,Subdomain,752,135,115,105,33,22
85,news.bramptonregister.com,Found,Subdomain,"1,161(6 / -)",279(1 / -),251,231,37,22
86,news.cnsource.info,Found,Subdomain,"7,044",170,161,150,29,14
87,news.dentista-dentisti-implantologia.com,Found,Subdomain,279(4 / -),10(1 / -),10,10,22,-
88,news.fatlester.com,Found,Subdomain,517(3 / -),186(1 / -),163,149,29,20
89,news.georgekosch.com,Found,Subdomain,"7,532(7 / -)",720(4 / -),600,498,34,15
90,news.hockey-sphere.com,Found,Subdomain,678,77,73,71,26,-
91,news.homeprofitclub.com,Found,Subdomain,603(4 / -),166(2 / -),157,142,29,11
92,news.i7d.net,Found,Subdomain,"154,482(541 / 50)","8,759(67 / 9)","5,850","4,362",52,26
93,news.infoswebs.com,Found,Subdomain,1,1,1,1,20,13
94,news.likepost.com,Found,Subdomain,"8,718(7 / -)",666(2 / -),580,500,33,14
95,news.montaz-okien.kalisz.pl,Found,Subdomain,21,13,13,12,2,-
96,news.motorcycle-web.com,Found,Subdomain,"16,054(13 / 1)",921(7 / 1),774,668,36,23
97,news.netscype.com,Found,Subdomain,256,50,42,42,31,15
98,news.osg.co.in,Found,Subdomain,456(1 / 3),85(1 / 1),81,74,27,11
99,news.polarmaru.org,Found,Subdomain,389,139,127,123,28,13
100,news.psydir.com,Found,Subdomain,"1,301(1 / -)",114(1 / -),102,99,29,24
101,news.rgpsoft.it,Found,Subdomain,17,4,4,4,20,5
102,news.sportsjabber.net,Found,Subdomain,154,33,30,30,25,6
103,news.steadyhealth.com,Found,Subdomain,467(1 / -),147(1 / -),137,133,24,13
104,news.thebeautifultruth.info,Found,Subdomain,139(1 / -),47(1 / -),44,41,26,11
105,news.totalh.com,Found,Subdomain,154,27,25,25,29,-
106,news.trugle.com,Found,Subdomain,192,75,73,71,27,6
107,news.tubizou.net,Found,Subdomain,570,68,62,59,26,10
108,news.windsurfing.pro,Found,Subdomain,"2,876",164,109,106,36,21
109,news-24h.org,Found,Root domain,27,17,17,17,6,-
110,news2inspire.com,Found,Root domain,"1,426(1 / -)",190(1 / -),179,167,11,3
111,news2r.ru,Found,Root domain,"15,350(16 / 1)","1,231(6 / 1)",891,747,28,4
112,news2ru.com,Found,Root domain,"2,527(1 / -)",341(1 / -),295,268,23,4
113,news4bangla.com,Found,Root domain,91,7,6,6,4,-
114,news-anchors.com,Found,Root domain,553(1 / -),123(1 / -),117,113,16,3
115,newsboards-in.info,Found,Root domain,"40,705(46 / 1)","1,918(13 / 1)","1,301","1,076",39,7
116,news-brest.braveo.net,Found,Subdomain,31,9,8,8,23,19
117,newsitup.com,Found,Root domain,801(1 / -),134(1 / -),129,123,9,2
118,newsmahal.com,Found,Root domain,"17,393(136 / -)","1,122(5 / -)",897,745,18,8
119,newsmeback.com,Found,Root domain,"31,195(211 / -)","2,346(25 / -)","1,788","1,489",31,35
120,newsscrew.com,Found,Root domain,190,20,20,19,6,8
121,newthingaday.com,Found,Root domain,283,99,97,91,9,2
122,newyork.getofftheinternet.net,Found,Subdomain,476(3 / -),94(2 / -),71,69,37,23
123,nexuses.net,Found,Root domain,4,3,3,3,4,-
124,nfars.comuf.com,Found,Subdomain,"1,035",124,120,113,22,11
125,nicesmut.com,Found,Root domain,"11,255",122,109,104,19,9
126,nicestfood.com,Found,Root domain,"9,148(14 / 1)",760(9 / 1),661,558,25,4
127,nie-polecam.polecam.pl,Found,Subdomain,-,-1,-,-,-,-
128,nl.vergelijkkoop.com,Found,Subdomain,10,4,4,4,20,-
129,noozly.com,Found,Root domain,"194,666",216,149,139,39,11
130,nordtipps.de,Found,Root domain,81,42,35,35,7,1
131,note.29s.org,Found,Subdomain,"15,111(23 / -)",628(6 / -),482,432,33,13
132,notebookmarks.com,Found,Root domain,"2,727(4 / -)",307(2 / -),270,239,22,5
133,noticias.cubaenlace.org,Found,Subdomain,189,69,65,62,26,14
134,noticias.envaldemoro.com,Found,Subdomain,41,25,22,22,24,10
135,notiziedicalcio.com,Found,Root domain,"18,921(10 / -)",370(2 / -),325,289,13,4
136,nowbookmark.info,Found,Root domain,426,65,50,46,15,7
137,ns1.borndigital.net,Found,Subdomain,338,26,23,23,24,18
138,ns4.gteinterlink.com,Found,Subdomain,161,73,72,71,26,11
139,nuagedecendres.com,Found,Root domain,94,12,12,11,5,-
140,nuclearts.com,Found,Root domain,"33,786(3 / -)",291(2 / -),211,192,29,9
141,nuelistingz.info,Found,Root domain,62,33,31,31,14,2
142,nyaut.com,Found,Root domain,"1,238(1 / -)",209(1 / -),189,176,16,7
143,oasenmelder.de,Found,Root domain,281,77,73,65,8,4
144,obamasuggestionbox.com,Found,Root domain,"1,611",52,51,51,12,14
145,ocim.ueuo.com,Found,Subdomain,151,27,25,23,22,7
146,odaibacampur.stylid.org,Found,Subdomain,14,9,7,7,22,19
147,odkopuj.pl,Found,Root domain,"29,207(169 / -)",200(1 / -),182,168,19,6
148,odkryw.paranormalium.pl,Found,Subdomain,6,6,6,6,29,19
149,odmieniec.onlinewebshop.net,Found,Subdomain,3,2,2,2,25,-
150,officialtwilightfanclub.com,Found,Root domain,435,67,64,63,13,4
1,offres-colocation.com,Found,Root domain,13,8,8,8,5,1
2,offshoreacres.com,Found,Root domain,208,68,58,57,22,4
3,oh.zuzaaclub.com,Found,Subdomain,64,24,22,20,31,14
4,ohbummerday.com,Found,Root domain,"16,244(1 / -)",201(1 / -),182,170,11,6
5,oins2.comxa.com,Found,Subdomain,9,6,6,6,1,-
6,omblog.pl,Found,Root domain,"1,233",209,192,181,18,8
7,onecoolspot.co.uk,Found,Root domain,"24,080(86 / 5)","3,576(25 / 3)","2,203","1,844",45,8
8,onestopbookmarks.com,Found,Root domain,"70,764(174 / 14)","4,568(39 / 4)","3,129","2,461",33,8
9,oneview.com,Found,Root domain,"2,331,909(394 / 4)","11,718(70 / 2)","8,669","5,921",39,33
10,onlinegames.net23.net,Found,Subdomain,"8,107(13 / -)",607(3 / -),506,443,24,16
11,onlinemark.info,Found,Root domain,22,14,13,13,6,1
12,onlinerwall.info,Found,Root domain,29,16,14,14,6,1
13,oomega.info,Found,Root domain,"10,830(2 / -)",970(1 / -),815,701,28,3
14,oopsbookmark.com,Found,Root domain,"1,777",10,10,9,10,1
15,oped.ca,Found,Root domain,"9,432(1 / -)",127(1 / -),113,104,13,12
16,openbm.info,Found,Root domain,"17,254(6 / -)",894(4 / -),667,576,29,6
17,opensourcelinux.info,Found,Root domain,"10,936(8 / -)","1,831(5 / -)","1,328","1,131",23,5
18,opiumid.com,Found,Root domain,134,18,17,17,14,3
19,otel-rehberi.com,Found,Root domain,"16,827(1 / -)",128(1 / -),116,109,11,3
20,ourfavoritearticles.com,Found,Root domain,"8,240(9 / -)",793(5 / -),648,562,20,7
21,ox-eye.com,Found,Root domain,286,121,103,98,9,7
22,oyex.info,Found,Root domain,"13,788(8 / -)","1,001(7 / -)",798,671,29,5
23,p2p.mywebcommunity.org,Found,Subdomain,42,6,5,5,24,14
24,pagebump.com,Found,Root domain,81,20,17,16,7,4
25,pagernkcount.bplaced.net,Found,Subdomain,42,21,21,21,21,10
26,panodigg.giuseppevaccaro.ch,Found,Subdomain,"4,739(15 / -)",246(3 / -),221,210,31,11
27,pantyhosehound.com,Found,Root domain,"31,150(34 / 2)","1,902(15 / 2)","1,501","1,230",21,7
28,paypergb.us,Found,Root domain,661,206,171,168,11,13
29,peacthai.org,Found,Root domain,"30,483",37,31,28,13,7
30,pelte.com,Found,Root domain,318,115,98,94,14,3
31,perfectlinks.info,Found,Root domain,51,26,23,23,12,2
32,perfectweddingdesigns.com,Found,Root domain,"12,210(13 / -)",711(4 / -),601,551,22,9
33,petsportal.net,Found,Root domain,90,4,4,4,5,7
34,pettellmedia.com,Found,Root domain,"18,918(1 / -)",281(1 / -),259,238,19,5
35,pharmacy-scales.net,Found,Root domain,"1,261(1 / -)",260(1 / -),233,214,24,5
36,phlix.tv,Found,Root domain,"1,932",191,132,125,10,5
37,photigg.com,Found,Root domain,644(1 / -),153(1 / -),145,137,10,1
38,php.champics.net,Found,Subdomain,141,72,67,60,26,1
39,phpclasses.php-articles.org,Found,Subdomain,158,26,23,23,24,3
40,phpdug.info,Found,Root domain,"1,217(2 / -)",115(2 / -),105,99,9,4
41,phpdugg-viewall.info,Found,Root domain,"9,668(20 / -)",712(10 / -),532,464,23,4
42,phpdugnut.info,Found,Root domain,26,15,14,14,6,2
43,phphostmons.info,Found,Root domain,77,44,39,37,8,2
44,phponpage.info,Found,Root domain,93,55,46,45,14,2
45,pianolinks.1stclasslinks.info,Found,Subdomain,"1,993(18 / -)",338(3 / -),300,272,33,17
46,pickupyourowndamnsocks.com,Found,Root domain,175,76,68,67,18,7
47,pill-counters.net,Found,Root domain,945(1 / -),217(1 / -),197,174,22,5
48,pillfish.net,Found,Root domain,"3,130(1 / -)",476(1 / -),390,350,19,12
49,ping.yanmieonline.com,Found,Subdomain,"18,966(1 / -)",292(1 / -),264,240,29,11
50,ping-url.com,Found,Root domain,12,7,7,7,5,1
51,pingweb.net,Found,Root domain,126,56,50,50,7,3
52,pinklinks.taggkatalogen.com,Found,Subdomain,94,22,22,22,23,6
53,pinky.net46.net,Found,Subdomain,280,105,96,92,22,-
54,pinoyfeed.com,Found,Root domain,21,5,5,5,5,-
55,piqniq.com,Found,Root domain,"19,039(- / 1)",306(- / 1),268,238,20,13
56,pixelcash.comlu.com,Found,Subdomain,"1,409(9 / -)",271(1 / -),231,212,22,15
57,planbrecipes.com,Found,Root domain,212,36,31,29,10,3
58,planetaesfera.com,Found,Root domain,35(1 / -),22(1 / -),22,20,8,-
59,pleasenote.net,Found,Root domain,"5,224(5 / -)",631(3 / -),543,484,15,7
60,pligg.8thai.com,Found,Subdomain,125,35,34,34,24,15
61,pligg.cba.pl,Found,Subdomain,517,17,17,17,4,-
62,pligg.comyr.com,Found,Subdomain,84,14,13,11,10,6
63,pligg.host56.com,Found,Subdomain,2,2,1,1,-,-
64,pligg.hotpropertydesigns.com,Found,Subdomain,159,42,37,36,29,6
65,pligg.howcanibemoregreen.com,Found,Subdomain,"1,437(1 / -)",286(1 / -),273,252,31,16
66,pligg.laptopow.com,Found,Subdomain,352,41,36,36,31,11
67,pligg.matechulous.com,Found,Subdomain,4,3,3,3,19,-
68,pligg.ncnm.edu,Found,Subdomain,10,2,2,2,19,-
69,pligg.sentralhosting.com,Found,Subdomain,517,59,56,53,29,13
70,pligg.strawandberries.com,Found,Subdomain,318,54,51,49,27,10
71,pligg.tac-bf2.fr,Found,Subdomain,24(1 / -),17(1 / -),15,15,23,-
72,pligg.th.ly,Found,Subdomain,"2,213",201,181,162,32,11
73,pligg.vacau.com,Found,Subdomain,4,3,3,3,17,-
74,pligg.webdezinz.com,Found,Subdomain,66,11,11,11,22,10
75,pligg.yagrysha.com,Found,Subdomain,272,45,34,34,35,12
76,pligg-designs.com,Found,Root domain,856(4 / -),143(4 / -),133,129,14,2
77,pliggindustry.com,Found,Root domain,581,163,133,122,13,6
78,pliggmall.com,Found,Root domain,299(1 / -),71(1 / -),70,67,8,5
79,pliggmods.com,Found,Root domain,"8,972(2 / -)",813(2 / -),724,617,30,8
80,pliggsocialbookmark.cz.cc,Found,Subdomain,28,21,21,19,3,-
81,pligg-spammers.info,Found,Root domain,144,49,48,45,7,-
82,pliggvote.com,Found,Root domain,"2,408",340,295,266,24,12
83,plugposts.info,Found,Root domain,"18,687(71 / -)","2,023(18 / -)","1,473","1,227",34,7
84,pluriarquia.com.ar,Found,Root domain,"10,418(4 / -)",661(3 / -),501,453,15,7
85,poetamoderno.com,Found,Root domain,"5,146(1 / -)",427(1 / -),347,314,13,3
86,pokerspeople.com,Found,Root domain,"1,090",24,24,23,7,4
87,polifo.de,Found,Root domain,599(1 / -),39(1 / -),35,34,16,18
88,porpstumbles.info,Found,Root domain,"1,666",53,50,48,16,2
89,portal.tw,Found,Root domain,"44,452(14 / 13)","1,750(11 / 2)","1,317","1,110",30,36
90,portaldenoticias.org,Found,Root domain,37,10,9,9,9,-
91,postatips.com,Found,Root domain,533(1 / -),188(1 / -),169,153,10,4
92,postingku.com,Found,Root domain,714,134,112,109,19,9
93,pqrnews.com,Found,Root domain,"5,957(149 / -)",997(9 / -),689,620,31,9
94,practiceimprovement.net,Found,Root domain,36,27,27,27,6,1
95,prankpro.com,Found,Root domain,712,124,120,115,19,1
96,predpr-ie-mach.info,Found,Root domain,11,8,6,6,5,-
97,priorlistings.info,Found,Root domain,74,35,27,27,11,2
98,product-life.com,Found,Root domain,"11,694(140 / -)","1,234(10 / -)","1,015",858,20,5
99,productlinks.pesonadigital.com,Found,Subdomain,430,69,65,64,28,14
100,profitmarkking.info,Found,Root domain,"8,495(4 / -)",366(4 / -),286,254,18,3
101,project-pc.de,Found,Root domain,94,33,30,27,8,15
102,projobspot.com,Found,Root domain,"87,622(237 / -)","5,049(37 / -)","3,319","2,570",40,8
103,promotewebsite.ueuo.com,Found,Subdomain,13(1 / -),8(1 / -),8,8,1,4
104,propody.com,Found,Root domain,"30,328(20 / 2)","2,209(13 / 1)","1,430","1,206",32,8
105,proposals.openbookworx.com,Found,Subdomain,10,4,4,4,22,6
106,proppler-news.info,Found,Root domain,113,66,60,57,9,2
107,prurls.info,Found,Root domain,"3,108(1 / -)",302(1 / -),271,246,14,4
108,psmerchants.info,Found,Root domain,205(1 / -),27(1 / -),27,27,10,2
109,psychoticape.uni.cc,Found,Subdomain,411,57,51,49,27,21
110,publichealthdownloads.com,Found,Root domain,"12,695(11 / -)",788(4 / -),624,550,24,4
111,publinksid.info,Found,Root domain,267,60,56,54,17,2
112,publish.cssolution.net,Found,Subdomain,"6,955(25 / -)",767(6 / -),657,562,35,18
113,publishsite-news.info,Found,Root domain,51,26,23,23,6,2
114,pulseofhouston.com,Found,Root domain,"22,217(6 / -)",438(3 / -),359,307,22,5
115,puppyshopping.com,Found,Root domain,55,25,22,22,7,6
116,qablo.net,Found,Root domain,"3,800(5 / -)",412(1 / -),359,318,25,3
117,quest4linkz.com,Found,Root domain,"1,118(8 / -)",228(1 / -),207,191,12,5
118,quickindex.info,Found,Root domain,577(1 / -),102(1 / -),94,94,18,5
119,quitweb.com,Found,Root domain,275,72,65,62,8,2
120,qulqal.com,Found,Root domain,"14,604",284,250,233,22,16
121,randallflagg.ra.funpic.org,Found,Subdomain,27,6,6,6,20,1
122,rankco.info,Found,Root domain,"38,402(18 / -)","2,526(15 / -)","1,792","1,421",31,7
123,rapid-ur-urls.info,Found,Root domain,132,38,34,34,15,2
124,rated-18.com,Found,Root domain,"4,737",103,94,91,14,5
125,rbcommunity.com,Found,Root domain,22,12,12,12,10,4
126,readuo.com,Found,Root domain,106,14,13,13,11,2
127,realbookmarks.com,Found,Root domain,11,7,7,7,4,-
128,recalltwitt.info,Found,Root domain,64,38,35,35,14,2
129,recentgadgets.com,Found,Root domain,"3,810",71,63,62,11,3
130,recipebookmarks.com,Found,Root domain,"29,160(16 / 5)","1,824(12 / 3)","1,457","1,192",21,4
131,recomiendaesto.com,Found,Root domain,"5,080(4 / -)",747(4 / -),532,469,29,4
132,redditt.info,Found,Root domain,84,29,28,27,7,2
133,redhotbookmarks.com,Found,Root domain,"12,057(2 / -)",412(1 / -),363,319,28,4
134,redhotchilipeppers.info,Found,Root domain,116,28,22,22,6,2
135,redsparkle.info,Found,Root domain,47,24,21,21,7,2
136,regerax.awardspace.com,Found,Subdomain,5,3,2,2,1,1
137,register2network.com,Found,Root domain,"1,168",109,103,96,9,7
138,rehon.vn,Found,Root domain,47,28,26,26,7,2
139,repost.comoj.com,Found,Subdomain,"6,482",442,395,354,24,14
140,restaurantreviewsblog.info,Found,Root domain,513,58,55,50,19,5
141,review.zazi.com,Found,Subdomain,"3,460(5 / -)",354(3 / -),315,288,31,19
142,reviewmysite.temi.co.uk,Found,Subdomain,"15,349(16 / 2)","1,049(5 / 2)",878,780,35,21
143,revolutionofthedead.com,Found,Root domain,"4,095",161,149,138,12,2
144,revud.info,Found,Root domain,"2,570",150,126,124,22,9
145,risasporuntube.net76.net,Found,Subdomain,193(1 / -),41(1 / -),40,39,21,4
146,rocketmarking.info,Found,Root domain,106,66,58,55,17,2
147,rolluplinks.info,Found,Root domain,"8,581",205,190,177,14,6
148,roomheater.com,Found,Root domain,-,-,-,-,-,-
149,royallisting.info,Found,Root domain,18,11,10,10,9,1
150,rss.tipesoft.com,Found,Subdomain,"22,282(15 / -)",764(4 / -),549,485,33,11
1,rssbg.net,Found,Root domain,371,81,77,76,15,3
2,rssmarks.info,Found,Root domain,79,51,49,49,16,2
3,rucenter.cz,Found,Root domain,"17,065",213,197,185,11,4
4,rudigg.jino-net.ru,Found,Subdomain,23,12,12,12,20,10
5,rulist.net,Found,Root domain,359,149,117,103,11,6
6,rumorbug.com,Found,Root domain,4,1,1,1,3,-
7,russianwomen.100webspace.net,Found,Subdomain,47,26,22,22,1,-
8,s205508405.onlinehome.fr,Found,Subdomain,19,2,2,2,4,-
9,s43.de,Found,Root domain,"40,989(30 / -)",599(3 / -),455,400,27,9
10,sadigg.com,Found,Root domain,"12,184(1 / -)",40(1 / -),37,35,11,1
11,saeromark.info,Found,Root domain,"1,231(2 / -)",91(2 / -),84,79,15,4
12,sakudelo.com,Found,Root domain,"66,561(162 / 3)","3,526(24 / 2)","2,458","1,939",31,11
13,saleup.us,Found,Root domain,83,14,14,14,5,-
14,samfeed.com,Found,Root domain,862,30,29,27,14,4
15,samiajiklinik.com,Found,Root domain,"123,270(563 / 7)","9,162(67 / 4)","5,831","4,260",45,17
16,sampagita.com,Found,Root domain,"6,319(3 / -)",615(2 / -),546,449,16,4
17,sanctifly.com,Found,Root domain,"6,732(4 / -)",536(2 / -),440,388,15,13
18,sanfrancisco.getofftheinternet.net,Found,Subdomain,150(1 / 1),53(1 / 1),43,43,35,17
19,santagoodlist.net,Found,Root domain,"17,336(2 / -)",202(2 / -),189,177,11,4
20,satya17.tk,Found,Root domain,37,22,22,22,6,-
21,saveeditmark.info,Found,Root domain,862(2 / -),52(2 / -),49,48,15,2
22,savelinks.net,Found,Root domain,"1,796(1 / -)",63(1 / -),53,52,38,4
23,savemylink.net,Found,Root domain,"2,680(1 / -)",194(1 / -),176,163,23,3
24,save-url.net,Found,Root domain,704(1 / -),82(1 / -),68,66,13,1
25,save-your-stories.info,Found,Root domain,45,23,21,21,12,2
26,saysaid.com,Found,Root domain,"14,698(4 / -)","1,006(3 / -)",879,759,25,13
27,sbuydigg.com,Found,Root domain,"19,959(12 / -)",869(8 / -),771,649,26,11
28,scamfeed.com,Found,Root domain,"1,002",115,108,105,15,1
29,scienceandjobs.com,Found,Root domain,"7,272(3 / -)",517(3 / -),425,382,14,4
30,sciencedigg.com,Found,Root domain,"4,119(1 / -)",488(1 / -),437,393,24,8
31,scoopd.info,Found,Root domain,"9,299(3 / -)",442(3 / -),408,368,14,5
32,scrapefoot.com,Found,Root domain,78,19,19,19,6,-
33,scuttlefreebmz.ifastnet.com,Found,Subdomain,40,8,7,7,19,-
34,secondbookmark.info,Found,Root domain,290,90,83,82,17,5
35,seeklisting.info,Found,Root domain,109,62,54,52,16,2
36,segnala-sito.webdesignroma.com,Found,Subdomain,79,12,10,10,24,24
37,sejfowisko.pl,Found,Root domain,442,57,56,56,17,4
38,selectified.com,Found,Root domain,"2,506(2 / -)",122(2 / -),108,100,19,11
39,sellbookmarking.info,Found,Root domain,51,19,18,18,10,5
40,sellbuyer.com,Found,Root domain,410,73,71,69,8,2
41,sellersguru.com,Found,Root domain,"4,034(117 / -)",394(2 / -),363,327,26,7
42,seo.websell.be,Found,Subdomain,"48,367(49 / 2)","2,565(24 / 1)","1,782","1,460",46,18
43,seoapi.ru,Found,Root domain,27,20,13,13,7,1
44,seoblisting.info,Found,Root domain,61,28,22,22,12,2
45,seobookmarks.info,Found,Root domain,"1,054",210,165,152,18,5
46,seobukmark.info,Found,Root domain,"23,983(6 / 17)",994(4 / 1),756,656,17,7
47,seo-buzzlink.info,Found,Root domain,349,49,43,42,15,2
48,seofirmthailand.com,Found,Root domain,190,39,37,37,16,3
49,seolinkthai.com,Found,Root domain,155(- / 2),28(- / 1),27,26,8,2
50,seomagnet.info,Found,Root domain,1,1,1,1,-,-
51,seo-provider-directory.info,Found,Root domain,506,107,101,99,9,3
52,seosocial.info,Found,Root domain,382,89,81,76,9,5
53,seoswamy.com,Found,Root domain,488,134,108,102,10,4
54,servitz.com,Found,Root domain,"8,606(11 / -)",792(3 / -),653,584,19,4
55,seyil.com,Found,Root domain,"2,075(4 / -)",396(4 / -),378,339,13,4
56,share.ae,Found,Root domain,"20,494(13 / 1)",723(6 / 1),625,522,16,8
57,share.rapichat.com,Found,Subdomain,658(- / 2),320(- / 1),204,196,38,25
58,shared.nightfling.com,Found,Subdomain,"30,183(31 / 41)","2,156(12 / 3)","1,707","1,449",40,22
59,sharel.in,Found,Root domain,"3,071(8 / -)",380(3 / -),334,300,16,8
60,share-links.org,Found,Root domain,"10,286(2 / -)",281(2 / -),262,245,22,4
61,shareproduct.co.cc,Found,Root domain,93,9,9,9,5,1
62,sharingchristianity.com,Found,Root domain,31,13,12,12,6,2
63,shazaboxers.info,Found,Root domain,24,15,13,13,6,1
64,shinelinks.info,Found,Root domain,26,12,11,11,9,2
65,shinymarker.com,Found,Root domain,"12,485(6 / 2)",982(5 / 1),779,675,27,12
66,shithappenstous.com,Found,Root domain,39,21,21,20,6,2
67,shlanxiao.com,Found,Root domain,120,20,13,12,11,3
68,shopping-forums.net,Found,Root domain,"2,738(4 / -)",503(4 / -),418,378,14,3
69,shortprayer.com,Found,Root domain,"1,814",133,115,106,14,16
70,shoutspace.net,Found,Root domain,"5,911(2 / -)",389(2 / -),357,316,22,5
71,shukyo.info,Found,Root domain,"22,141",41,40,38,15,9
72,siamevents.com,Found,Root domain,"1,508(1 / -)",263(1 / -),244,228,18,3
73,sicily.ex.nii.ac.jp,Found,Subdomain,12,9,7,7,-,-
74,siftd.com,Found,Root domain,"4,332(2 / -)",418(2 / -),376,339,28,6
75,siftedrecipes.com,Found,Root domain,498,91,90,85,18,3
76,simpletagz.info,Found,Root domain,"4,795(2 / -)",437(2 / -),383,341,27,6
77,sisustus.nu,Found,Root domain,582(4 / -),54(1 / -),52,51,11,9
78,site2c.info,Found,Root domain,"18,237(23 / 2)","1,968(14 / 2)","1,457","1,200",30,5
79,sitebookmarks.info,Found,Root domain,"11,208(15 / -)","1,403(9 / -)","1,009",855,32,6
80,sitemarks.co.cc,Found,Root domain,321,68,61,53,8,1
81,sitesays.com,Found,Root domain,"169,399(99 / 5)","4,954(36 / 1)","3,738","2,925",31,22
82,skanklover.com,Found,Root domain,"9,194(11 / -)",337(3 / -),290,259,13,9
83,skydigg.com,Found,Root domain,"22,291(4 / -)",84(4 / -),71,62,18,6
84,skydomerecords.com,Found,Root domain,108,45,34,34,15,16
85,slackbuzz.com,Found,Root domain,224,50,48,46,19,4
86,slikdealz.com,Found,Root domain,"1,257(1 / -)",45(1 / -),40,40,7,3
87,slingmark.info,Found,Root domain,25,15,14,14,10,2
88,slink-wheel.info,Found,Root domain,39,25,22,22,11,4
89,slixo.com,Found,Root domain,"18,500(27 / -)","1,168(9 / -)",994,835,29,6
90,slurke.com,Found,Root domain,"10,584(5 / -)","1,461(3 / -)","1,153",962,19,6
91,slurke.info,Found,Root domain,21,12,11,11,9,1
92,smartviewer.info,Found,Root domain,60,33,31,31,14,2
93,smashsites.info,Found,Root domain,"2,039(1 / -)",269(1 / -),251,229,12,6
94,smesoftware.info,Found,Root domain,176,16,16,16,6,-
95,smokinghotbabes.net,Found,Root domain,42,11,10,10,12,2
96,smokinghotmeter.com,Found,Root domain,"2,042(1 / -)",114(1 / -),88,79,19,2
97,smokkr.com,Found,Root domain,"1,648",134,120,109,20,6
98,smokkr.net,Found,Root domain,5,5,5,5,7,1
99,smokkr.org,Found,Root domain,20,8,7,7,12,2
100,smutcircus.com,Found,Root domain,612,86,77,76,11,5
101,snagly.com,Found,Root domain,"4,203(3 / -)",382(2 / -),331,299,13,7
102,snfb.net,Found,Root domain,331,25,22,22,14,6
103,snipsocial.info,Found,Root domain,19,12,11,11,9,1
104,sniptag-s.info,Found,Root domain,61,37,33,33,14,3
105,sns.sohours.com,Found,Subdomain,13,7,7,7,21,-
106,so-best.com,Found,Root domain,"10,267(6 / -)",874(5 / -),753,624,28,7
107,social.directoryurlsubmission.com,Found,Subdomain,"5,176(3 / -)",321(3 / -),287,269,33,18
108,social.id.or.id,Found,Subdomain,14,6,6,6,10,-
109,social.iindiabusiness.com,Found,Subdomain,"20,412(19 / 2)","1,169(7 / 1)",987,825,37,20
110,social.infoeduindia.com,Found,Subdomain,756,137,120,109,29,10
111,social.postsiam.com,Found,Subdomain,243,87,83,78,25,11
112,social.utola.com,Found,Subdomain,340(4 / -),43(1 / -),43,40,25,-
113,socialadda.com,Found,Root domain,"30,071(33 / -)","1,781(11 / -)","1,494","1,218",32,9
114,socialadobe.info,Found,Root domain,67,40,32,32,8,2
115,socialbiznews.info,Found,Root domain,37,22,16,16,9,1
116,social-bookmarking.net,Found,Root domain,"117,835(29 / -)","5,106(17 / -)","3,550","2,668",37,28
117,socialbookmarkingclub.info,Found,Root domain,230,37,35,34,8,2
118,social-bookmarks.thai-web.net,Found,Subdomain,134,55,54,51,25,8
119,socialbookmarkworld.com,Found,Root domain,"3,037",492,432,382,26,7
120,social-bookmarkz.info,Found,Root domain,"108,685(201 / 5)","5,351(40 / 3)","3,276","2,550",32,9
121,socialdepot.org,Found,Root domain,318,107,97,96,10,5
122,socialdigger.de,Found,Root domain,"2,241(2 / -)",211(1 / -),198,184,11,6
123,socialdomian.info,Found,Root domain,50,28,24,24,12,2
124,so-cialfaviki.info,Found,Root domain,9,7,5,5,7,-
125,socialfreezilla.info,Found,Root domain,19,12,11,11,9,1
126,socialfurl.info,Found,Root domain,"2,294(3 / -)",337(3 / -),312,286,15,5
127,socialkirtsy.info,Found,Root domain,11,8,7,7,8,-
128,sociallinkets.info,Found,Root domain,"1,908(4 / -)",226(3 / -),200,180,11,7
129,social-links.org,Found,Root domain,"1,263",123,111,103,20,4
130,socialmagnetize.com,Found,Root domain,"1,854(3 / -)",250(3 / -),238,209,25,7
131,socialmagnetize.com.nu,Found,Root domain,329,71,67,66,13,-
132,socialmediaarticle.com,Found,Root domain,"17,023(5 / -)",862(4 / -),701,611,25,7
133,socialmore.info,Found,Root domain,"3,194",228,215,200,14,6
134,socialmotor.info,Found,Root domain,46,23,20,20,12,1
135,socialnetbkmk.bplaced.net,Found,Subdomain,98,29,28,27,22,14
136,socialnewspot.info,Found,Root domain,16,14,12,11,9,-
137,social-nic.info,Found,Root domain,90,47,45,44,14,2
138,socialoverdoze.com,Found,Root domain,"20,723(203 / 2)","2,077(19 / 2)","1,575","1,279",21,9
139,so-cial-planet.info,Found,Root domain,87,50,47,47,9,2
140,socialproduct.info,Found,Root domain,162,45,39,39,15,2
141,so-cialsavers.info,Found,Root domain,80(2 / -),46(1 / -),43,42,11,2
142,socialtagger.com,Found,Root domain,"2,656(5 / -)",403(1 / -),342,308,14,5
143,socialtek.net,Found,Root domain,"30,495(35 / 48)","1,588(10 / 10)","1,182","1,005",17,11
144,socialtree.info,Found,Root domain,925(2 / -),73(2 / -),69,66,17,2
145,socialupgrade.info,Found,Root domain,21,13,12,12,10,1
146,socialweblink.com,Found,Root domain,"2,481(1 / -)",124(1 / -),110,104,20,1
147,socialwebpad.com,Found,Root domain,"2,554(2 / -)",430(1 / -),379,337,14,5
148,socialzillas.info,Found,Root domain,785(2 / -),47(2 / -),44,43,7,2
149,sociatectmark.info,Found,Root domain,121,46,39,39,15,2
150,socibook.com,Found,Root domain,"446,629",655,488,415,40,26
1,societyweb.info,Found,Root domain,"4,767(10 / 1)",494(5 / 1),431,383,14,11
2,socilinks.com,Found,Root domain,"1,871",14,14,12,12,5
3,sociofilink.info,Found,Root domain,"1,015(2 / -)",80(2 / -),75,71,18,2
4,so-cio-rower.info,Found,Root domain,260,56,53,51,16,2
5,so-cio-tray.info,Found,Root domain,89,53,46,46,7,2
6,solic-zoltrixz.info,Found,Root domain,841(2 / -),76(2 / -),72,70,18,2
7,somebodymakethis.com,Found,Root domain,39,13,13,13,13,4
8,songelisme.com,Found,Root domain,"6,103",8,7,7,9,6
9,sonhaberim.com,Found,Root domain,80,23,21,21,13,3
10,sosocampus.com,Found,Root domain,18,10,10,10,4,1
11,source-essence.com,Found,Root domain,"11,535(1 / -)",621(1 / -),482,426,23,4
12,sourceside.com,Found,Root domain,"2,756(13 / -)",322(4 / -),302,270,12,5
13,sourcingspot.com,Found,Root domain,"25,113(34 / 1)","1,832(11 / 1)","1,305","1,067",36,4
14,southdakota.me,Found,Root domain,"8,624(10 / -)",465(3 / -),411,362,14,3
15,southfloridabusinessnews.com,Found,Root domain,"10,812(29 / -)",956(9 / -),783,716,20,21
16,southkorea-link.co.cc,Found,Root domain,"1,206(2 / -)",152(1 / -),140,135,10,3
17,spaccialink.com,Found,Root domain,"1,968",16,16,16,19,15
18,sparklinkx.com,Found,Root domain,"8,529(89 / -)","1,091(9 / -)",885,757,22,7
19,spicybookmark.info,Found,Root domain,"20,118(45 / -)","2,116(13 / -)","1,537","1,262",37,7
20,spinnerlife.com,Found,Root domain,107,79,76,73,7,1
21,spirr-it.com,Found,Root domain,"3,686",268,249,225,14,4
22,splutr.com,Found,Root domain,"4,930(5 / -)",638(4 / -),577,510,17,8
23,sport.news-24h.org,Found,Subdomain,-,-1,-,-,-,-
24,sportbetx.com,Found,Root domain,"3,065(2 / -)",374(2 / -),316,282,21,5
25,sportr.it,Found,Root domain,573,82,79,78,8,10
26,sportsbettingnewscast.com,Found,Root domain,"15,534",137,133,123,10,3
27,sports-bg.com,Found,Root domain,"3,948(179 / -)",520(3 / -),452,405,15,6
28,sportus.it,Found,Root domain,351,143,133,132,10,6
29,spotlinking.info,Found,Root domain,90,35,29,27,8,2
30,spotsocial.info,Found,Root domain,"1,638",127,123,112,12,4
31,sprilo.com,Found,Root domain,"3,386(1 / -)",456(1 / -),396,360,30,7
32,spurls.info,Found,Root domain,"2,382(2 / -)",312(2 / -),283,254,15,6
33,squidup.org,Found,Root domain,"1,332(2 / -)",214(2 / -),182,163,19,15
34,stackbookmarks.info,Found,Root domain,"28,963(207 / -)","1,268(14 / -)",915,767,33,5
35,stampnerds.com,Found,Root domain,425,15,13,13,5,3
36,startupbug.com,Found,Root domain,"9,501(8 / -)",965(5 / -),735,619,26,7
37,starywykop.net16.net,Found,Subdomain,31,25,25,25,20,-
38,steepbookmarks.com,Found,Root domain,160,68,57,54,10,4
39,stick2this.info,Found,Root domain,"2,197",257,237,214,25,6
40,sticktothis.com,Found,Root domain,"8,773(579 / -)",890(2 / -),770,664,18,5
41,stingclip.info,Found,Root domain,63,22,21,21,11,1
42,stire.paulierco.ro,Found,Subdomain,"1,217(3 / -)",101(3 / -),97,95,27,7
43,storebuycheap.com,Found,Root domain,"2,037(1 / -)",279(1 / -),250,232,12,5
44,stranky.iphoneblog.sk,Found,Subdomain,4,2,2,2,19,-
45,stryks.com,Found,Root domain,"20,783(411 / -)",739(4 / -),607,535,23,5
46,studentquarterly.com,Not found,-,-,-,-,-,-,-
47,studywordpress.com,Found,Root domain,1,1,1,1,-,-
48,stumble.info,Found,Root domain,"6,175(7 / -)",841(6 / -),659,562,17,11
49,stumbleupon.com,Found,Root domain,"700,581,351(1,042,777 / 1,124,595)","1,170,136(2,601 / 1,035)","300,738","86,636",86,87
50,stupidestsites.com,Found,Root domain,391(- / 5),90(- / 1),86,82,9,1
51,subjectsocial.com,Found,Root domain,"3,470(3 / -)",507(2 / -),449,397,22,5
52,subkr.com,Found,Root domain,"3,587(3 / -)",372(2 / -),330,281,13,5
53,submergeyourself.org,Found,Root domain,478,53,50,49,16,1
54,submit.funkruti.com,Found,Subdomain,"13,585(25 / -)",662(8 / -),536,459,32,17
55,submit.modothai.com,Found,Subdomain,479,129,121,107,30,30
56,submit.ruk-com.in.th,Found,Subdomain,"30,681(26 / 3)","2,312(16 / 2)","1,617","1,317",26,20
57,submit.vizhole.com,Found,Subdomain,"91,845(156 / 26)","6,914(56 / 4)","4,579","3,418",53,37
58,submit.w3blend.com,Found,Subdomain,22,13,13,13,22,-
59,submitbookmarks.net,Found,Root domain,52,35,34,34,10,-
60,submitevent.com,Found,Root domain,"12,323(22 / -)",503(3 / -),440,393,16,4
61,submitnews.info,Found,Root domain,"42,466(96 / 2)","2,683(18 / 1)","1,821","1,483",31,7
62,submitpligg.ce.ms,Found,Subdomain,10,6,5,5,-,-
63,submitpligg.co.be,Found,Root domain,23,4,1,1,3,3
64,submit-th.co.cc,Found,Root domain,"1,211",160,155,145,7,1
65,submittravel.com,Found,Root domain,682,121,109,103,13,3
66,submiturnews.com,Found,Root domain,559,124,116,110,9,3
67,suggestions.risendineatl.com,Found,Subdomain,-,-1,-,-,-,-
68,summarized.net,Found,Root domain,"1,034",181,164,150,16,6
69,sunshineboy.summerhost.info,Found,Subdomain,"5,475(7 / -)",384(4 / -),311,283,22,13
70,superbookmarking.info,Found,Root domain,965,92,85,85,17,5
71,superdogfood.com,Found,Root domain,206(1 / -),34(1 / -),30,29,7,-
72,supkon.auditory.ru,Found,Subdomain,"5,538(2 / -)",527(2 / -),389,348,35,16
73,supnews.net,Found,Root domain,2,1,1,1,3,-
74,svejo.itplace.info,Found,Subdomain,"6,924(5 / -)",523(3 / -),463,396,33,12
75,swbuzz.com,Found,Root domain,"1,501(5 / -)",199(5 / -),186,178,12,3
76,sweepsgoat.com,Found,Root domain,"34,511(13 / 3)","1,898(10 / 2)","1,675","1,373",34,19
77,synergyproject.org,Found,Root domain,"5,169(4 / -)",485(3 / -),436,380,15,6
78,szenepresse.de,Found,Root domain,663,46,38,38,9,8
79,sztarvilag.com,Found,Root domain,26,12,11,11,8,7
80,ta.indli.com,Found,Subdomain,"114,596",258,183,168,48,26
81,ta.tamilers.com,Found,Subdomain,251,45,27,24,25,14
82,tachiyomionline.com,Found,Root domain,53,15,13,13,11,1
83,tagarticles.co.cc,Found,Root domain,137,69,67,64,7,2
84,tagbowl.info,Found,Root domain,793(2 / -),46(2 / -),43,41,14,2
85,taghop.info,Found,Root domain,"43,485(11 / -)","1,869(4 / -)","1,298","1,080",34,8
86,tagmarket.info,Found,Root domain,62,18,17,17,10,1
87,tagsocial.info,Found,Root domain,"11,283(11 / -)",855(6 / -),712,613,17,8
88,tagstamp.com,Found,Root domain,"58,830",143,126,122,13,3
89,tagza.com,Found,Root domain,"858,013(2,081 / 178)","23,506(154 / 18)","14,578","9,328",46,27
90,tagzainmark.info,Found,Root domain,"1,074(2 / -)",70(2 / -),64,63,17,2
91,taku.tk,Found,Root domain,"2,884(12 / -)",333(2 / -),302,278,13,8
92,tamil.talk4fun.net,Found,Subdomain,3,1,1,1,-,-
93,tamilcinemalinks.php0h.com,Found,Subdomain,221,7,7,7,19,-
94,tamilish.com,Found,Root domain,"18,641",222,185,168,17,17
95,tamilrank.com,Found,Root domain,4,4,4,4,4,2
96,teamluxury.com,Found,Root domain,383(1 / -),87(1 / -),78,74,9,4
97,techietricks.com,Found,Root domain,50(2 / -),38(1 / -),37,35,6,-
98,technoratitags.info,Found,Root domain,73,25,19,19,10,1
99,tecigg.com,Found,Root domain,481(1 / -),92(1 / -),88,87,9,3
100,telugucomedy.in,Found,Root domain,"18,165(4 / -)",486(2 / -),412,363,15,4
101,temlink.com.br,Found,Root domain,"4,034",143,126,118,21,6
102,test.internetmedia.hu,Found,Subdomain,-,-1,-,-,-,-
103,test.mysitevote.com,Found,Subdomain,99,12,12,12,22,-
104,test.squikbox.com,Found,Subdomain,87(1 / -),14(1 / -),14,14,23,-
105,testpligg.co.cc,Found,Root domain,605,16,16,15,3,-
106,th.diggaof.co.cc,Found,Subdomain,"2,798(12 / -)",324(3 / -),292,263,31,11
107,thaibm.thport.com,Found,Subdomain,4,3,2,2,21,-
108,thaibookmarks.com,Found,Root domain,"1,620(1 / -)",249(1 / -),212,190,14,16
109,thaiconnexion.com,Found,Root domain,"7,531(26 / -)","1,005(6 / -)",624,556,17,5
110,thaipostdb.com,Found,Root domain,"106,362",51,42,42,11,9
111,thaisell.org,Found,Root domain,"31,788(4 / -)",447(2 / -),386,345,13,9
112,thaiservice.net,Found,Root domain,696,60,54,50,12,14
113,thamilbest.comoj.com,Found,Subdomain,"1,060",171,155,148,22,11
114,thebigsaleslist.com,Found,Root domain,433,26,25,25,6,2
115,thebonjour.info,Found,Root domain,"2,529",29,27,26,6,1
116,thebookmarkingservice.com,Found,Root domain,67,43,43,42,6,-
117,thefinancials.net,Found,Root domain,744(1 / -),123(1 / -),117,112,9,3
118,theglobalpulse.com,Found,Root domain,63,31,31,29,6,-
119,thehottestlinks.com,Found,Root domain,233,107,93,82,12,5
120,thelifelogger.info,Found,Root domain,61,18,17,17,12,1
121,themagicmenu.info,Found,Root domain,80,26,24,24,12,2
122,thepartizans.org,Found,Root domain,"42,187(31 / -)","2,564(22 / -)","2,197","1,754",25,7
123,thepeoplescouncil.com,Found,Root domain,16,12,12,12,7,3
124,thepitchslap.com,Found,Root domain,272(117 / -),12(2 / -),12,12,5,4
125,theretinadisplay.com,Found,Root domain,4,2,2,2,6,-
126,thesocialsubmit.info,Found,Root domain,"174,861(81 / 59)","4,794(29 / 3)","3,143","2,427",36,11
127,thewebblendz.info,Found,Root domain,"2,975(3 / -)",335(3 / -),276,253,14,3
128,think.seyboldinc.com,Found,Subdomain,"4,688(10 / -)",407(8 / -),357,325,33,16
129,thoof.com,Found,Root domain,"145,043(61 / 6)","3,724(28 / 4)","2,768","2,155",42,20
130,tifacil.net,Found,Root domain,"1,204",166,140,129,10,5
131,tigg.healthywealthyindia.com,Found,Subdomain,25,14,14,14,23,-
132,tin-hot.com,Found,Root domain,10,7,7,7,5,-
133,tlm.awardspace.com,Found,Subdomain,50,31,28,28,23,1
134,toast.com.au,Found,Root domain,448,176,163,157,9,6
135,top.bestsail.org,Found,Subdomain,902,104,84,80,26,13
136,top.clik.gr,Found,Subdomain,"1,122",47,42,42,26,3
137,top.financial-hub.net,Found,Subdomain,2,1,1,1,17,-
138,topeven.com,Found,Root domain,"27,120(16 / -)","1,474(4 / -)","1,208","1,005",20,9
139,topfn.com,Found,Root domain,"7,688(1 / -)",340(1 / -),296,284,18,12
140,topgames2008.com,Found,Root domain,"16,641(287 / -)",427(2 / -),379,343,30,7
141,tophit.mwake.com,Found,Subdomain,7,4,4,4,20,-
142,topicindexz.info,Found,Root domain,67(1 / -),43(1 / -),40,40,7,2
143,topnews.uphero.com,Found,Subdomain,37,8,8,8,10,-
144,topranking.dzien-e-mail.org,Found,Subdomain,"1,670(1 / -)",239(1 / -),196,175,38,26
145,topstiri.net,Found,Root domain,126(2 / -),46(1 / -),44,43,17,7
146,topwsites.com,Found,Root domain,"2,859(5 / -)",412(3 / -),329,291,23,8
147,total-outdoors.com,Found,Root domain,-,-,-,-,-,-
148,total-outdoors.net,Found,Root domain,1,1,1,1,-,-
149,totalpad.com,Found,Root domain,"4,944(13 / -)",660(1 / -),566,515,30,38
150,touristsguild.com,Found,Root domain,"4,850(3 / -)",288(2 / -),238,221,25,6
1,tp48.com,Found,Root domain,37,23,21,20,6,1
2,trackerz.com,Found,Root domain,"9,523(1 / -)",594(1 / -),505,465,28,24
3,tracksidefriends.com,Found,Root domain,"8,285(3 / -)",616(3 / -),551,498,18,4
4,traffic2social.com,Found,Root domain,"22,474(33 / -)",854(8 / -),662,575,15,5
5,transfersezon.com,Found,Root domain,28,8,8,8,6,3
6,travel.parpai.com,Found,Subdomain,4,3,3,3,-,-
7,travel.thailandhappiness.net,Found,Subdomain,91,31,30,30,24,16
8,travelspotter.ca,Found,Root domain,12,5,5,5,4,-
9,trendybookmarks.info,Found,Root domain,"16,015(13 / -)","1,276(7 / -)",923,780,31,4
10,trendymarks.info,Found,Root domain,"3,073(1 / -)",343(1 / -),315,290,15,4
11,tub.uni.cc,Found,Subdomain,1,1,1,1,-,-
12,tubeame.net,Found,Root domain,160,21,21,20,6,12
13,tudofree.eu5.org,Found,Subdomain,61,37,35,33,22,5
14,tugtopmark.info,Found,Root domain,8,7,5,5,5,-
15,tumblrlink.info,Found,Root domain,72,46,42,40,7,2
16,tunisia.10001mb.com,Found,Subdomain,114,23,20,20,26,-
17,tutorialhou.se,Found,Root domain,160,15,11,11,6,7
18,tutsup.com,Found,Root domain,504,83,78,78,8,1
19,tweetametrics.com,Found,Root domain,"113,682(22 / 3)","2,993(16 / 3)","2,217","1,756",23,6
20,tweetbookmarks.com,Found,Root domain,804,154,139,133,11,5
21,tweeterisms.com,Found,Root domain,"1,007(1 / -)",164(1 / -),152,144,11,5
22,tweetmypost.com,Found,Root domain,"2,383",170,155,149,11,2
23,twinlinkd.info,Found,Root domain,86,39,36,36,14,2
24,twipit.com,Found,Root domain,"24,833(74 / -)","1,750(10 / -)","1,406","1,157",23,6
25,twist.bestsail.org,Found,Subdomain,"1,744",87,68,66,26,13
26,twistfusion.com,Found,Root domain,"1,459",372,336,293,13,5
27,twitfact.com,Found,Root domain,"10,048(1 / -)",90(1 / -),77,73,11,2
28,twittelicious.com,Found,Root domain,"3,234(5 / -)",494(3 / -),457,391,14,7
29,twitter-news-site.info,Found,Root domain,70,39,35,35,7,2
30,twocodes.com,Found,Root domain,967(1 / -),125(1 / -),122,114,9,7
31,twtluv.com,Found,Root domain,758,154,151,139,10,1
32,typhoonleads.com,Found,Root domain,"6,135(3 / -)",647(3 / -),484,433,14,5
33,typhoonurl.com,Found,Root domain,"1,534(2 / -)",151(1 / -),134,126,10,5
34,ufoandparanormalnews.com,Found,Root domain,"16,811(1 / -)",148(1 / -),119,114,15,6
35,ufol.i-ti.org,Found,Subdomain,34,25,25,23,22,-
36,ughhn.com,Found,Root domain,"8,928(8 / -)",491(3 / -),411,361,14,7
37,ugotreview.info,Found,Root domain,53,13,12,12,9,1
38,ukusno.com,Found,Root domain,"19,318(24 / -)","1,264(12 / -)",945,811,25,11
39,ultimatehotdog.com,Found,Root domain,"9,829(1 / -)",115(1 / -),111,104,10,3
40,ultimatequest.org,Found,Root domain,"8,345(3 / -)",398(1 / -),365,311,29,17
41,ultimo.co,Found,Root domain,260,75,71,68,15,1
42,ummahsbest.com,Found,Root domain,215,46,43,43,14,6
43,universalcemetery.net,Found,Root domain,5,1,1,1,-,-
44,upbacklink.com,Found,Root domain,"27,023(13 / -)",806(4 / -),661,547,31,7
45,upfordebate.us,Found,Root domain,"8,984(4 / -)",163(4 / -),153,147,11,5
46,urbanredux.com,Found,Root domain,52,24,21,21,11,6
47,urdugsite.co.cc,Found,Root domain,"2,046",91,71,68,6,2
48,ur-faves.com,Found,Root domain,877,63,55,51,12,11
49,urfeeds.com,Found,Root domain,"3,593(7 / -)",322(2 / -),260,237,13,3
50,url.org,Found,Root domain,"561,949(3,034 / 70)","19,622(149 / 12)","12,820","8,506",41,26
51,urlbookmarker.com,Found,Root domain,"1,831(1 / -)",271(1 / -),258,233,18,10
52,urldigg.com,Found,Root domain,"3,723(9 / 2)",499(5 / 1),420,383,24,6
53,urlgallery.info,Found,Root domain,49,29,27,27,7,2
54,urlmonopoly.co.uk,Found,Root domain,358,61,58,54,17,1
55,urlstaging.info,Found,Root domain,632(- / 2),100(- / 1),93,87,19,2
56,urselections.com,Found,Root domain,"66,896(80 / 3)","4,090(27 / 3)","3,001","2,348",33,13
57,usdigg.com,Found,Root domain,"14,890(12 / -)",822(5 / -),639,545,16,8
58,utag.me,Found,Root domain,"3,027(1 / -)",469(1 / -),429,392,16,7
59,uttamart.webege.com,Found,Subdomain,162,28,25,24,19,15
60,v2.15aside.com,Found,Subdomain,"20,061(5 / -)",647(2 / -),579,503,34,15
61,vaginarino.org,Found,Root domain,"2,758",32,26,24,13,3
62,varks.net,Found,Root domain,"2,835(2 / -)",327(2 / -),283,257,12,4
63,vazak.com,Found,Root domain,"25,163(13 / 1)","1,988(11 / 1)","1,586","1,252",21,8
64,ventadehosting.com,Found,Root domain,413,178,167,158,14,3
65,vestidana.info,Found,Root domain,621,25,23,23,13,25
66,viajaloo.com,Found,Root domain,"18,881(1 / -)",263(1 / -),239,209,23,4
67,video.nets.gr,Found,Subdomain,619,71,64,63,27,4
68,video-film.cz,Found,Root domain,"62,662",262,203,177,36,22
69,videogameremixes.org,Found,Root domain,8,3,3,3,4,-
70,videootpusk.ru,Found,Root domain,60(1 / -),21(1 / -),21,21,6,1
71,videorelay.org,Found,Root domain,"1,222",10,5,5,7,4
72,vietchan.oni.cc,Found,Subdomain,35,10,8,8,22,-
73,virtualworldshare.com,Found,Root domain,259(1 / -),48(1 / -),46,45,8,3
74,voglioviaggiare.com,Found,Root domain,481,37,37,35,7,-
75,voip-technology.org,Found,Root domain,45,25,25,25,6,2
76,vorne.in,Found,Root domain,"1,092(1 / -)",129(1 / -),122,121,10,8
77,votaku.net,Found,Root domain,230(1 / -),79(1 / -),76,71,8,3
78,vote.ci-xx.org,Found,Subdomain,"1,701(1 / -)",211(1 / -),203,188,30,23
79,vote4link.com,Found,Root domain,"3,039",365,331,309,15,9
80,vote4link.time2news.com,Found,Subdomain,11,8,8,8,19,-
81,voteboat.info,Found,Root domain,76,28,22,22,10,1
82,voteinter.net,Found,Root domain,"33,969(56 / 3)","2,217(18 / 2)","1,661","1,356",35,7
83,votelyrics.com,Found,Root domain,5,1,1,1,3,-
84,votesbulletin.com,Found,Root domain,196,47,45,44,8,3
85,vpligge.ru,Found,Root domain,93,26,24,24,6,4
86,vr2travel.com,Found,Root domain,478(1 / -),108(1 / -),98,91,11,2
87,vselink.cz,Found,Root domain,"1,657(2 / -)",260(1 / -),249,232,12,5
88,vsesrazy.over.cz,Found,Subdomain,2,2,2,2,18,-
89,vtagit.info,Found,Root domain,"2,104(2 / -)",399(2 / -),354,326,26,6
90,w3bookmark.com,Found,Root domain,737,81,69,68,17,4
91,w3bookmarks.com,Found,Root domain,"1,191,739(1,685 / 29)","14,765(125 / 9)","8,863","6,056",39,15
92,w3-buzz.com,Found,Root domain,303(1 / -),110(1 / -),104,101,19,4
93,w3digg.net,Found,Root domain,940,87,81,79,17,4
94,w3-ping.com,Found,Root domain,"9,644(1 / -)",167(1 / -),153,148,20,6
95,w3star.de,Found,Root domain,"4,110(4 / -)",622(4 / -),529,460,15,6
96,wallofwisdom.netau.net,Found,Subdomain,20,6,6,6,11,-
97,wamobi.com,Found,Root domain,"2,330(8 / -)",234(2 / -),207,189,11,5
98,wapcomp.info,Found,Root domain,137,84,83,78,15,1
99,warriorbookmarks.com,Found,Root domain,"14,803(3 / -)",505(2 / -),447,404,26,7
100,watch.sixandco.com,Found,Subdomain,70,38,20,20,30,3
101,watchmatch.net,Found,Root domain,"28,415(4 / -)",909(4 / -),692,589,27,5
102,way2bookmarks.com,Found,Root domain,"342,847(770 / 46)","10,236(86 / 6)","6,820","4,859",38,12
103,way2marks.info,Found,Root domain,56,16,15,15,9,1
104,web.sci.in.th,Found,Subdomain,126,37,33,32,8,13
105,web.smashits.com,Found,Subdomain,"43,132(3 / -)",976(3 / -),823,717,39,35
106,web2u.biz,Found,Root domain,"28,528(28 / -)","2,517(14 / -)","1,977","1,606",25,7
107,web2wilist.info,Found,Root domain,263,86,79,77,13,4
108,web-bookmark.cz.cc,Found,Subdomain,343,20,20,20,11,5
109,webbuilding-news.info,Found,Root domain,"4,331",281,222,201,12,3
110,webbuildingnews.net.,Not found,-,-,-,-,-,-,-
111,webby.ifevernet.com,Found,Subdomain,655,115,110,107,28,-
112,webcarriers.com,Found,Root domain,26,11,10,10,9,-
113,webdeede.co.cc,Found,Root domain,50,25,25,25,6,-
114,webfurl.info,Found,Root domain,"11,682(3 / -)",997(3 / -),836,730,30,6
115,webgare.org,Found,Root domain,"7,585(4 / -)",472(2 / -),354,321,14,6
116,webl0g.altervista.org,Found,Subdomain,442,112,101,97,29,14
117,web-marks.org,Found,Root domain,418,120,113,108,20,4
118,webpageslisting.info,Found,Root domain,72,46,38,38,7,2
119,website-seo-king.info,Found,Root domain,550,71,66,65,17,2
120,websitesmarker.com,Found,Root domain,"2,834(3 / -)",257(2 / -),238,221,23,3
121,websitesonlinetoday.info,Found,Root domain,90,33,27,27,12,1
122,webstersocial.info,Found,Root domain,"1,154(1 / -)",48(1 / -),44,43,16,2
123,webuzz.org,Found,Root domain,462,55,53,50,8,3
124,weddings.com.ph,Found,Root domain,505,129,121,112,19,-
125,wedigg.co.uk,Found,Root domain,"608,795(473 / 33)","6,340(52 / 9)","3,823","3,077",40,11
126,wewillchangeamerica.org,Found,Root domain,11,5,5,5,4,-
127,whatpetswant.com,Found,Root domain,"19,197(2 / -)",255(2 / -),231,212,11,4
128,whatsonsocial.com,Found,Root domain,"12,133(47 / -)",776(5 / -),619,523,16,6
129,whisper.lvnre.com,Found,Subdomain,"1,109(1 / -)",250(1 / -),238,212,31,15
130,whorureally.com,Found,Root domain,"9,464(22 / -)","1,115(12 / -)",888,775,19,11
131,wiikiss.com,Found,Root domain,543(2 / -),96(2 / -),90,84,9,12
132,wikibookmarks.info,Found,Root domain,"27,226(218 / -)","2,423(11 / -)","1,660","1,360",35,8
133,wikiconfession.com,Found,Root domain,10,5,5,5,4,-
134,wikiconfessions.org,Found,Root domain,35,12,11,11,5,-
135,wikihow.ca,Found,Root domain,"1,261",101,94,87,9,1
136,wikipediasmark.info,Found,Root domain,472,71,64,61,10,4
137,wikisocial.info,Found,Root domain,"54,898(44 / 2)","3,081(23 / 1)","2,011","1,619",36,6
138,winevoting.com,Found,Root domain,"20,888(13 / -)",866(2 / -),684,584,17,14
139,wingmarks.info,Found,Root domain,67(1 / -),41(1 / -),36,35,14,2
140,womenfashiontips.com,Found,Root domain,4,3,2,2,4,-
141,womenrespondtopalin.com,Found,Root domain,186,60,51,49,17,14
142,word2digg.net,Found,Root domain,"6,506(3 / -)",458(3 / -),421,378,24,3
143,workbookmarking.info,Found,Root domain,"4,682(6 / -)",599(4 / -),511,457,23,5
144,workspace.me,Found,Root domain,256,62,57,56,9,4
145,worlddailynews.org,Found,Root domain,"2,770(2 / -)",400(2 / -),367,324,22,6
146,worldoftags.com,Found,Root domain,"6,034(15 / -)",978(4 / -),794,688,20,6
147,wp-scoop.info,Found,Root domain,"1,555(9 / -)",252(2 / -),205,193,12,2
148,wrestligg.ic.cz,Found,Subdomain,1,1,1,1,19,-
149,writer-base.com,Found,Root domain,"27,364(8 / 2)","1,420(5 / 1)","1,203",998,21,6
150,wseries.info,Found,Root domain,646,47,42,41,15,2
1,wtfgod.com,Found,Root domain,347(1 / -),87(1 / -),81,75,9,5
2,ww.bebeame.net,Found,Subdomain,205,25,24,24,22,7
3,www.100top.biz,Found,Subdomain,250,92,70,66,36,32
4,www.101fish.com,Found,Subdomain,373,36,35,34,27,14
5,www.101g.net,Found,Subdomain,14,10,10,10,21,6
6,www.108digg.com,Found,Subdomain,"3,330(2 / -)",267(1 / -),225,209,37,20
7,www.121news.de,Found,Subdomain,995,18,15,12,35,18
8,www.12entry.com,Found,Subdomain,"10,763(1 / -)",314(1 / -),255,239,36,32
9,www.13q.de,Found,Subdomain,"4,725(14 / 1)",256(5 / 1),226,213,43,16
10,www.161woool.net,Found,Subdomain,51,15,14,12,27,12
11,www.173radio.com,Found,Subdomain,"1,551(1 / -)",157(1 / -),149,138,31,12
12,www.18digg.com,Found,Subdomain,"4,524(1 / -)",207(1 / -),174,163,30,19
13,www.1920x1080.tv,Found,Subdomain,86,23,21,20,25,5
14,www.1br.org,Found,Subdomain,161,28,26,24,33,6
15,www.1morelink.com,Found,Subdomain,"2,841",775,640,566,40,32
16,www.1tags.com,Found,Subdomain,651,43,43,38,28,14
17,www.21funnycommercials.com,Found,Subdomain,310(4 / -),24(1 / -),23,20,33,6
18,www.24ideas.net,Found,Subdomain,7,1,1,1,17,-
19,www.24x7bookmarking.com,Found,Subdomain,"3,654(1 / -)",381(1 / -),328,297,34,15
20,www.2blogseo.com,Found,Subdomain,"45,275",250,143,139,34,26
21,www.2cheapprice.com,Found,Subdomain,25(1 / -),18(1 / -),17,17,31,-
22,www.2dhot.com,Found,Subdomain,"2,452",80,77,71,27,6
23,www.2g.cc,Found,Subdomain,-,-1,-,-,-,-
24,www.2iter.com,Found,Subdomain,14,8,8,8,22,-
25,www.360bookmarks.com,Found,Subdomain,"5,357(9 / -)",835(6 / -),635,536,37,14
26,www.41174.org.nz,Found,Subdomain,175,46,42,42,26,24
27,www.4fav.de,Found,Subdomain,"2,386",275,247,219,32,24
28,www.4the1st.com,Found,Subdomain,1,1,1,1,21,-
29,www.54hours.org,Found,Subdomain,50,7,7,7,22,10
30,www.5starslink.com,Found,Subdomain,534,214,205,200,30,25
31,www.711digg.co.cc,Found,Subdomain,"1,810",64,60,58,25,14
32,www.7kfv.net,Found,Subdomain,75,12,9,9,38,12
33,www.80de20.jp,Found,Subdomain,"33,581(38 / 3)","1,945(13 / 2)","1,372","1,125",45,26
34,www.88-c.com,Found,Subdomain,925(3 / -),168(2 / -),156,139,28,11
35,www.88miso.com,Found,Subdomain,"18,804",306,260,237,35,14
36,www.8tag.com,Found,Subdomain,"1,922(32 / -)",189(18 / -),166,152,29,14
37,www.8thworldwonder.com,Found,Subdomain,"3,427",151,96,88,36,8
38,www.907247.com,Found,Subdomain,370,18,18,18,23,-
39,www.911digg.co.cc,Found,Subdomain,988,160,147,141,28,13
40,www.920coach.com,Found,Subdomain,-,-1,-,-,-,-
41,www.94828.com,Found,Subdomain,14,9,8,8,23,12
42,www.99go.de,Found,Subdomain,"9,317(45 / -)",715(4 / -),668,546,36,20
43,www.99webdirectory.com,Found,Subdomain,350,112,83,82,33,20
44,www.9op.de,Found,Subdomain,"1,006",136,124,116,29,21
45,www.a1bookmarks.info,Found,Subdomain,129,64,62,59,35,21
46,www.a1services.co.nz,Found,Subdomain,327,59,55,52,26,10
47,www.a1socialbookmarking.com,Found,Subdomain,"1,616",315,285,255,31,15
48,www.aaahotdeals.com,Found,Subdomain,828,78,76,76,30,14
49,www.aaigg.com,Found,Subdomain,"17,555(5 / 1)",679(3 / 1),519,472,34,24
50,www.abcphp.com,Found,Subdomain,704,133,112,107,34,24
51,www.academists.com,Found,Subdomain,"1,350",179,170,151,30,15
52,www.academyfair.com,Found,Subdomain,55,21,20,20,23,6
53,www.acceptbookmarks.com,Found,Subdomain,697,153,123,111,30,11
54,www.accessdofollow.info,Found,Subdomain,27,10,10,10,28,14
55,www.acessbm.info,Found,Subdomain,"5,314(6 / -)",793(3 / -),606,520,40,14
56,www.acoolwaytoshop.com,Found,Subdomain,"2,144(1 / -)",83(1 / -),58,52,31,6
57,www.activenetworking.info,Found,Subdomain,"2,940(2 / -)",302(2 / -),264,243,32,8
58,www.activesocial.info,Found,Subdomain,53,36,33,29,32,10
59,www.activitysocial.com,Found,Subdomain,629,87,82,75,28,17
60,www.ada-berita.co.cc,Found,Subdomain,13,5,5,5,20,-
61,www.addalo.it,Found,Subdomain,"37,928",117,97,75,36,20
62,www.addkosana.com,Found,Subdomain,"5,111(4 / -)",494(3 / -),421,366,43,20
63,www.addlinksto.com,Found,Subdomain,"13,132(3 / -)",911(3 / -),739,634,35,21
64,www.addlinkurl.com,Found,Subdomain,"1,263",237,215,202,39,20
65,www.addstory.info,Found,Subdomain,"3,024",252,226,205,31,11
66,www.add-webs.com,Found,Subdomain,"3,113(2 / -)",421(2 / -),373,343,32,15
67,www.adsleame.com,Found,Subdomain,"4,062(16 / -)",387(4 / -),328,296,33,23
68,www.adtattoos.com,Found,Subdomain,"1,868(2 / -)",180(2 / -),173,161,29,24
69,www.adult-affiliate-directory.info,Found,Subdomain,16,7,6,6,21,5
70,www.adultallday.com,Found,Subdomain,59,29,28,27,23,14
71,www.adultstrategies.com,Found,Subdomain,515(1 / -),85(1 / -),81,81,27,4
72,www.advertisebookmark.info,Found,Subdomain,"1,408",89,83,81,36,15
73,www.advertisingyoursite.org,Found,Subdomain,"17,624(3 / -)",293(3 / -),269,249,31,11
74,www.adzu.de,Found,Subdomain,10,5,4,4,20,-
75,www.affiliate-bookmark.com,Found,Subdomain,"1,746(1 / -)",123(1 / -),117,112,28,8
76,www.affiliated-business.com,Found,Subdomain,"4,899(5 / -)",611(3 / -),497,434,40,20
77,www.affiliateuni.com,Found,Subdomain,123,66,65,60,27,16
78,www.afghanistan-seiten.de,Found,Subdomain,"1,346(1 / -)",268(1 / -),226,213,31,23
79,www.afpkudos.com,Found,Subdomain,715(1 / -),61(1 / -),45,42,27,12
80,www.africanewswire.net,Found,Subdomain,"224,743(360 / 5)","8,398(59 / 3)","5,387","4,003",55,31
81,www.againlinks.info,Found,Subdomain,61,27,22,22,25,12
82,www.agenda.dsevilla.es,Found,Subdomain,49,9,8,8,27,3
83,www.agilemarks.com,Found,Subdomain,880,116,108,94,37,25
84,www.agoodjoke.com,Found,Subdomain,90,34,31,29,32,11
85,www.ahmedelamine.com,Found,Subdomain,340,70,51,43,33,21
86,www.aideusa.net,Found,Subdomain,13,11,11,11,36,5
87,www.aintitnews.com,Found,Subdomain,12,4,4,4,21,-
88,www.ajax-directory.com,Found,Subdomain,890(9 / -),80(1 / -),73,70,27,14
89,www.ajunk.com,Found,Subdomain,"1,783",121,108,105,27,13
90,www.alapbangla.com,Found,Subdomain,"14,382(15 / -)","1,053(7 / -)",782,672,44,16
91,www.aljanoob.net,Found,Subdomain,105,46,43,39,32,3
92,www.all4webs.co.cc,Found,Subdomain,142,1,1,1,17,-
93,www.allfantasynews.com,Found,Subdomain,45,16,15,15,28,10
94,www.allgreatest.com,Found,Subdomain,2,1,1,1,-,-
95,www.allreviewnow.com,Found,Subdomain,"9,083",13,8,8,40,10
96,www.allseolinks.com,Found,Subdomain,69,36,36,36,25,-
97,www.almaciclista.com,Found,Subdomain,901,96,94,94,29,19
98,www.alsonet.de,Found,Subdomain,101,39,38,32,26,23
99,www.alternativote.com,Found,Subdomain,32(1 / -),25(1 / -),23,23,23,6
100,www.alyssabliss.net,Found,Subdomain,386,41,30,28,29,16
101,www.amator.se,Found,Subdomain,235,57,54,54,25,12
102,www.americalatinacasino.com,Found,Subdomain,394(1 / -),129(1 / -),92,88,28,15
103,www.amongvcs.com,Found,Subdomain,"19,508(3 / -)",266(2 / -),238,222,31,17
104,www.android.shawning.net,Found,Subdomain,65(1 / -),10(1 / -),10,10,22,-
105,www.angrydigg.com,Found,Subdomain,"1,082(116 / -)",117(1 / -),107,102,28,14
106,www.animalhospitalsgenevaconversation...,Found,Subdomain,"2,664",309,274,241,37,14
107,www.animevote.com,Found,Subdomain,101,47,45,44,26,7
108,www.annuaire-1st.com,Found,Subdomain,"17,662(2 / -)","2,097(2 / -)","1,104",816,47,35
109,www.annuaire-telesecretariat.com,Found,Subdomain,"1,935",294,262,243,44,22
110,www.annublog.com,Found,Subdomain,"1,193",70,51,46,35,22
111,www.ansible.ru,Found,Subdomain,3,2,2,2,17,-
112,www.answerdigg.com,Found,Subdomain,63,23,21,21,24,14
113,www.antifatiguefloormats.com,Found,Subdomain,36,23,23,23,23,11
114,www.anti-spam.best-spam-filter.com,Found,Subdomain,41,31,27,25,24,9
115,www.aoohm.us,Found,Subdomain,2,2,2,2,25,-
116,www.apnadigg.com,Found,Subdomain,6,3,3,3,19,-
117,www.aport.cc,Found,Subdomain,77,29,24,24,32,12
118,www.applenewscentral.com,Found,Subdomain,19,9,8,8,27,7
119,www.apple-stream.com,Found,Subdomain,3,2,2,2,22,-
120,www.applewishes.ic.cz,Found,Subdomain,45,10,9,7,22,7
121,www.apps-vizion.com,Found,Subdomain,7,4,4,4,-,-
122,www.apps-vizion.fr,Found,Subdomain,"36,094",65,62,61,37,13
123,www.aquecimentoglobalwarming.com,Found,Subdomain,246,34,33,33,33,19
124,www.aragoneame.com,Found,Subdomain,"28,341",193,160,153,39,32
125,www.arimukam.com,Found,Subdomain,"1,103",191,181,166,29,14
126,www.art-2-day.com,Found,Subdomain,9,1,1,1,23,-
127,www.artdresses.com,Found,Subdomain,149,87,86,83,28,6
128,www.arteporcuba.com,Found,Subdomain,145,51,38,36,34,21
129,www.artette.com,Found,Subdomain,73,16,15,15,23,6
130,www.arthemia.info,Found,Subdomain,71,29,23,23,29,13
131,www.article-cyberpresse.com,Found,Subdomain,"72,718(437 / 11)","5,842(53 / 3)","3,558","2,801",55,24
132,www.articlesvine.com,Found,Subdomain,147,58,51,48,27,16
133,www.articleworld4u.com,Found,Subdomain,"3,629(1 / -)",349(1 / -),308,272,39,28
134,www.artzz.net,Found,Subdomain,32,3,3,3,36,11
135,www.aryanlink.com,Found,Subdomain,"6,991(50 / 28)","1,201(11 / 2)",859,759,36,19
136,www.ashcrisis.com,Found,Subdomain,243,33,30,30,26,8
137,www.asia-travel-guides.com,Found,Subdomain,99(1 / -),20(1 / -),19,19,24,4
138,www.asia-travel-guides.com.,Not found,-,-,-,-,-,-,-
139,www.askbookmark.info,Found,Subdomain,35,12,12,12,29,14
140,www.asqit.com,Found,Subdomain,"17,433(3 / -)",278(3 / -),248,241,32,16
141,www.astorebiz.com,Found,Subdomain,461,99,96,95,28,14
142,www.astorefolder.com,Found,Subdomain,229(2 / -),81(1 / -),79,72,28,11
143,www.astorepromote.com,Found,Subdomain,591,46,42,41,29,18
144,www.astra.macpc.pl,Found,Subdomain,57,23,20,19,23,6
145,www.astroidea.net,Found,Subdomain,"6,364",65,54,53,33,22
146,www.atheistnewsandviews.com,Found,Subdomain,443(1 / -),92(1 / -),86,81,28,14
147,www.atozbookmarks.com,Found,Subdomain,"2,003(8 / -)",410(1 / -),333,306,39,15
148,www.augmentedviews.com,Found,Subdomain,"70,378(128 / 17)","5,635(37 / 4)","3,383","2,743",56,21
149,www.autocino.de,Found,Subdomain,769,138,109,95,30,22
150,www.autohometransport.com,Found,Subdomain,"2,926(6 / -)",220(4 / -),189,173,30,14
1,www.autowebnews.com,Found,Subdomain,"1,572(4 / -)",263(2 / -),242,226,32,14
2,www.autto.net,Found,Subdomain,"5,208(13 / -)",481(8 / -),443,409,32,17
3,www.avemblog.net,Found,Subdomain,43,7,7,6,21,11
4,www.avenal.org,Found,Subdomain,"5,053",59,55,52,35,-
5,www.aviationcentral.net,Found,Subdomain,"1,778(1 / -)",232(1 / -),200,185,30,15
6,www.avinai.com,Found,Subdomain,"9,793(1 / 1)",616(1 / 1),506,443,34,15
7,www.avto-mobili.by,Found,Subdomain,13,6,6,6,20,8
8,www.awebados.com,Found,Subdomain,"11,622(1 / -)",145(1 / -),123,118,35,18
9,www.aynrandia.com,Found,Subdomain,"3,283(2 / -)",244(2 / -),220,202,30,14
10,www.ayny.nl,Found,Subdomain,"4,831(42 / -)",674(12 / -),441,400,41,18
11,www.aynynet.com,Found,Subdomain,"1,390",276,237,219,38,15
12,www.b2blocal.info,Found,Subdomain,259,91,89,85,27,12
13,www.b2dofollow.info,Found,Subdomain,45,15,15,15,30,14
14,www.babyfinds.com,Found,Subdomain,201,107,90,89,29,30
15,www.backlink.in.th,Found,Subdomain,"1,307",218,205,187,24,14
16,www.backlinkfree.info,Found,Subdomain,"30,137(47 / 2)","2,789(20 / 2)","1,790","1,463",43,20
17,www.backlinkvault.com,Found,Subdomain,742(4 / -),52(1 / -),44,42,28,6
18,www.bagamare.ro,Found,Subdomain,"116,745(741 / 3)","4,073(39 / 2)","3,023","2,314",48,48
19,www.bagikan.com,Found,Subdomain,895(1 / -),102(1 / -),66,62,40,16
20,www.baihay.com,Found,Subdomain,3,3,3,3,19,-
21,www.bakersfieldbuzz.com,Found,Subdomain,"3,533(7 / -)",495(5 / -),400,347,42,7
22,www.bandcloud.net,Found,Subdomain,"19,497",16,9,9,34,20
23,www.banendigg.com,Found,Subdomain,"1,386",203,189,179,39,14
24,www.bangladesh71.com,Found,Subdomain,58,8,7,7,33,16
25,www.banglalinks.com,Found,Subdomain,"1,361(- / 1)",157(- / 1),144,132,31,18
26,www.bangor.co.nz,Found,Subdomain,338,86,81,75,27,20
27,www.barcode-printer.info,Found,Subdomain,838,87,84,81,36,12
28,www.bargaingoodies.com,Found,Subdomain,51,31,29,27,24,-
29,www.bargainillion.com,Found,Subdomain,42,22,20,18,27,12
30,www.barkhan.com,Found,Subdomain,151,51,49,45,25,15
31,www.baseballmarks.com,Found,Subdomain,4,3,3,3,25,-
32,www.basesocial.info,Found,Subdomain,7,3,3,3,22,-
33,www.basesubmit.info,Found,Subdomain,723,173,155,147,30,15
34,www.bashbest.com,Found,Subdomain,18,9,8,8,21,6
35,www.basketballmarks.com,Found,Subdomain,1,1,1,1,24,-
36,www.bassfishermans.net,Found,Subdomain,346,136,126,117,28,13
37,www.bassfishingplus.com,Found,Subdomain,710(1 / 1),98(1 / 1),91,90,28,8
38,www.bathroomremodelingviews.com,Found,Subdomain,211,46,38,38,32,6
39,www.bbcalcio.it,Found,Subdomain,6,6,6,6,19,13
40,www.bbguiden.dk,Found,Subdomain,"2,040(3 / -)",175(3 / -),165,147,30,15
41,www.bcnifm.com,Found,Subdomain,95,26,19,17,24,10
42,www.bebeame.net,Found,Subdomain,"37,752(30 / 2)","2,440(18 / 1)","1,785","1,484",48,32
43,www.beers4you.dk,Found,Subdomain,885(2 / -),178(1 / -),153,146,29,10
44,www.beleurologistic.com,Found,Subdomain,10,3,3,3,25,18
45,www.belgique-referencement.be,Found,Subdomain,237(2 / -),61(2 / -),48,43,31,20
46,www.benevol.ement.net,Found,Subdomain,"145,048(1 / -)",192(1 / -),153,144,42,21
47,www.bensack.info,Found,Subdomain,"7,876(175 / -)",612(8 / -),500,454,35,25
48,www.bern4d.byethost12.com,Found,Subdomain,158,26,23,23,19,-
49,www.beseoer.com,Found,Subdomain,702,134,127,124,28,6
50,www.bestall.org,Found,Subdomain,776,148,137,125,29,16
51,www.bestallday.com,Found,Subdomain,87,44,40,40,24,-
52,www.bestbookmak.info,Found,Subdomain,47,27,24,24,31,10
53,www.best-bookmarks.com,Found,Subdomain,"10,109(1 / -)",203(1 / -),166,157,45,27
54,www.bestcarmove.com,Found,Subdomain,149,11,10,10,21,3
55,www.bestcasinobonusvoting.com,Found,Subdomain,155,38,38,38,25,10
56,www.bestdealsitem.com,Found,Subdomain,256,19,19,18,24,4
57,www.bestdietsvoting.com,Found,Subdomain,"2,505",209,196,176,30,10
58,www.bestfav.com,Found,Subdomain,23,12,9,7,28,11
59,www.bestjoomlathemes.net,Found,Subdomain,354,53,52,49,26,12
60,www.bestjoomlawebsites.com,Found,Subdomain,"1,926",48,44,42,35,21
61,www.bestmothersdaygiftideas.com,Found,Subdomain,31,18,18,18,28,6
62,www.bestofblog.co.cc,Found,Subdomain,2,2,2,2,17,-
63,www.bestofindya.com,Found,Subdomain,"14,094(13 / -)","1,843(6 / -)","1,549","1,328",41,22
64,www.bestofwebs.co.cc,Found,Subdomain,1,1,1,1,-,-
65,www.bestofyoutube.com,Found,Subdomain,"23,199(13 / -)",649(5 / -),575,529,47,32
66,www.bestpricedigg.com,Found,Subdomain,345(2 / -),94(2 / -),88,85,35,-
67,www.bestsocialmark.info,Found,Subdomain,5,5,5,5,20,-
68,www.bestsportz.com,Found,Subdomain,342,48,44,38,30,18
69,www.best-videoclip.de,Found,Subdomain,"10,456(232 / -)",594(22 / -),455,390,45,23
70,www.bestwebhostingtotrust.com,Found,Subdomain,"7,050(3 / -)",357(3 / -),321,288,32,8
71,www.bestwideo.net,Found,Subdomain,"2,351",63,50,45,43,20
72,www.betrayerbetrayed.com,Found,Subdomain,206,109,103,100,36,14
73,www.biennaleenogastronomica.com,Found,Subdomain,74,42,32,28,30,17
74,www.bierzeame.com,Found,Subdomain,621,25,23,23,25,14
75,www.biginfo.org,Found,Subdomain,307(1 / -),63(1 / -),59,58,33,10
76,www.biginternetdirectory.com,Found,Subdomain,854,114,105,100,39,16
77,www.bilder-verzeichnisse.net,Found,Subdomain,28,15,10,7,23,22
78,www.binarynest.com,Found,Subdomain,115,37,36,34,25,10
79,www.biodm.com,Found,Subdomain,2(1 / -),2(1 / -),2,2,25,6
80,www.bio-microtech.com,Found,Subdomain,36(3 / 3),17(1 / 1),14,11,23,22
81,www.bishtarin.ir,Found,Subdomain,"25,813(72 / 2)","3,494(19 / 2)","2,485","2,030",56,21
82,www.bitlinks.info,Found,Subdomain,393,111,106,95,27,10
83,www.bixx.co.cc,Found,Subdomain,21,14,13,13,21,-
84,www.bizzbook.com,Found,Subdomain,"3,684",209,160,142,34,21
85,www.bkkdigg.com,Found,Subdomain,"1,248",210,194,166,28,8
86,www.blackburnbuses.co.uk,Found,Subdomain,595,64,48,45,29,6
87,www.blackburnbuses.com,Found,Subdomain,"4,255",73,50,48,32,7
88,www.blakkat.ca,Found,Subdomain,353(1 / -),122(1 / -),116,113,28,5
89,www.blessingg.com,Found,Subdomain,"82,149",61,38,35,40,21
90,www.blestki.net,Found,Subdomain,-,-1,-,-,-,-
91,www.bligg.be,Found,Subdomain,"512,369(3 / -)",564(1 / -),468,429,47,31
92,www.bligg.nl,Found,Subdomain,"9,165(- / 28)",158(- / 1),128,118,48,16
93,www.bligg.ys.be,Found,Subdomain,60,16,11,11,23,6
94,www.blinkbits.info,Found,Subdomain,40,28,22,22,31,12
95,www.blinky.co.nz,Found,Subdomain,"14,826(10 / 2)",858(6 / 2),642,568,43,26
96,www.blog.mn,Found,Subdomain,"43,765(110 / -)","1,969(20 / -)","1,284","1,107",49,26
97,www.blogauto.com,Found,Subdomain,119,18,17,14,27,17
98,www.blogbookmark.info,Found,Subdomain,184,40,35,35,28,14
99,www.blogbookmarking.info,Found,Subdomain,857,106,83,80,35,14
100,www.blogbookmarks.info,Found,Subdomain,204,47,43,43,29,14
101,www.blogcharts.net,Found,Subdomain,"4,059",173,142,135,32,22
102,www.blogcirculate.com,Found,Subdomain,"4,396(1 / -)",382(1 / -),342,324,43,19
103,www.blogea.gr,Found,Subdomain,"1,815",100,89,83,28,16
104,www.blogf1.com,Found,Subdomain,"1,042",124,118,114,28,11
105,www.bloggerden.com,Found,Subdomain,"26,467(10 / -)","1,114(7 / -)","1,006",810,46,22
106,www.bloggingcanadians.ca,Found,Subdomain,"223,130(112 / 80)","4,878(28 / 4)","3,284","2,687",48,36
107,www.bloginvolve.com,Found,Subdomain,13,1,1,1,21,-
108,www.blogknol.com,Found,Subdomain,141,19,19,18,24,8
109,www.bloglink.it,Found,Subdomain,"42,990(7 / -)",279(4 / -),245,230,39,29
110,www.bloglives.net,Found,Subdomain,106,38,36,35,32,10
111,www.blogospherenews.com,Found,Subdomain,"2,117,615(1,257 / -)","3,693(10 / -)","2,608","1,945",49,38
112,www.blogosvit.com,Found,Subdomain,444,40,21,20,41,21
113,www.blogsitebest.com,Found,Subdomain,"1,951(2 / -)",162(2 / -),112,108,37,7
114,www.blogsnautas.com,Found,Subdomain,451,7,6,6,26,20
115,www.blogsup.com,Found,Subdomain,181,39,37,36,24,6
116,www.blokube.com,Found,Subdomain,"123,706(7 / -)",472(1 / -),368,317,52,26
117,www.blondynky.cz,Found,Subdomain,359,38,37,37,27,12
118,www.blosxonomy.com,Found,Subdomain,"3,350(1 / -)",37(1 / -),31,29,31,18
119,www.bluerivermark.info,Found,Subdomain,89,27,24,24,27,10
120,www.bluetoothwebcam.com,Found,Subdomain,"1,159",82,59,56,34,6
121,www.blurrey.com,Found,Subdomain,367,19,18,18,23,6
122,www.blustandard.com,Found,Subdomain,661,135,127,120,29,17
123,www.b-marks.com,Found,Subdomain,129,34,32,30,31,22
124,www.bmarks.info,Found,Subdomain,"1,970(1 / -)",118(1 / -),93,89,43,11
125,www.bmsave.com,Found,Subdomain,"5,287(1 / -)",367(1 / -),331,302,32,13
126,www.boer.co.il,Found,Subdomain,"4,289(12 / -)",455(2 / -),383,338,40,16
127,www.bogy.in,Found,Subdomain,491,25,19,19,24,14
128,www.boing.co.za,Found,Subdomain,88,35,34,32,25,11
129,www.bombealo.com,Found,Subdomain,"2,160(4 / -)",373(3 / -),310,277,42,18
130,www.bongaa.net,Found,Subdomain,"1,806",10,7,7,45,20
131,www.boobhunters.co.uk,Found,Subdomain,541(2 / -),253(2 / -),236,215,30,13
132,www.bookmaknaire.info,Found,Subdomain,"6,147",336,301,267,44,10
133,www.bookmark.be,Found,Subdomain,696,32,25,25,26,18
134,www.bookmark.cheapmallonline.com,Found,Subdomain,37,8,8,8,22,-
135,www.bookmark.com.nu,Found,Subdomain,7,6,6,6,21,3
136,www.bookmark.in.th,Found,Subdomain,"21,672(3 / -)",280(3 / -),237,215,26,17
137,www.bookmark.khaikai.com,Found,Subdomain,55,21,18,17,24,15
138,www.bookmark.priceallcheap.com,Found,Subdomain,2,2,2,2,17,-
139,www.bookmark.raubfische.de,Found,Subdomain,"1,294(3 / -)",332(2 / -),260,236,34,20
140,www.bookmark.somesnack.com,Found,Subdomain,"23,423(40 / 2)","1,889(18 / 1)","1,344","1,136",36,16
141,www.bookmark24.eu,Found,Subdomain,"1,740",283,218,192,37,29
142,www.bookmark4real.com,Found,Subdomain,225(3 / -),64(2 / -),62,62,28,6
143,www.bookmark88.de,Found,Subdomain,"19,573(7 / -)",818(6 / -),672,570,42,14
144,www.bookmarkalerts.info,Found,Subdomain,"5,727(11 / -)",646(4 / -),521,454,45,11
145,www.bookmarkalize.info,Found,Subdomain,"3,417(4 / -)",377(3 / -),308,278,39,8
146,www.bookmarkalls.info,Found,Subdomain,21,13,13,13,25,10
147,www.bookmarkar.com,Found,Subdomain,387,75,70,69,37,8
148,www.bookmark-artikel.net,Found,Subdomain,"11,887(21 / -)","1,378(16 / -)","1,080",897,44,23
149,www.bookmarkbay.com,Found,Subdomain,"39,434(363 / -)","1,207(3 / -)",926,786,37,28
150,www.bookmarkboy.com,Found,Subdomain,112(1 / -),30(1 / -),30,29,24,-
1,www.bookmarkciti.com,Found,Subdomain,"1,980(13 / -)",308(3 / -),265,242,33,7
2,www.bookmarkcity.com,Found,Subdomain,54(1 / -),28(1 / -),26,24,30,25
3,www.bookmark-clever.de,Found,Subdomain,"118,469(339 / 27)","3,485(36 / 3)","2,363","1,866",66,32
4,www.bookmarkclick.com,Found,Subdomain,"3,283(10 / -)",583(6 / -),384,344,39,17
5,www.bookmarkco.info,Found,Subdomain,210,14,14,14,31,5
6,www.bookmarkcontent.com,Found,Subdomain,188,34,31,27,29,8
7,www.bookmarkdaily.com,Found,Subdomain,"1,248(3 / -)",328(2 / -),267,235,31,14
8,www.bookmarkdigg.ispace.in.th,Found,Subdomain,65,23,22,22,17,6
9,www.bookmarkedbyus.info,Found,Subdomain,431,102,94,84,35,7
10,www.bookmark-favoriten.de,Found,Subdomain,"4,225(8 / -)",163(1 / -),134,125,42,27
11,www.bookmarkfield.com,Found,Subdomain,"9,554(1 / -)",636(1 / -),467,418,38,23
12,www.bookmarkfountain.com,Found,Subdomain,"1,587(1 / -)",189(1 / -),172,160,37,12
13,www.bookmarkfriendly.com,Found,Subdomain,"9,645",179,158,144,38,20
14,www.bookmarkgallery.com,Found,Subdomain,"17,924(10 / -)","1,241(4 / -)",892,751,46,20
15,www.bookmarkgallore.com,Found,Subdomain,"1,835(3 / -)",138(1 / -),123,109,30,8
16,www.bookmarkgimp.com,Found,Subdomain,"2,544(3 / -)",200(2 / -),180,160,33,15
17,www.bookmarkgo.info,Found,Subdomain,"1,381",201,178,156,29,13
18,www.bookmarkhop.com,Found,Subdomain,276,64,62,59,29,6
19,www.bookmarkhub.co.cc,Found,Subdomain,82,28,21,20,22,3
20,www.bookmarkin.info,Found,Subdomain,"5,909",375,312,289,34,13
21,www.bookmarkindonesia.com,Found,Subdomain,814(2 / -),208(1 / -),130,122,28,11
22,www.bookmarkingblog.info,Found,Subdomain,365,76,70,70,34,14
23,www.bookmarkingglobal.info,Found,Subdomain,11,7,6,4,25,10
24,www.bookmarkingguru.info,Found,Subdomain,25,16,14,12,30,7
25,www.bookmarkinglists.info,Found,Subdomain,201,43,31,31,31,14
26,www.bookmarkingmanager.com,Found,Subdomain,"7,787(5 / -)",385(2 / -),343,309,41,17
27,www.bookmarkingmeerkat.com,Found,Subdomain,"3,883",260,236,219,39,16
28,www.bookmarkingnow.info,Found,Subdomain,180,38,34,34,31,15
29,www.bookmarkingpalace.info,Found,Subdomain,"2,111",140,133,124,28,10
30,www.bookmarkingtoday.info,Found,Subdomain,172,34,30,30,30,15
31,www.bookmarkingweb.com,Found,Subdomain,101,42,28,26,25,14
32,www.bookmarkingworld.com,Found,Subdomain,"4,624(2 / -)",402(2 / -),245,225,41,10
33,www.bookmark-insel.de,Found,Subdomain,249,58,54,51,36,20
34,www.bookmarkinsider.com,Found,Subdomain,"3,428(2 / -)",136(1 / -),116,106,28,10
35,www.bookmarkitnow.com,Found,Subdomain,"18,682(13 / 1)",898(10 / 1),664,577,41,18
36,www.bookmarkix.info,Found,Subdomain,54,14,13,11,25,6
37,www.bookmarkkingdom.com,Found,Subdomain,849(1 / -),191(1 / -),176,173,30,10
38,www.bookmark-koenig.de,Found,Subdomain,902(1 / 3),215(1 / 1),205,183,31,23
39,www.bookmarklink.info,Found,Subdomain,"6,981(2 / -)",413(2 / -),330,301,35,9
40,www.bookmark-links.de,Found,Subdomain,65,37,34,29,25,20
41,www.bookmarkmasti.info,Found,Subdomain,17,12,10,10,22,-
42,www.bookmarkmax.info,Found,Subdomain,"5,181(7 / -)",586(2 / -),465,397,36,14
43,www.bookmarkmiracle.com,Found,Subdomain,"3,417",157,137,122,37,7
44,www.bookmarkmix.info,Found,Subdomain,"16,812(11 / -)","1,220(7 / -)",874,742,44,20
45,www.bookmarkmysite.net,Found,Subdomain,128,46,45,43,25,7
46,www.bookmarkocean.com,Found,Subdomain,"8,258(10 / -)",730(4 / -),482,432,45,16
47,www.bookmarkone.info,Found,Subdomain,"3,211(3 / 2)",359(2 / 1),306,276,32,8
48,www.bookmarkonwire.info,Found,Subdomain,17,16,15,13,29,6
49,www.bookmarkpages.info,Found,Subdomain,"5,927(7 / -)",486(6 / -),416,360,42,13
50,www.bookmarkparadise.com,Found,Subdomain,"1,029",109,100,93,27,6
51,www.bookmarkplus.info,Found,Subdomain,"2,521(13 / -)",613(7 / -),487,428,49,16
52,www.bookmarkreviews.com,Found,Subdomain,"1,759(1 / -)",256(1 / -),227,214,31,8
53,www.bookmarkroad.com,Found,Subdomain,45,16,16,16,23,-
54,www.bookmarks.pl,Found,Subdomain,42,21,15,15,23,10
55,www.bookmarks4seo.info,Found,Subdomain,184,32,32,31,27,6
56,www.bookmarksbay.com,Found,Subdomain,202,70,66,64,25,10
57,www.bookmarksbuzz.info,Found,Subdomain,24,16,12,10,27,10
58,www.bookmarkscube.com,Found,Subdomain,"1,003(3 / -)",186(3 / -),168,156,31,11
59,www.bookmarksdot.com,Found,Subdomain,75,49,46,45,24,6
60,www.bookmarkselect.com,Found,Subdomain,"2,799",70,64,56,36,7
61,www.bookmarkselite.com,Found,Subdomain,47(2 / -),33(2 / -),31,29,31,10
62,www.bookmarkseo.info,Found,Subdomain,"4,308(4 / 1)",569(3 / 1),478,420,41,10
63,www.bookmarkshub.info,Found,Subdomain,319,120,102,99,35,14
64,www.bookmarkshut.info,Found,Subdomain,"5,711(27 / 3)","1,117(16 / 1)",797,697,43,16
65,www.bookmark-site.com,Found,Subdomain,613,152,112,108,34,17
66,www.bookmarksite.info,Found,Subdomain,"1,995(1 / -)",184(1 / -),152,138,29,13
67,www.bookmarksland.com,Found,Subdomain,"14,826(26 / 4)","1,423(14 / 1)","1,068",890,37,20
68,www.bookmarkslinks.com,Found,Subdomain,"1,692(4 / -)",262(4 / -),211,193,39,16
69,www.bookmarks-links.info,Found,Subdomain,401,94,91,90,34,21
70,www.bookmarksmy.com,Found,Subdomain,"3,020",226,184,166,31,19
71,www.bookmarkspad.com,Found,Subdomain,"2,096(5 / -)",501(5 / -),420,379,34,15
72,www.bookmarksphere.com,Found,Subdomain,"2,971(2 / -)",366(2 / -),304,271,31,11
73,www.bookmarkspice.info,Found,Subdomain,"4,582",257,215,196,36,13
74,www.bookmarkspiders.com,Found,Subdomain,"1,015",51,46,45,29,12
75,www.bookmarksplash.com,Found,Subdomain,208,30,26,24,36,13
76,www.bookmarkssite.com,Found,Subdomain,91,18,18,18,23,14
77,www.bookmarkssocial.com,Found,Subdomain,83,53,46,42,25,10
78,www.bookmarkstamp.com,Found,Subdomain,"12,852(16 / -)","1,075(9 / -)",825,707,40,16
79,www.bookmarkstime.com,Found,Subdomain,"2,574(1 / -)",208(1 / -),180,167,35,13
80,www.bookmarkstory.info,Found,Subdomain,23,16,12,10,27,10
81,www.bookmarksvine.com,Found,Subdomain,241,43,39,32,27,6
82,www.bookmarkthailand.com,Found,Subdomain,602(1 / -),143(1 / -),131,123,28,14
83,www.bookmarktoday.info,Found,Subdomain,"1,574(4 / 4)",195(3 / 1),127,120,31,10
84,www.bookmarktown.com,Found,Subdomain,909(2 / -),111(2 / -),102,97,38,11
85,www.bookmarktown.de,Found,Subdomain,"4,370(2 / -)",460(1 / -),402,357,38,30
86,www.bookmarktracker.co.cc,Found,Subdomain,11,6,6,6,17,-
87,www.bookmarkurl.info,Found,Subdomain,"2,780(2 / -)",366(2 / -),278,254,39,17
88,www.bookmarkus.org,Found,Subdomain,"1,297(- / 2)",116(- / 1),109,101,37,10
89,www.bookmarkvision.com,Found,Subdomain,"5,645(10 / -)",300(4 / -),278,247,44,19
90,www.bookmarkway.com,Found,Subdomain,"1,348(2 / -)",152(1 / -),135,129,35,17
91,www.bookmarkweb.info,Found,Subdomain,"2,976(1 / -)",380(1 / -),288,256,40,14
92,www.bookmarkweb.net,Found,Subdomain,"1,512(1 / -)",182(1 / -),156,148,36,6
93,www.bookmarkworld.de,Found,Subdomain,196,38,37,36,28,18
94,www.bookmarkx.de,Found,Subdomain,"5,495(7 / -)",518(2 / -),341,315,43,25
95,www.bookmarkyard.com,Found,Subdomain,35,28,26,26,25,-
96,www.bookmarkyoursites.com,Found,Subdomain,140,29,27,27,24,4
97,www.bookmarkzine.com,Found,Subdomain,"11,031(7 / -)","1,028(6 / -)",733,637,38,21
98,www.booktagz.de,Found,Subdomain,"1,264",168,158,145,35,20
99,www.bookvote.net,Found,Subdomain,"4,459",106,93,88,38,14
100,www.boomarking.com,Found,Subdomain,"20,675(291 / -)","1,683(12 / -)","1,135",932,39,15
101,www.boonmas.com,Found,Subdomain,537,46,45,44,27,10
102,www.bosmaya.com,Found,Subdomain,-,-1,-,-,-,-
103,www.boxing24.com,Found,Subdomain,"1,832",120,111,106,29,27
104,www.boxybuzz.com,Found,Subdomain,"1,058(15 / -)",292(1 / -),268,246,31,10
105,www.boxydizz.com,Found,Subdomain,467,88,84,79,32,7
106,www.brainlive.com,Found,Subdomain,"1,197(1 / -)",92(1 / -),82,80,28,-
107,www.braniewo.net,Found,Subdomain,"6,279(3 / -)",426(2 / -),286,262,39,18
108,www.bravsbookmarks.com,Found,Subdomain,"242,278(6 / -)",883(5 / -),671,582,38,21
109,www.brewpoll.com,Found,Subdomain,"10,223",107,94,90,34,28
110,www.brightskate.com,Found,Subdomain,232,43,37,34,26,-
111,www.brimhost.com,Found,Subdomain,700,57,39,39,32,10
112,www.budgetlegaladvice.com,Found,Subdomain,286,32,25,19,40,11
113,www.built.in.th,Found,Subdomain,"1,851",24,22,19,10,13
114,www.buk-mark.com,Found,Subdomain,"35,259(15 / -)","1,387(7 / -)","1,094",884,41,21
115,www.bukmark.info,Found,Subdomain,"13,066(4 / -)",728(4 / -),592,534,42,15
116,www.bukmark.net,Found,Subdomain,"271,562(1,564 / 173)","18,087(118 / 19)","10,853","7,501",57,28
117,www.bukmarksocial.info,Found,Subdomain,584,138,123,113,29,8
118,www.bullshift.org,Found,Subdomain,"9,893(4 / 1)",688(4 / 1),621,544,35,15
119,www.bumero.com,Found,Subdomain,66,11,10,10,22,9
120,www.bump.im,Found,Subdomain,"4,758(1 / -)",187(1 / -),149,139,36,11
121,www.burlador.net,Found,Subdomain,183,60,43,39,33,15
122,www.businessesthatprofit.com,Found,Subdomain,615,201,189,167,29,14
123,www.businesssocialnetworkingsite.com,Found,Subdomain,"82,493(187 / 2)","2,744(15 / 2)","1,741","1,415",43,18
124,www.buycheapfragrance.com,Found,Subdomain,"1,054(1 / -)",79(1 / -),79,78,35,6
125,www.buycheapmonitor.com,Found,Subdomain,362,100,95,89,36,14
126,www.buydofollow.info,Found,Subdomain,46,15,15,15,28,14
127,www.buzz.samachar.com,Found,Subdomain,24,10,10,10,19,3
128,www.buzzalacon.com,Found,Subdomain,587(1 / -),65(1 / -),60,57,34,4
129,www.buzzbookmark.info,Found,Subdomain,176,36,31,31,31,15
130,www.buzzbuzz.ca,Found,Subdomain,"6,716(2 / -)",280(2 / -),245,221,31,19
131,www.buzzdegeek.com,Found,Subdomain,"7,700",18,13,9,31,23
132,www.buzzingtopics.com,Found,Subdomain,"60,314(35 / 2)","2,525(12 / 2)","2,027","1,598",46,23
133,www.buzzmarks.de,Found,Subdomain,"16,234(42 / -)","1,443(11 / -)","1,172","1,004",36,24
134,www.buzz-story.com,Found,Subdomain,"2,810(6 / -)",155(2 / -),133,127,39,7
135,www.buzzup.co,Found,Subdomain,"2,810(2 / -)",135(1 / -),124,115,36,4
136,www.buzzup.me,Found,Subdomain,201,73,70,69,26,11
137,www.buzzupindia.com,Found,Subdomain,"1,095(2 / -)",197(2 / -),182,170,29,10
138,www.buzz-url.com,Found,Subdomain,"1,506",154,138,128,38,11
139,www.bytelinks.info,Found,Subdomain,"3,612(2 / 2)",474(2 / 1),391,342,40,13
140,www.bytesocial.info,Found,Subdomain,"13,726(10 / -)",417(5 / -),321,306,34,18
141,www.ca22.com,Found,Subdomain,167,60,50,49,27,15
142,www.cadlink.net,Found,Subdomain,506,83,79,78,33,10
143,www.caliv.com,Found,Subdomain,"1,416(1 / -)",108(1 / -),97,94,28,7
144,www.camgirls-planet.com,Found,Subdomain,255,29,27,27,31,20
145,www.carpasanoia.com,Found,Subdomain,625(1 / -),133(1 / -),117,112,36,19
146,www.casasocial.net,Found,Subdomain,"4,038(1 / -)",159(1 / -),143,117,36,36
147,www.casasua.de,Found,Subdomain,32,16,15,15,23,5
148,www.cashracer.com,Found,Subdomain,"4,808(2 / -)",544(2 / -),436,396,35,14
149,www.casinoonlineitaliano.com,Found,Subdomain,"3,259",155,144,136,35,17
150,www.casino-tweet.com,Found,Subdomain,403,118,110,105,28,14
1,www.casthit.com,Found,Subdomain,306(1 / -),126(1 / -),106,101,28,14
2,www.catchlive.com,Found,Subdomain,535,146,131,125,31,15
3,www.cccha.info,Found,Subdomain,28,16,16,16,25,6
4,www.ceelb.de,Found,Subdomain,48,26,26,26,27,14
5,www.celeb9.in,Found,Subdomain,"27,073(30 / 2)","2,023(18 / 1)","1,434","1,207",44,23
6,www.celebgossip.ca,Found,Subdomain,"1,335",75,69,67,29,10
7,www.celebhungama.com,Found,Subdomain,"1,386",178,146,133,33,16
8,www.celebits.com,Found,Subdomain,475,13,12,10,22,6
9,www.celebritybreakfast.com,Found,Subdomain,82(1 / -),25(1 / -),25,25,24,14
10,www.celebrity-death-watch.com,Found,Subdomain,7,7,7,7,30,12
11,www.celebrity-news-tmz.com,Found,Subdomain,365,83,79,75,32,24
12,www.celticbookmarks.com,Found,Subdomain,"1,372(1 / -)",170(1 / -),155,138,30,14
13,www.centerdigg.com,Found,Subdomain,240(1 / -),32(1 / -),32,32,24,10
14,www.ceoinsider.net,Found,Subdomain,93,38,37,34,25,4
15,www.cerrolimon.com,Found,Subdomain,103,36,21,18,33,16
16,www.certifiedbadass.com,Found,Subdomain,"2,338(1 / -)",241(1 / -),219,195,30,18
17,www.chainbookmarks.com,Found,Subdomain,884(3 / -),81(1 / -),76,73,28,7
18,www.chainonsocial.info,Found,Subdomain,23,19,18,16,23,6
19,www.chaiyaphumutd.com,Found,Subdomain,"1,926(2 / -)",175(2 / -),163,156,31,7
20,www.charitymob.org,Found,Subdomain,3,3,3,3,24,-
21,www.chatanika.com,Found,Subdomain,129(1 / -),40(1 / -),39,37,26,22
22,www.cheapestshop.net,Found,Subdomain,81,24,22,22,24,14
23,www.cheaplunch.com.au,Found,Subdomain,12,9,7,7,31,10
24,www.chennailatest.com,Found,Subdomain,"2,013",283,149,129,39,16
25,www.chicoloapandejuarez.com.mx,Found,Subdomain,167,19,17,17,36,12
26,www.chillbookmarks.com,Found,Subdomain,122,42,28,26,31,10
27,www.choicesocial.info,Found,Subdomain,"18,678(3 / -)",534(3 / -),458,399,43,13
28,www.choosenprice.com,Found,Subdomain,"1,213(1 / -)",173(1 / -),159,150,36,15
29,www.choowawa.com,Found,Subdomain,"13,457(346 / 1)",780(6 / 1),637,585,39,19
30,www.christianspy.com,Found,Subdomain,52,34,29,28,31,11
31,www.chungkhoan84.com,Found,Subdomain,"20,701(3 / -)",95(2 / -),73,67,33,13
32,www.chuv.com.ua,Found,Subdomain,75,21,14,12,22,7
33,www.ciceksiparisi-cicekgonder.com,Found,Subdomain,"6,290(6 / -)",58(1 / -),52,51,26,1
34,www.circulomicrocervejeiro.com.br,Found,Subdomain,742(3 / -),213(3 / -),203,190,30,13
35,www.citroen2cv.net,Found,Subdomain,"13,244(12 / 1)",513(5 / 1),451,388,33,25
36,www.citruscubes.com,Found,Subdomain,225,98,92,88,28,10
37,www.citytube.pl,Found,Subdomain,291,47,43,41,25,11
38,www.claimbookmarks.com,Found,Subdomain,"2,687(1 / -)",305(1 / -),283,255,31,12
39,www.click2web.net,Found,Subdomain,96,31,21,20,30,10
40,www.clickdirectory.org,Found,Subdomain,368(1 / -),111(1 / -),103,96,28,6
41,www.clickfor.net,Found,Subdomain,"2,288(1 / 1)",356(1 / 1),249,235,44,17
42,www.clickheredummy.com,Found,Subdomain,123(3 / -),46(1 / -),44,41,32,12
43,www.clicomics.com,Found,Subdomain,"1,217(1 / -)",72(1 / -),66,64,31,17
44,www.cliption.com,Found,Subdomain,551,33,27,27,30,14
45,www.clipzone.info,Found,Subdomain,953,128,120,115,30,10
46,www.cmsnews.jp,Found,Subdomain,176,75,73,72,27,14
47,www.cmsvibes.com,Found,Subdomain,431,76,73,72,26,-
48,www.cndig.org,Found,Subdomain,"5,624(3 / -)",611(2 / -),448,408,45,35
49,www.codehunts.com,Found,Subdomain,19,3,3,3,20,-
50,www.colivia.de,Found,Subdomain,"588,768(19 / -)","1,473(12 / -)","1,069",883,48,25
51,www.collegeathletes.com,Found,Subdomain,143,83,78,75,27,4
52,www.colonosdelsiglo21.org,Found,Subdomain,196,76,74,68,33,19
53,www.com.sw24.ru,Found,Subdomain,1,1,1,1,17,-
54,www.commoninterview.com,Found,Subdomain,56,29,27,25,24,17
55,www.conciertosen.com,Found,Subdomain,"3,533(8 / -)",514(6 / -),460,405,33,14
56,www.condividiamo.org,Found,Subdomain,"1,170",113,98,87,39,19
57,www.conent4social.com,Found,Subdomain,651(1 / -),64(1 / -),62,54,25,9
58,www.connectionare.info,Found,Subdomain,298,68,67,63,28,9
59,www.connectlinks.info,Found,Subdomain,"1,003",228,187,167,29,10
60,www.conservadigg.com,Found,Subdomain,417,38,36,35,33,14
61,www.consumerfraudreport.com,Found,Subdomain,66(1 / -),39(1 / -),38,37,25,6
62,www.content4social.com,Found,Subdomain,"2,394(1 / -)",291(1 / -),253,230,40,18
63,www.convivimos.com,Found,Subdomain,"1,315",35,25,25,25,20
64,www.cool.instlucia.org,Found,Subdomain,"8,668(3 / -)",686(2 / -),583,506,34,12
65,www.coolesttower.com,Found,Subdomain,8,5,4,4,25,-
66,www.coolhoops.com,Found,Subdomain,283,58,58,54,25,-
67,www.coolpinoysites.com,Found,Subdomain,"43,029(46 / -)",240(1 / -),210,182,39,31
68,www.coolsearchinfo.com,Found,Subdomain,127,36,35,33,25,11
69,www.coolwebkidz.com,Found,Subdomain,366(3 / -),53(1 / -),42,41,30,14
70,www.copyright.in.th,Found,Subdomain,"1,848",17,16,13,3,13
71,www.cordbloodtips.com,Found,Subdomain,100,10,9,9,23,-
72,www.couponrd.com,Found,Subdomain,-,-1,-,-,-,-
73,www.couponzi.com,Found,Subdomain,"3,366(1 / 2)",453(1 / 1),379,335,32,17
74,www.craftcrave.net,Found,Subdomain,"118,762(1 / -)",274(1 / -),171,154,69,26
75,www.craftjuice.com,Found,Subdomain,"53,565",566,445,415,47,35
76,www.creativesmut.com,Found,Subdomain,34,22,22,22,23,-
77,www.crface.com,Found,Subdomain,7,1,1,1,17,-
78,www.crli.info,Found,Subdomain,"4,537(2 / -)",273(2 / -),246,227,31,7
79,www.cronaca24.org,Found,Subdomain,969,161,139,122,32,20
80,www.crowdibookmark.info,Found,Subdomain,130,9,9,9,22,-
81,www.cruiserslog.com,Found,Subdomain,"1,279(2 / -)",202(2 / -),183,169,40,14
82,www.crunchour.com,Found,Subdomain,"13,144(3 / -)",493(3 / -),453,388,43,17
83,www.crunchypop.com,Found,Subdomain,158,45,44,44,30,14
84,www.cruxbookmarks.com,Found,Subdomain,"8,492",392,323,288,34,10
85,www.cs4cs.net,Found,Subdomain,90,26,25,25,24,9
86,www.c-s-j.co.cc,Found,Subdomain,145,62,62,61,26,14
87,www.cssleaf.com,Found,Subdomain,"3,257",187,173,157,31,20
88,www.cubeglobe.com,Found,Subdomain,"4,056(3 / -)",480(3 / -),383,361,33,15
89,www.curiotech.com,Found,Subdomain,341,58,55,52,26,26
90,www.curitibaimoveis.org,Found,Subdomain,"17,513",132,126,119,29,16
91,www.cusmani.com,Found,Subdomain,"13,449(8 / -)",793(6 / -),639,561,44,18
92,www.cuteaholic.com,Found,Subdomain,152,55,49,46,34,25
93,www.cutekittenpageant.com,Found,Subdomain,91,21,21,21,24,10
94,www.cutepuppiespageant.com,Found,Subdomain,92,48,46,42,26,6
95,www.cutestbabypageant.com,Found,Subdomain,283(1 / -),88(1 / -),84,80,27,7
96,www.cvul.com,Found,Subdomain,"10,382",158,143,142,34,23
97,www.cxweb.de,Found,Subdomain,"37,957(13 / -)",871(7 / -),735,645,51,21
98,www.cyberdofollow.info,Found,Subdomain,59,22,22,22,31,14
99,www.dailyer.com,Found,Subdomain,116,26,21,21,23,14
100,www.dailyers.com,Found,Subdomain,2,1,1,1,-,-
101,www.dailylogger.com,Found,Subdomain,10,6,6,6,21,8
102,www.dallasnn.com,Found,Subdomain,75,15,14,14,28,3
103,www.dance-video.eu,Found,Subdomain,"3,074",55,53,51,40,30
104,www.dareg.co.il,Found,Subdomain,244,68,67,64,26,2
105,www.dashdigg.com,Found,Subdomain,"1,012",164,154,138,29,13
106,www.das-web.net,Found,Subdomain,"221,846(2 / -)",792(1 / -),614,476,55,35
107,www.datskool.com,Found,Subdomain,352,91,88,85,27,6
108,www.davida50.com,Found,Subdomain,495,89,80,73,27,5
109,www.dayadd.net,Found,Subdomain,"2,912(2 / -)",87(2 / -),84,81,32,15
110,www.daytononline.com,Found,Subdomain,109(- / 1),52(- / 1),46,44,36,14
111,www.deafsource.com,Found,Subdomain,411(1 / -),71(1 / -),62,61,37,19
112,www.dealmocracy.com,Found,Subdomain,40,20,14,14,22,-
113,www.dealpronews.com,Found,Subdomain,374,114,110,106,27,16
114,www.dealsdude.com,Found,Subdomain,582,15,11,10,28,10
115,www.dealshouter.com,Found,Subdomain,"50,162",281,229,220,47,26
116,www.decently.org,Found,Subdomain,679,71,58,55,30,16
117,www.decous.cz.cc,Not found,-,-,-,-,-,-,-
118,www.deegun.com,Found,Subdomain,425,93,89,87,26,9
119,www.deeperlinked.com,Found,Subdomain,125,60,56,55,26,16
120,www.dekut.com,Found,Subdomain,"9,537(18 / -)",840(3 / -),700,600,48,20
121,www.delicious123.com,Found,Subdomain,"2,658",247,203,186,31,13
122,www.deseosexual.es,Found,Subdomain,"7,216(28 / -)",807(3 / -),625,540,34,16
123,www.design-buzz.com,Found,Subdomain,"6,853(8 / -)",893(8 / -),628,549,40,10
124,www.designfloat.com,Found,Subdomain,"7,522,414(20,164 / 7,175)","25,750(144 / 19)","15,479","9,771",63,43
125,www.designpoke.com,Found,Subdomain,"16,736(5 / -)",729(3 / -),603,540,40,16
126,www.designstream.org,Found,Subdomain,628,123,115,108,28,7
127,www.desigrade.com,Found,Subdomain,139,64,59,53,31,15
128,www.destaques.tk,Found,Subdomain,187,42,35,34,25,22
129,www.de-top10.nl,Found,Subdomain,33,11,11,11,22,6
130,www.detroitinstitute.org,Found,Subdomain,"53,597(1 / -)",169(1 / -),154,145,38,26
131,www.dev.openrclosed.com,Found,Subdomain,27,15,15,15,23,6
132,www.developersniche.com,Found,Subdomain,"1,276",187,165,152,30,22
133,www.dewong.com,Found,Subdomain,"3,331",94,85,82,40,11
134,www.dezineidea.com,Found,Subdomain,"11,423(3 / -)",37(1 / -),37,37,35,30
135,www.dezinews.com,Found,Subdomain,"779,615(- / 1)",530(- / 1),415,366,55,24
136,www.dflashpulsa.com,Found,Subdomain,90,35,32,32,25,-
137,www.dgdig.com,Found,Subdomain,"20,463(3 / -)",326(2 / -),293,274,32,11
138,www.dhumma-pligg.com,Found,Subdomain,52,12,12,12,29,-
139,www.dichanbang.com,Found,Subdomain,9,6,6,6,21,9
140,www.dig.gr,Found,Subdomain,"17,054(33 / 1)","1,560(9 / 1)","1,143",966,46,19
141,www.digandscratch.com,Found,Subdomain,"1,243",61,49,45,27,25
142,www.digbbs.com,Found,Subdomain,693,44,44,44,35,-
143,www.dig-deals.com,Found,Subdomain,"7,840(68 / -)",490(5 / -),432,384,33,12
144,www.digg.design.fr,Found,Subdomain,5,4,2,2,19,3
145,www.digg.koratsale.com,Found,Subdomain,12,8,8,8,20,-
146,www.digg.naitam.com,Found,Subdomain,"3,626(183 / -)",301(7 / -),259,240,29,10
147,www.digg.siamcrazy.com,Found,Subdomain,416(4 / -),82(1 / -),72,69,26,7
148,www.digg.th.ht,Found,Subdomain,"1,057",22,21,21,23,6
149,www.digg4u.com,Found,Subdomain,54(1 / -),24(1 / -),24,24,31,11
150,www.digga.com.br,Found,Subdomain,"5,753",162,139,128,40,18
1,www.diggaforetag.se,Found,Subdomain,1,1,1,1,28,-
2,www.diggasia.com,Found,Subdomain,"26,925(33 / -)","2,081(17 / -)","1,536","1,236",45,16
3,www.diggbookmark.info,Found,Subdomain,198,51,46,46,26,14
4,www.digg-debt-management.info,Found,Subdomain,115(1 / -),55(1 / -),51,51,35,10
5,www.diggdee.com,Found,Subdomain,395,34,32,30,25,10
6,www.diggdirect.com,Found,Subdomain,"1,696",313,264,241,31,17
7,www.diggdugg.co.cc,Found,Subdomain,137,31,31,29,23,6
8,www.diggfr.com,Found,Subdomain,"30,577",301,229,218,42,26
9,www.diggg.me,Found,Subdomain,46,33,33,32,24,2
10,www.digghelp.com,Found,Subdomain,"1,164(1 / -)",82(1 / -),58,57,33,19
11,www.diggindy.com,Found,Subdomain,"12,036(3 / -)",259(2 / -),218,190,31,13
12,www.diggino.com,Found,Subdomain,"164,959(256 / -)","3,073(21 / -)","2,005","1,595",46,18
13,www.diggita.com,Found,Subdomain,"23,849",8,8,8,24,26
14,www.diggitalia.com,Found,Subdomain,"7,816(7 / -)",402(3 / -),338,307,35,19
15,www.digg-like.fr,Found,Subdomain,"1,804(3 / -)",85(1 / -),76,73,36,30
16,www.diggmyporn.com,Found,Subdomain,189,48,45,43,24,6
17,www.diggnew.co.cc,Found,Subdomain,15(- / 1),11(- / 1),10,10,19,-
18,www.diggodugg.co.cc,Found,Subdomain,23,16,16,16,22,2
19,www.diggread.com,Found,Subdomain,"8,686(2 / -)",443(1 / -),397,358,34,16
20,www.diggs.uni.cc,Found,Subdomain,2,2,2,2,-,-
21,www.diggsa.com,Found,Subdomain,"6,637(22 / -)",115(3 / -),105,87,27,14
22,www.diggsina.com,Found,Subdomain,281(1 / -),85(1 / -),81,78,25,12
23,www.digg-submit.co.cc,Found,Subdomain,45,26,23,22,22,6
24,www.diggtag.com,Found,Subdomain,153,34,33,33,25,6
25,www.diggtech.com,Found,Subdomain,"8,126(17 / -)",323(5 / -),269,248,36,20
26,www.diggtory.com,Found,Subdomain,"2,663(21 / -)",444(2 / -),389,347,32,13
27,www.diggtravel.com,Found,Subdomain,"18,344(30 / 1)","1,756(14 / 1)","1,315","1,108",42,16
28,www.diggtrip.com,Found,Subdomain,354,132,124,115,29,11
29,www.digg-web-hosting.info,Found,Subdomain,377,132,124,120,29,13
30,www.digitalbookmark.info,Found,Subdomain,224,61,56,56,35,15
31,www.digitally-landscaped.com,Found,Subdomain,437,56,51,47,26,7
32,www.digo.it,Found,Subdomain,"500,194(102 / -)","1,596(8 / -)","1,129",912,47,40
33,www.digwe.com,Found,Subdomain,"1,644(2 / -)",296(2 / -),266,242,31,17
34,www.dir.sprintseo.com,Found,Subdomain,"1,975",252,237,217,30,13
35,www.dir.transportowy.info.pl,Found,Subdomain,"2,143",189,168,147,12,11
36,www.dirclicks.com,Found,Subdomain,"3,977(10 / 1)",275(3 / 1),216,205,35,15
37,www.directedviolence.com,Found,Subdomain,4,3,3,3,20,-
38,www.directoriotop.com,Found,Subdomain,"9,957",50,32,31,32,22
39,www.dirtyrottengossip.com,Found,Subdomain,"1,434",155,135,130,30,24
40,www.discountvacationsites.com,Found,Subdomain,"15,340(2 / -)",165(2 / -),157,148,31,18
41,www.diving-in-bunaken.com,Found,Subdomain,99,38,26,24,25,15
42,www.dizz.info,Found,Subdomain,"4,427(2 / 1)",405(1 / 1),344,314,39,10
43,www.dizzbookmarks.com,Found,Subdomain,362,97,85,78,28,8
44,www.dizzed.info,Found,Subdomain,47,31,26,26,32,10
45,www.dizzedlink.info,Found,Subdomain,"2,908(3 / -)",308(3 / -),246,228,33,15
46,www.dmh.ro,Found,Subdomain,846(1 / -),199(1 / -),188,175,31,12
47,www.docrates.org,Found,Subdomain,15,9,9,9,23,19
48,www.dofollowarticle.com,Found,Subdomain,"1,012(2 / -)",243(2 / -),203,191,31,15
49,www.dofollowbacklink.info,Found,Subdomain,174,34,30,30,30,15
50,www.dofollowbookmak.info,Found,Subdomain,45,18,13,13,26,10
51,www.dofollowbookmaks.info,Found,Subdomain,51,19,14,14,26,12
52,www.dofollowbookmark.net,Found,Subdomain,129,49,48,46,25,7
53,www.dofollowbookmarking.com,Found,Subdomain,297,14,14,14,29,21
54,www.dofollowbookmarking.info,Found,Subdomain,11,5,5,5,22,-
55,www.dofollowbookmarks.info,Found,Subdomain,"1,763",226,196,177,36,8
56,www.dofollowbookmarksites.com,Found,Subdomain,135,42,39,38,27,21
57,www.dofollowbuzz.info,Found,Subdomain,371,56,48,47,34,10
58,www.dofollowebookmark.info,Found,Subdomain,5,4,4,4,22,-
59,www.dofollowlinking.com,Found,Subdomain,"1,984",275,247,228,31,13
60,www.dofollowlisting.info,Found,Subdomain,233,71,65,65,34,15
61,www.dofollowmarkzoom.info,Found,Subdomain,23,12,11,11,24,5
62,www.dofollowr.com,Found,Subdomain,"26,253(16 / -)","1,515(13 / -)","1,210","1,001",38,17
63,www.dofollowsearch.info,Found,Subdomain,192,42,37,37,29,15
64,www.dofollowsocialbookmark.com,Found,Subdomain,221,68,63,61,36,10
65,www.do-follow-social-bookmarking.com,Found,Subdomain,2,2,2,2,9,-
66,www.dofollowtags.info,Found,Subdomain,"41,798(4 / -)",679(4 / -),538,476,43,14
67,www.dofollowweb.info,Found,Subdomain,363,34,29,29,31,14
68,www.dofollowworld.info,Found,Subdomain,176,34,30,30,31,15
69,www.doglovergiftideas.com,Found,Subdomain,32,12,11,10,23,7
70,www.dogstarcasting.com,Found,Subdomain,"1,404",184,172,154,40,10
71,www.dogtopics.net,Found,Subdomain,223,103,99,93,28,11
72,www.doldur.org,Found,Subdomain,"34,013(12 / 1)","1,532(9 / 1)","1,098",918,37,14
73,www.domain-hosting-server.com,Found,Subdomain,39,14,11,11,27,7
74,www.doodigg.com,Found,Subdomain,"5,888(12 / -)",597(7 / -),483,418,28,13
75,www.doond.in,Found,Subdomain,370,61,56,55,25,2
76,www.dosocialbookmark.com,Found,Subdomain,"2,242(2 / -)",369(1 / -),321,289,31,16
77,www.dotdigg.org,Found,Subdomain,"2,479",191,179,167,30,7
78,www.dotpoch.com,Found,Subdomain,"13,296(174 / -)",821(4 / -),637,542,34,17
79,www.dotworldgroup.com,Found,Subdomain,"1,492",50,41,39,32,12
80,www.downsider.com,Found,Subdomain,248,55,54,50,26,6
81,www.dreamtags.com,Found,Subdomain,54,17,17,17,32,10
82,www.drewrynewsnetwork.com,Found,Subdomain,"28,529",324,288,268,43,31
83,www.drigg-code.com,Found,Subdomain,660(1 / -),187(1 / -),145,138,30,17
84,www.droidbuff.com,Found,Subdomain,22,15,13,13,23,9
85,www.dropshipping-directory.info,Found,Subdomain,272,66,65,64,26,10
86,www.dside-world.com,Found,Subdomain,318,59,58,58,26,12
87,www.dslrfilmz.com,Found,Subdomain,31,21,18,18,31,-
88,www.dug.ie,Found,Subdomain,"30,666",20,19,19,25,10
89,www.duggseek.info,Found,Subdomain,145,13,13,13,30,5
90,www.dumbemployed.com,Found,Subdomain,86,17,16,14,30,22
91,www.duniaberitaterkini.com,Found,Subdomain,814(32 / -),79(3 / -),71,69,37,19
92,www.dunlinks.com,Found,Subdomain,657,119,115,111,34,16
93,www.dxzy.net,Found,Subdomain,923,111,103,100,29,13
94,www.dynasyn.com,Found,Subdomain,"3,282",90,75,67,27,16
95,www.e-about.tk,Found,Subdomain,-,-1,-,-,-,-
96,www.earnersclub.net,Found,Subdomain,"3,462",325,281,259,43,24
97,www.easybacklink.info,Found,Subdomain,221(1 / -),67(1 / -),61,61,34,15
98,www.easybookmark.info,Found,Subdomain,68,47,43,41,31,7
99,www.easybookmarker.com,Found,Subdomain,16,8,8,8,21,-
100,www.easybookmarking.info,Found,Subdomain,407(156 / -),81(1 / -),76,76,35,15
101,www.easydofollow.info,Found,Subdomain,587,53,49,49,33,15
102,www.easyindex.info,Found,Subdomain,176,35,31,31,31,15
103,www.easymash.info,Found,Subdomain,102,44,40,39,33,10
104,www.easyrecipescooking.com,Found,Subdomain,"4,464(5 / -)",471(2 / -),345,302,42,11
105,www.ebiznewswire.com,Found,Subdomain,"32,014(22 / 6)","1,229(15 / 2)",979,836,43,18
106,www.ecogregate.com,Found,Subdomain,2,1,1,1,-,-
107,www.economity.com,Found,Subdomain,"2,130(- / 1)",253(- / 1),188,177,35,13
108,www.ecopressnews.com,Found,Subdomain,"2,224",44,43,43,26,13
109,www.ecuadoralmomento.com,Found,Subdomain,"14,308(4 / -)",492(3 / -),435,380,39,14
110,www.edensavr.com,Found,Subdomain,913,56,36,35,31,14
111,www.edensavr.org,Found,Subdomain,"13,212",236,164,153,39,20
112,www.educational-scales-balances.com,Found,Subdomain,620,162,143,129,37,15
113,www.educationnationusa.org,Found,Subdomain,41,17,15,15,23,6
114,www.edutagger.com,Found,Subdomain,801(2 / -),172(2 / -),145,139,30,22
115,www.eduweb.de,Found,Subdomain,"24,582(5 / -)",420(2 / -),347,305,40,39
116,www.ekomedia.cz,Found,Subdomain,262(1 / -),85(1 / -),63,59,34,20
117,www.e-kujawsko-pomorskie.com,Found,Subdomain,"1,248",175,159,149,30,13
118,www.eligg.com,Found,Subdomain,41,31,30,29,29,6
119,www.elmundoseacaba.com,Found,Subdomain,168,41,35,35,27,17
120,www.e-lodzkie.com,Found,Subdomain,442,53,50,46,29,13
121,www.e-lubelskie.com,Found,Subdomain,601(1 / -),144(1 / -),131,125,30,13
122,www.e-lubuskie24.com,Found,Subdomain,191,91,83,81,39,13
123,www.e-malopolskie.com,Found,Subdomain,935(166 / -),107(1 / -),95,92,28,13
124,www.e-mazowieckie.com,Found,Subdomain,912,99,85,81,27,13
125,www.emediaxpress.net,Found,Subdomain,187,78,73,68,27,7
126,www.enfin.us,Found,Subdomain,65(1 / -),28(1 / -),27,27,26,10
127,www.englishdigg.com,Found,Subdomain,353,71,68,63,28,14
128,www.e-niches.com,Found,Subdomain,528,74,70,68,26,2
129,www.entreprise-marketing.com,Found,Subdomain,"4,008(1 / -)",146(1 / -),132,119,38,23
130,www.entreprise-marketing.fr,Found,Subdomain,"13,869",124,93,84,43,26
131,www.e-opolskie.com,Found,Subdomain,"1,658",173,144,132,31,6
132,www.epitiro.co.nz,Found,Subdomain,146(1 / -),29(1 / -),27,27,28,13
133,www.e-podkarpackie.com,Found,Subdomain,"1,626",128,115,112,30,13
134,www.e-podlaskie.com,Found,Subdomain,535,87,79,79,31,13
135,www.e-pomorskie.com,Found,Subdomain,36(1 / -),20(1 / -),20,20,26,13
136,www.eros-netz.com,Found,Subdomain,"5,689(5 / -)",281(4 / -),244,224,31,18
137,www.escape-bbs.info,Found,Subdomain,51,12,11,11,26,3
138,www.esocialbookmarks.com,Found,Subdomain,"4,711(1 / -)",381(1 / -),296,264,40,14
139,www.esocialize.info,Found,Subdomain,182,23,22,22,26,16
140,www.e-swietokrzyskie24.com,Found,Subdomain,"5,932",201,165,156,30,15
141,www.etags.ru,Found,Subdomain,"4,205",25,24,24,33,22
142,www.etagz.info,Found,Subdomain,553,105,78,74,27,10
143,www.etamil.net,Found,Subdomain,"3,117",280,239,212,36,19
144,www.ethaionline.com,Found,Subdomain,24,6,6,6,21,3
145,www.etopbookmarks.com,Found,Subdomain,174,79,64,59,27,15
146,www.eugadget.com,Found,Subdomain,16,11,11,11,23,11
147,www.eulinko.com,Found,Subdomain,"62,327",264,186,161,40,25
148,www.eventologen.de,Found,Subdomain,"5,345(1 / -)",94(1 / -),72,65,48,31
149,www.everdigg.com,Found,Subdomain,131,29,29,26,24,12
150,www.everglide.com.pl,Found,Subdomain,389,69,65,63,27,23
1,www.evertonnews.org,Found,Subdomain,"123,484",95,89,86,42,34
2,www.e-warminsko-mazurskie.com,Found,Subdomain,457,115,104,99,27,8
3,www.ewello.de,Found,Subdomain,694,143,137,128,30,13
4,www.e-wielkopolskie.com,Found,Subdomain,"1,904(2 / -)",222(1 / -),183,173,31,12
5,www.eworkjobs.com,Found,Subdomain,621,101,66,63,28,15
6,www.exmemory.com,Found,Subdomain,"1,692",333,278,258,37,15
7,www.express-navi.com,Found,Subdomain,176,84,68,41,36,23
8,www.e-zachodnio-pomorskie.com,Found,Subdomain,458,61,55,54,26,8
9,www.f4v.de,Found,Subdomain,533,76,70,68,40,19
10,www.facbookmark.info,Found,Subdomain,681,56,53,53,31,10
11,www.facebookmark.org,Found,Subdomain,67,27,26,26,24,3
12,www.facebook-stalking.com,Found,Subdomain,15,12,11,11,22,-
13,www.faceboox.net,Found,Subdomain,106,31,30,29,30,12
14,www.facerob.com,Found,Subdomain,"17,984(9 / -)",381(4 / -),268,246,34,13
15,www.facilisimas.com,Found,Subdomain,"9,666(49 / 2)","1,323(18 / 1)",994,837,44,17
16,www.factpackers.com,Found,Subdomain,393,137,124,118,29,14
17,www.falconrynetwork.com,Found,Subdomain,"18,686(9 / 2)","1,189(5 / 1)",977,819,37,16
18,www.fantasyinfocentral.com,Found,Subdomain,"7,180(38 / -)","1,087(12 / -)",699,628,45,43
19,www.fanturistic.com,Found,Subdomain,757(3 / -),117(1 / -),103,100,31,17
20,www.faqpal.com,Found,Subdomain,"1,482,674(295 / 2)","3,980(5 / 1)","2,578","1,919",46,29
21,www.farkinda.com,Found,Subdomain,"21,528(6 / -)",994(5 / -),733,651,49,40
22,www.fash911.com,Found,Subdomain,66,35,35,35,24,-
23,www.fastbacklink.info,Found,Subdomain,238,72,67,66,35,15
24,www.fastbookmark.info,Found,Subdomain,175,36,32,32,31,15
25,www.fastdofollow.info,Found,Subdomain,341,54,49,49,34,15
26,www.fastindex.info,Found,Subdomain,172,33,29,29,30,15
27,www.favbookmarks.info,Found,Subdomain,"4,038(17 / 1)",728(13 / 1),589,520,41,9
28,www.favinaut.de,Found,Subdomain,"2,507(5 / 6)",721(3 / 1),535,459,44,19
29,www.favit.de,Found,Subdomain,"3,769,157(20,666 / 50)","6,195(26 / 2)","3,191","2,085",51,39
30,www.favmarker.com,Found,Subdomain,116,77,75,72,32,6
31,www.favor.it,Found,Subdomain,434,89,82,77,29,17
32,www.favoritesocial.info,Found,Subdomain,5,1,1,1,19,-
33,www.favosites.nl,Found,Subdomain,146,32,29,29,25,12
34,www.favrbrands.com,Found,Subdomain,"9,075(14 / -)","1,019(5 / -)",883,738,36,17
35,www.favshare.net,Found,Subdomain,"13,463(2 / -)",618(2 / -),501,431,37,20
36,www.favsocial.com,Found,Subdomain,"30,829(110 / -)","1,149(13 / -)",904,768,36,15
37,www.feedmarker.info,Found,Subdomain,33,17,10,10,28,10
38,www.fenix.iswift.eu,Found,Subdomain,"11,014(- / 1)",306(- / 1),225,217,26,16
39,www.feriales.de,Found,Subdomain,"1,045(3 / -)",241(1 / -),202,179,31,27
40,www.fhot.net,Found,Subdomain,79,46,43,38,25,10
41,www.fiebredeportiva.net,Found,Subdomain,221,80,66,65,32,7
42,www.fifaoceania.com,Found,Subdomain,"1,137",23,18,16,31,28
43,www.filmdb.net,Found,Subdomain,"2,348(11 / 1)",289(5 / 1),268,247,31,28
44,www.financebookmarks.com,Found,Subdomain,190,26,23,22,26,9
45,www.financenewstip.com,Found,Subdomain,"2,161(3 / -)",346(3 / -),282,263,32,14
46,www.financial-hub.net,Found,Subdomain,"14,322(14 / -)",985(10 / -),698,607,38,14
47,www.financialsouk.com,Found,Subdomain,"3,407(1 / -)",342(1 / -),256,225,46,13
48,www.findausedcaronline.com,Found,Subdomain,116(2 / -),45(1 / -),41,41,31,18
49,www.findbetterlinks.com,Found,Subdomain,120,34,26,24,24,10
50,www.findreality.com,Found,Subdomain,163,73,66,63,26,15
51,www.finnol.com,Found,Subdomain,"2,406(6 / -)",416(2 / -),335,289,32,15
52,www.firma-ogrod.pl,Found,Subdomain,279,62,61,60,26,3
53,www.flapit.com,Found,Subdomain,"1,209",150,120,106,30,21
54,www.flashahead.info,Found,Subdomain,777,194,173,150,34,14
55,www.flashbuzz.info,Found,Subdomain,"4,358(6 / -)",504(3 / -),423,372,33,16
56,www.flaspar.info,Found,Subdomain,71,29,22,21,27,12
57,www.flizt.com,Found,Subdomain,"1,781(3 / -)",237(3 / -),222,212,31,14
58,www.flowattic.com,Found,Subdomain,305,37,36,36,28,9
59,www.flyls.com,Found,Subdomain,"1,030(3 / -)",136(3 / -),130,127,29,25
60,www.folkit.info,Found,Subdomain,"4,082(5 / -)",437(2 / -),360,325,35,14
61,www.followbookmarks.com,Found,Subdomain,"1,218",305,215,190,31,19
62,www.followin.info,Found,Subdomain,65,28,22,22,27,12
63,www.followtrade.com,Found,Subdomain,70,13,12,12,24,7
64,www.fonduv.com,Found,Subdomain,251,78,75,71,30,10
65,www.foodrank.eu,Found,Subdomain,"36,280(4 / -)",328(1 / -),262,234,40,34
66,www.footballmarks.com,Found,Subdomain,898,17,17,17,31,10
67,www.forbookmarks.com,Found,Subdomain,100,32,29,26,24,10
68,www.forexbookmarks.com,Found,Subdomain,"3,341(1 / -)",308(1 / -),259,242,31,13
69,www.forexnewshub.com,Found,Subdomain,"5,671(12 / -)",581(4 / -),477,416,41,17
70,www.formula1digger.com,Found,Subdomain,194,67,58,56,26,10
71,www.forotv.cl,Found,Subdomain,53,21,21,21,24,24
72,www.forsakethetroops.net,Found,Subdomain,106,53,51,50,31,11
73,www.forsaving.com,Found,Subdomain,"105,792(2 / -)",560(2 / -),414,368,44,16
74,www.forumintelligence.com,Found,Subdomain,"31,204(10 / 1)",494(5 / 1),422,386,33,16
75,www.fotomarks.com,Found,Subdomain,329,56,51,50,27,10
76,www.foxbizz.com,Found,Subdomain,"1,578(1 / -)",184(1 / -),171,160,29,14
77,www.foxmarkers.info,Found,Subdomain,"2,247(1 / -)",448(1 / -),292,260,36,16
78,www.foxmoor.org,Found,Subdomain,"1,225",158,149,141,40,17
79,www.foxnos.com,Found,Subdomain,"3,395(8 / -)",446(2 / -),403,354,35,17
80,www.framefrom.com,Found,Subdomain,24,16,14,14,23,-
81,www.fraseis.gr,Found,Subdomain,"2,836",33,25,25,25,7
82,www.frassle.info,Found,Subdomain,"1,041",139,116,105,38,11
83,www.fredssocialbookmarks.com,Found,Subdomain,341,77,71,67,36,-
84,www.freeannouncer.com,Found,Subdomain,697,177,166,160,39,10
85,www.freebies.im,Found,Subdomain,756,98,85,83,27,7
86,www.freebritishbabes.com,Found,Subdomain,13,8,8,8,22,7
87,www.free-dating-directory.info,Found,Subdomain,80,61,60,58,25,2
88,www.freedofollowbacklink.info,Found,Subdomain,20,16,15,15,26,-
89,www.freedofollowdigg.com,Found,Subdomain,47,32,29,29,25,16
90,www.freehotlinksdirectory.com,Found,Subdomain,"1,607(2 / -)",261(2 / -),223,209,37,17
91,www.freelancescene.com,Found,Subdomain,169,39,38,37,26,17
92,www.free-porn-directory.info,Found,Subdomain,663,99,89,88,27,2
93,www.freeprrelease.net,Found,Subdomain,"1,152",140,125,116,38,10
94,www.free-samples-canada.com,Found,Subdomain,"17,318(17 / 10)","1,256(10 / 1)",939,792,40,19
95,www.freeseolinks.cz.cc,Found,Subdomain,8,4,4,4,13,9
96,www.freeshippingdeals.biz,Found,Subdomain,12,7,7,7,22,-
97,www.free-sitesubmit.com,Found,Subdomain,16,11,11,11,23,12
98,www.freesubmiturl.net,Found,Subdomain,401,71,59,52,25,13
99,www.freeweightlossreviews.com,Found,Subdomain,210,56,49,46,25,14
100,www.freewords.de,Found,Subdomain,8,4,4,4,21,19
101,www.f-r-i-e-n-d-s.com,Found,Subdomain,82,26,26,26,25,13
102,www.friskposts.info,Found,Subdomain,"5,398(1 / 1)",338(1 / 1),260,236,40,15
103,www.front-end-developer.ru,Found,Subdomain,"11,096(3 / -)",864(3 / -),720,610,35,11
104,www.frum.ru,Found,Subdomain,"22,708(248 / -)","1,412(19 / -)",934,796,43,22
105,www.fullyseo.info,Found,Subdomain,200,35,31,31,26,14
106,www.funbola.com,Found,Subdomain,"14,619(3 / 6)",965(2 / 1),733,632,36,17
107,www.funnal.com,Found,Subdomain,"57,584(37 / 1)","2,434(19 / 1)","1,728","1,411",51,18
108,www.funnyaccidentspace.com,Found,Subdomain,45,21,21,20,23,6
109,www.funnyboned.com,Found,Subdomain,855,122,111,107,28,13
110,www.funnysayings.us,Found,Subdomain,"7,076(277 / 4)","1,096(7 / 2)",686,607,48,27
111,www.funnywesale.com,Found,Subdomain,156,43,43,40,26,8
112,www.furryne.ws,Found,Subdomain,"6,105",13,13,11,29,29
113,www.futbolshow.net,Found,Subdomain,970,113,107,102,28,7
114,www.futurebookmark.info,Found,Subdomain,61,25,20,20,27,12
115,www.fuzenews.com,Found,Subdomain,192,50,42,40,35,13
116,www.g34.net,Found,Subdomain,"4,856(6 / -)",318(5 / -),294,263,32,14
117,www.gaddiposh.com,Found,Subdomain,"20,626(9 / -)","1,658(5 / -)","1,391","1,158",44,22
118,www.gadgetlive.com,Found,Subdomain,"11,820(4 / -)",62(1 / -),61,56,44,33
119,www.gainlinks.info,Found,Subdomain,99,48,41,38,30,15
120,www.galmark.com,Found,Subdomain,"927,482(8 / 1)","1,153(4 / 1)",930,794,43,24
121,www.gamestoday.us,Found,Subdomain,39,21,19,19,23,9
122,www.gamez.si,Found,Subdomain,"7,482(5 / -)",700(4 / -),573,497,36,10
123,www.gamingsbm.com,Found,Subdomain,52,33,33,33,25,6
124,www.gamrum.com,Found,Subdomain,98,18,18,18,27,7
125,www.gaumonttv.net,Found,Subdomain,"19,998(2 / 3)",60(2 / 1),55,50,29,33
126,www.gaxy.net,Found,Subdomain,3,3,3,3,17,-
127,www.gaynfo.com,Found,Subdomain,308,22,22,22,23,-
128,www.gay-reader.de,Found,Subdomain,"1,983(3 / 1)",277(2 / 1),255,237,31,12
129,www.gegononta.gr,Found,Subdomain,104,23,23,23,24,-
130,www.geilebookmarks.com,Found,Subdomain,"69,221(3 / -)","1,440(2 / -)","1,022",861,41,19
131,www.generalsocial.info,Found,Subdomain,29,18,14,14,29,10
132,www.geniuxx.info,Found,Subdomain,"3,677(3 / -)",302(2 / -),254,229,40,31
133,www.genzat.com,Found,Subdomain,295,91,89,85,35,2
134,www.getbookmark.info,Found,Subdomain,220(2 / -),34(1 / -),28,26,30,11
135,www.getyourgeekon.info,Found,Subdomain,"1,100",115,81,76,34,13
136,www.giantmidgets.net,Found,Subdomain,166,45,35,35,26,11
137,www.gibeo.info,Found,Subdomain,22,14,10,10,27,10
138,www.gimp.wisdomplug.com,Found,Subdomain,"11,284(1 / -)",278(1 / -),247,230,43,28
139,www.globaldomainnews.com,Found,Subdomain,"2,530",157,141,134,29,7
140,www.globalmixx.com,Found,Subdomain,445,86,66,64,39,13
141,www.globberstack.com,Found,Subdomain,"1,635",178,126,120,28,16
142,www.gluido.com,Found,Subdomain,215,35,33,31,24,12
143,www.gnews.me,Found,Subdomain,"3,282(11 / -)",457(4 / -),430,360,33,19
144,www.go4pr.de,Found,Subdomain,"16,475(9 / 1)","1,592(7 / 1)","1,239","1,049",48,21
145,www.gobookmarkengine.co.cc,Found,Subdomain,"1,001(- / 1)",33(- / 1),30,30,21,6
146,www.gobookmarks.info,Found,Subdomain,"1,812(1 / -)",137(1 / -),125,113,28,10
147,www.goboom4i.com,Found,Subdomain,"82,759(8 / -)",593(6 / -),543,466,36,25
148,www.godiggz.com,Found,Subdomain,"3,534(27 / -)",103(2 / -),88,81,29,21
149,www.goodwebsubmit.com,Found,Subdomain,"16,447(246 / 1)","1,682(18 / 1)","1,194",985,39,15
150,www.goofit.com,Found,Subdomain,"6,170(5 / -)",406(2 / -),303,269,42,20
1,www.goomadigg.com,Found,Subdomain,248(1 / -),98(1 / -),96,94,25,9
2,www.gosocialsubmit.com,Found,Subdomain,778,174,150,138,29,11
3,www.gotagged.com,Found,Subdomain,"16,527(83 / -)","1,299(9 / -)",904,775,39,22
4,www.gotdofollow.com,Found,Subdomain,29,16,16,16,23,-
5,www.gotvarskirecepti.eu,Found,Subdomain,147,50,41,39,25,14
6,www.graphic-design-links.com,Found,Subdomain,"24,648(2 / -)",565(2 / -),455,417,48,31
7,www.greatbookmarking.info,Found,Subdomain,174,35,31,31,31,15
8,www.greedyblackduck.info,Found,Subdomain,24,11,10,10,25,1
9,www.greekshout.com,Found,Subdomain,451(2 / -),119(2 / -),112,104,37,7
10,www.greekvlog.com,Found,Subdomain,801(2 / -),207(1 / -),190,172,39,22
11,www.greenolla.com,Found,Subdomain,"1,014(1 / -)",114(1 / -),101,97,30,8
12,www.group-technical.com,Found,Subdomain,423,81,54,53,31,6
13,www.gta-ivo.yoyo.pl,Found,Subdomain,22,13,12,12,22,11
14,www.guardar.com.br,Found,Subdomain,40,9,8,8,21,-
15,www.guidedigg.com,Found,Subdomain,"17,185(153 / -)",939(7 / -),776,660,36,19
16,www.guinness416.com,Found,Subdomain,"2,915",86,75,66,29,15
17,www.gulfbookmark.com,Found,Subdomain,"4,053(8 / 3)",132(3 / 1),106,102,35,7
18,www.gulfcorp.co.nz,Found,Subdomain,219,82,65,62,27,26
19,www.h69h.com,Found,Subdomain,"12,181",49,44,42,34,11
20,www.habardar.com,Found,Subdomain,462,81,71,71,35,8
21,www.hackenstation.com,Found,Subdomain,42,14,12,12,27,16
22,www.hagader.com,Found,Subdomain,974(3 / -),296(1 / -),282,253,39,21
23,www.haitipam.com,Found,Subdomain,"2,895(1 / -)",358(1 / -),311,279,32,15
24,www.halili.de,Found,Subdomain,869(6 / -),100(4 / -),93,89,34,23
25,www.halloweencostumevoting.com,Found,Subdomain,502,22,21,21,24,10
26,www.hardboiledrecords.com,Found,Subdomain,"2,838",36,31,28,27,26
27,www.hartridge.co.nz,Found,Subdomain,286(1 / -),88(1 / -),76,73,27,18
28,www.haznoticia.com,Found,Subdomain,488,137,130,121,30,14
29,www.hdhound.com,Found,Subdomain,"11,051(22 / -)","1,008(6 / -)",834,702,53,18
30,www.headlines.co.il,Found,Subdomain,"3,047(1 / -)",140(1 / -),82,82,37,13
31,www.headusnext.com,Found,Subdomain,"2,984(1 / -)",316(1 / -),269,247,31,15
32,www.healthadvantages.org,Found,Subdomain,"2,077",238,215,192,30,11
33,www.healthaz.info,Found,Subdomain,"2,130",168,155,145,40,22
34,www.healthranker.info,Found,Subdomain,24,14,10,10,28,10
35,www.healthsuggestion.com,Found,Subdomain,217,8,7,7,24,7
36,www.healthygossip.com,Found,Subdomain,"23,097(179 / -)","2,151(11 / -)","1,619","1,348",46,17
37,www.healthyvcare.com,Found,Subdomain,"2,539(1 / -)",223(1 / -),198,186,31,5
38,www.hee-japan.co.cc,Found,Subdomain,117,51,48,46,24,2
39,www.hi8r.com,Found,Subdomain,1,1,1,1,19,-
40,www.highschoolheadlines.com,Found,Subdomain,"1,290(9 / -)",60(1 / -),56,54,34,13
41,www.hightechgeek.net,Found,Subdomain,42,23,23,23,32,6
42,www.hillera.com,Found,Subdomain,"2,122(2 / -)",292(1 / -),247,222,33,11
43,www.himdhara.in,Found,Subdomain,845(1 / -),65(1 / -),63,60,26,10
44,www.hirpalota.hu,Found,Subdomain,74,26,19,17,23,15
45,www.hit.web.tr,Found,Subdomain,"5,853(2 / -)",395(2 / -),338,301,44,15
46,www.hitmarks.com,Found,Subdomain,"8,659(1 / -)",505(1 / -),471,426,35,17
47,www.hitmarks.info,Found,Subdomain,24,14,10,10,28,10
48,www.homolinko.com,Found,Subdomain,202(1 / -),38(1 / -),37,37,25,6
49,www.horse-topics.com,Found,Subdomain,118,14,13,12,23,-
50,www.hospitalsthailand.com,Found,Subdomain,121,34,19,12,33,19
51,www.hostigg.com,Found,Subdomain,183,38,32,32,27,19
52,www.hosting-tower.com,Found,Subdomain,-,-1,-,-,-,-
53,www.host-technical.com,Found,Subdomain,900,72,46,44,35,11
54,www.hotblogornot.com,Found,Subdomain,"3,111(1 / -)",165(1 / -),153,143,34,16
55,www.hot-bookmarks.de,Found,Subdomain,"9,942(2 / 4)","1,292(2 / 2)",892,774,38,27
56,www.hotdealsnsteals.com,Found,Subdomain,"9,692(19 / -)",893(5 / -),702,607,36,16
57,www.hotdealswindow.com,Found,Subdomain,60,19,8,8,22,10
58,www.hotdofollow.info,Found,Subdomain,38,17,17,17,29,14
59,www.hotelategypt.com,Found,Subdomain,309,70,67,62,36,7
60,www.hotelcorralejobeach.com,Found,Subdomain,987(1 / -),82(1 / -),73,68,28,7
61,www.hotindianstartups.com,Found,Subdomain,"5,177(7 / -)",579(5 / -),493,430,35,19
62,www.hotmarkr.com,Found,Subdomain,"117,171",126,87,85,39,14
63,www.hotportal.com,Found,Subdomain,30,23,19,18,23,-
64,www.hotscripts.ro,Found,Subdomain,"28,117(49 / 2)","1,913(16 / 2)","1,420","1,177",38,26
65,www.hottrit.com,Found,Subdomain,"4,487(3 / -)",470(3 / -),391,356,37,14
66,www.howtostuff.co.nz,Found,Subdomain,714,99,89,86,30,16
67,www.html5collect.net,Found,Subdomain,6,6,6,4,19,6
68,www.hubbookmarks.com,Found,Subdomain,"16,838",66,59,54,34,8
69,www.hugocelsoalmeida.com,Found,Subdomain,-,-1,-,-,-,-
70,www.huip.de,Found,Subdomain,"97,989(7 / -)",977(3 / -),833,686,47,33
71,www.humanbodyonline.us,Found,Subdomain,228,45,44,43,24,-
72,www.hypesol.info,Found,Subdomain,53,20,15,15,26,12
73,www.hztnt.com,Found,Subdomain,105,38,29,27,30,24
74,www.iaddfriends.com,Found,Subdomain,184,33,32,32,25,10
75,www.ibabedb.com,Found,Subdomain,54,28,23,21,27,15
76,www.ibookmarks.com.nu,Found,Subdomain,1,1,1,1,-,-
77,www.ibookmarks.info,Found,Subdomain,"6,048",416,356,318,41,11
78,www.icecoldnews.com,Found,Subdomain,49,33,31,31,24,15
79,www.idbiquity.com,Found,Subdomain,"14,386(43 / 2)",892(5 / 2),703,595,35,11
80,www.id-catalyst.com,Found,Subdomain,54,33,27,26,26,6
81,www.idigit.net,Found,Subdomain,"16,992(18 / 13)","1,223(10 / 1)",903,756,35,15
82,www.i-favoriten.de,Found,Subdomain,"42,920(38 / -)",970(12 / -),779,670,46,35
83,www.ifresh.cz,Found,Subdomain,"27,654(14 / 4)",334(7 / 1),272,250,32,23
84,www.ijeed.com,Found,Subdomain,"16,921(6 / -)",272(1 / -),220,197,39,24
85,www.illustrated-world.com,Found,Subdomain,"3,053",158,150,136,29,12
86,www.imleme.net,Found,Subdomain,121,41,39,36,24,7
87,www.imlerim.com,Found,Subdomain,223,68,58,53,38,15
88,www.imod.pl,Found,Subdomain,"2,577",278,231,207,43,10
89,www.im-post.com,Found,Subdomain,"5,240(7 / -)",667(4 / -),549,475,34,21
90,www.inappads.com,Found,Subdomain,51,33,24,24,32,7
91,www.include-link.webovka.eu,Found,Subdomain,18,9,5,5,-,-
92,www.indbuzz.com,Found,Subdomain,"3,457(12 / 4)",867(9 / 1),531,489,46,11
93,www.indexbookmarks.info,Found,Subdomain,"1,045(1 / -)",139(1 / -),129,118,30,6
94,www.indexhood.info,Found,Subdomain,53,20,15,15,24,12
95,www.indexyoursite.com,Found,Subdomain,"9,860(2 / -)",167(2 / -),149,140,41,23
96,www.indiabit.com,Found,Subdomain,674,104,96,91,27,3
97,www.indiaintell.com,Found,Subdomain,673,45,42,42,25,4
98,www.indianewscast.com,Found,Subdomain,"7,338(1 / -)",666(1 / -),499,437,43,27
99,www.indianpick.com,Found,Subdomain,884,150,132,127,29,18
100,www.indiaprimeproperties.com,Found,Subdomain,17,8,8,8,21,6
101,www.indiasurfer.com,Found,Subdomain,"3,104(- / 2)",356(- / 1),309,272,38,21
102,www.indice.it,Found,Subdomain,"4,640",114,95,81,37,26
103,www.indifox.com,Found,Subdomain,677(2 / -),128(2 / -),123,118,28,18
104,www.indobookmark.com,Found,Subdomain,"4,543",200,177,163,42,14
105,www.indyaaa.com,Found,Subdomain,87,14,14,14,23,3
106,www.info24h.org,Found,Subdomain,108,27,27,25,25,2
107,www.infoawl.com,Found,Subdomain,"28,490(17 / 2)","1,164(6 / 1)",932,812,36,21
108,www.infocuts.com,Found,Subdomain,"17,074(22 / 1)","1,877(11 / 1)","1,569","1,274",41,20
109,www.info-gambling.co.uk,Found,Subdomain,"40,439(57 / 3)","1,445(14 / 1)","1,106",923,37,17
110,www.infohyip.com,Found,Subdomain,19,8,7,7,20,15
111,www.info-net.co.cc,Found,Subdomain,43,27,25,25,23,-
112,www.infor24.info,Found,Subdomain,"1,630(7 / -)",178(2 / -),112,109,42,12
113,www.informiruem.info,Found,Subdomain,71,45,43,42,32,11
114,www.info-ticker.de,Found,Subdomain,"11,851(1 / -)",393(1 / -),302,261,44,30
115,www.inibaruberita.com,Found,Subdomain,"2,479",102,94,87,28,7
116,www.inrous.com,Found,Subdomain,"3,668(4 / -)",454(4 / -),405,357,35,14
117,www.insertcoins.be,Found,Subdomain,"37,710(1 / -)",448(1 / -),394,360,34,19
118,www.insidercareers.com,Found,Subdomain,"21,960(6 / -)",388(2 / -),331,297,33,16
119,www.intelimkt.com,Found,Subdomain,"1,595(2 / -)",120(2 / -),117,106,28,12
120,www.interdigg.info,Found,Subdomain,60,24,19,19,31,13
121,www.interiorinsider.com,Found,Subdomain,"32,753(24 / 1)","2,094(19 / 1)","1,658","1,381",39,18
122,www.internationalbookmark.info,Found,Subdomain,"6,632",68,62,61,34,15
123,www.internationalbookmarking.info,Found,Subdomain,239,84,80,77,35,14
124,www.internationalbookmarks.info,Found,Subdomain,56,41,36,36,32,10
125,www.internetdruckerei.net,Found,Subdomain,"2,482",66,60,59,32,7
126,www.internetmedia.hu,Found,Subdomain,"33,433(7 / -)",281(3 / -),240,217,31,26
127,www.internetserver1.com,Found,Subdomain,11,8,8,8,21,6
128,www.inter-stilist.de,Found,Subdomain,843(3 / -),209(1 / -),191,176,29,16
129,www.inturfax.ru,Found,Subdomain,1,1,1,1,17,-
130,www.investingtopix.com,Found,Subdomain,"8,650(6 / -)",397(1 / -),319,286,37,12
131,www.investseeker.com,Found,Subdomain,211,73,64,64,38,18
132,www.iowacitythinktank.org,Found,Subdomain,6,4,4,4,25,-
133,www.iphonemarketplace.com,Found,Subdomain,"4,165(2 / 1)",217(2 / 1),200,190,36,7
134,www.iphonewishbook.com,Found,Subdomain,7,4,4,4,22,2
135,www.ipodandiphone.net,Found,Subdomain,36,16,16,16,23,3
136,www.irejection.com,Found,Subdomain,"19,302(5 / -)",910(4 / -),761,644,35,11
137,www.irishbookmark.com,Found,Subdomain,"2,327(3 / -)",333(3 / -),285,257,41,15
138,www.irishbookmarks.com,Found,Subdomain,18,16,13,13,23,6
139,www.isitbadif.com,Found,Subdomain,10,6,5,5,23,-
140,www.israelflash.com,Found,Subdomain,"3,456(1 / -)",156(1 / -),128,118,41,15
141,www.itafoo.com,Found,Subdomain,"13,888(6 / -)",507(2 / -),413,363,40,11
142,www.itagz.info,Found,Subdomain,789(1 / -),152(1 / -),138,129,39,6
143,www.italianpeople.com,Found,Subdomain,22,10,10,10,22,9
144,www.italy123.co.cc,Found,Subdomain,266(1 / -),48(1 / -),45,44,26,10
145,www.itemcaster.com,Found,Subdomain,536,15,14,14,33,12
146,www.ithemes.org,Found,Subdomain,"6,642",132,124,120,29,23
147,www.itrackthatsite.com,Found,Subdomain,"1,666",177,165,156,34,14
148,www.itsfreetoday.com,Found,Subdomain,49,19,15,15,26,-
149,www.itsfunny.net,Found,Subdomain,"1,924",45,44,44,34,3
150,www.itta-mms.com,Found,Subdomain,593,103,97,93,38,10
1,www.jackool.info,Found,Subdomain,24,14,11,11,27,10
2,www.jackpea.com,Found,Subdomain,"3,271(8 / -)",274(3 / -),228,217,33,15
3,www.jackpea.info,Found,Subdomain,142,34,28,28,28,12
4,www.japanza.co.cc,Found,Subdomain,"4,015",77,68,67,21,17
5,www.java-technical.com,Found,Subdomain,"1,436",121,88,88,34,11
6,www.jenifersamaha.com,Found,Subdomain,107,37,29,26,25,10
7,www.jetclass-models.com,Found,Subdomain,213,18,17,17,23,10
8,www.jetmarks.info,Found,Subdomain,19,11,7,7,28,10
9,www.jeuxcasinoenfrancais.com,Found,Subdomain,"2,144",45,31,30,37,16
10,www.jewishnewsdaily.com,Found,Subdomain,"12,191(3 / -)",207(1 / -),177,162,36,28
11,www.jewsweek.com,Found,Subdomain,"6,864(11 / 3)",918(7 / 1),756,679,36,32
12,www.jezyki.w8w.pl,Found,Subdomain,626(3 / -),156(2 / -),144,133,14,10
13,www.jheadlines.com,Found,Subdomain,28,17,15,15,24,12
14,www.jimena-navarrete.com,Found,Subdomain,249,74,74,70,35,9
15,www.jimmys.de,Found,Subdomain,350(2 / -),73(2 / -),70,68,27,7
16,www.jjdolls.com,Found,Subdomain,377,72,68,67,27,16
17,www.jkbookmarks.com,Found,Subdomain,"66,454(10 / -)","1,158(8 / -)",848,713,40,18
18,www.jn27.net,Found,Subdomain,923,127,117,111,29,18
19,www.jobdigg.co.cc,Found,Subdomain,23,14,13,13,23,-
20,www.jobsdigg.com,Found,Subdomain,"9,289",233,199,185,40,35
21,www.joe.com.ar,Found,Subdomain,171,41,33,32,28,13
22,www.jokesforheroes.com,Found,Subdomain,"1,561",210,201,188,30,12
23,www.jokorati.com,Found,Subdomain,7,7,7,7,21,6
24,www.jonular.net,Found,Subdomain,"2,299",344,315,275,33,22
25,www.joomlanews.ro,Found,Subdomain,"9,116(74 / 1)",877(6 / 1),620,537,40,25
26,www.joomlavote.com,Found,Subdomain,"88,746",179,138,128,42,35
27,www.joontz.com,Found,Subdomain,890,209,202,188,34,22
28,www.joseluispretto.com,Found,Subdomain,"8,303(2 / -)",384(2 / -),341,304,47,22
29,www.journalduwebdesign.com,Found,Subdomain,55,34,30,30,24,6
30,www.joyde.com,Found,Subdomain,334,45,44,44,27,6
31,www.joyoge.com,Found,Subdomain,"20,275(1 / 5)",569(1 / 1),494,423,51,29
32,www.jquerylink.com,Found,Subdomain,961,160,141,138,29,6
33,www.juglur.com,Found,Subdomain,92(1 / -),34(1 / -),32,32,24,7
34,www.jum.hu,Found,Subdomain,"1,975(4 / -)",432(3 / -),356,321,41,14
35,www.jumbobookmarks.com,Found,Subdomain,"44,822(233 / 18)","2,406(21 / 4)","1,884","1,568",42,23
36,www.just4magic.co.cc,Found,Subdomain,14,9,9,9,21,5
37,www.just4usa.info,Found,Subdomain,"11,777(20 / -)",733(7 / -),550,487,41,17
38,www.just999.com,Found,Subdomain,83,40,17,16,24,25
39,www.just-bloom.com,Found,Subdomain,172,35,27,25,29,22
40,www.justbookmarks.info,Found,Subdomain,24,14,14,12,22,6
41,www.justrage.com,Found,Subdomain,"2,193(9 / -)",221(2 / -),176,172,36,30
42,www.juwarat.com,Found,Subdomain,"1,100",131,126,116,31,7
43,www.jxfishing.net,Found,Subdomain,73,25,19,17,28,14
44,www.kabuls.info,Found,Subdomain,"1,063(3 / -)",176(2 / -),152,141,38,15
45,www.kajamite.com,Found,Subdomain,14,8,8,8,22,6
46,www.kakirock.co.cc,Found,Subdomain,451,97,90,84,28,12
47,www.kaltara.net,Found,Subdomain,"1,183",110,107,103,29,13
48,www.kanis.cc,Found,Subdomain,329,51,49,48,26,24
49,www.kannikar.com,Found,Subdomain,"80,981(110 / 2)","3,731(33 / 1)","2,359","1,887",42,25
50,www.kapely.net,Found,Subdomain,"1,420",351,310,294,32,16
51,www.karma-now.net,Found,Subdomain,201(4 / -),100(1 / -),95,93,27,7
52,www.kategolink.com,Found,Subdomain,557,166,134,124,37,14
53,www.kauytokyo.co.cc,Found,Subdomain,433,63,56,55,25,10
54,www.kazinoo.com,Found,Subdomain,29,18,16,16,35,16
55,www.keepyourbookmarks.info,Found,Subdomain,39,17,16,14,23,6
56,www.keepyup.net,Found,Subdomain,"25,672(87 / 1)",725(4 / 1),561,482,44,15
57,www.kejartayang.com,Found,Subdomain,34(1 / -),19(1 / -),16,16,23,6
58,www.kelabit.org,Found,Subdomain,921(2 / -),41(2 / -),39,34,26,16
59,www.kentree.org,Found,Subdomain,805(5 / -),141(4 / -),125,118,28,6
60,www.kfz-gratis.com,Found,Subdomain,"7,241(2 / 2)",71(2 / 1),65,60,36,24
61,www.khmer2.com,Found,Subdomain,"27,088(22 / 1)","1,584(12 / 1)","1,081",907,37,17
62,www.kidnappedgnomes.com,Found,Subdomain,"1,213(1 / -)",58(1 / -),37,36,32,7
63,www.kiefit.com,Found,Subdomain,"31,567(50 / -)","3,632(25 / -)","2,573","2,068",41,25
64,www.kieruneksukces.pl,Found,Subdomain,"1,197(1 / -)",231(1 / -),216,197,30,19
65,www.kilian.shareyourweb.com,Found,Subdomain,10,6,6,6,21,-
66,www.kirimberita.net,Found,Subdomain,81,8,4,4,22,10
67,www.kitty-girl.com,Found,Subdomain,104,29,25,25,33,15
68,www.k-kitten.net,Found,Subdomain,88,27,20,18,35,15
69,www.kledy.co.uk,Found,Subdomain,"56,898(44 / -)","2,126(17 / -)","1,541","1,247",48,18
70,www.kledy.de,Found,Subdomain,"3,354,627(20,557 / -)","6,858(28 / -)","3,730","2,443",62,56
71,www.kledy.es,Found,Subdomain,"44,519(6 / -)",876(2 / -),598,530,47,16
72,www.kledy.eu,Found,Subdomain,"83,104(8 / -)","1,230(6 / -)",926,780,47,22
73,www.kledy.us,Found,Subdomain,"70,702(19 / -)","1,278(6 / -)",928,803,46,18
74,www.klick-ok.de,Found,Subdomain,"11,361(6 / -)","1,478(4 / -)","1,147",952,44,22
75,www.klickstdu.de,Found,Subdomain,206,62,59,54,28,25
76,www.knil.it,Found,Subdomain,"11,320(28 / -)","1,535(8 / -)","1,093",926,45,20
77,www.knowlinks.com,Found,Subdomain,32,18,17,15,23,6
78,www.knoxvillespeaks.com,Found,Subdomain,90,45,45,43,34,10
79,www.kodebox.com,Found,Subdomain,11,5,5,5,21,9
80,www.kojaxx.com,Found,Subdomain,"102,557(248 / 1)","2,277(18 / 1)","1,644","1,322",42,20
81,www.konya42.tk,Found,Subdomain,245,106,102,97,28,6
82,www.konyarss.tk,Found,Subdomain,162,55,51,48,26,10
83,www.koollinks.info,Found,Subdomain,8,4,3,3,22,7
84,www.koreantopnews.com,Found,Subdomain,"1,591",255,210,200,40,26
85,www.krazybling.com,Found,Subdomain,44,8,7,7,20,3
86,www.ksiegafirm.pl,Found,Subdomain,"16,929(4 / -)",157(3 / -),148,139,29,18
87,www.kugkig.com,Found,Subdomain,992(2 / -),254(1 / -),228,202,31,15
88,www.kukoola.com,Found,Subdomain,403(1 / -),51(1 / -),50,47,31,10
89,www.kumka.pl,Found,Subdomain,"4,459(2 / -)",349(2 / -),308,271,40,14
90,www.kwoff.com,Found,Subdomain,"546,357(39 / 26)","2,278(14 / 5)","1,803","1,533",49,36
91,www.kyo-clip.com,Found,Subdomain,73,30,28,28,24,11
92,www.lacesocial.info,Found,Subdomain,522(2 / -),164(2 / -),150,132,30,6
93,www.langitberita.com,Found,Subdomain,"6,294(5 / -)",340(2 / -),165,157,41,20
94,www.latestbookmarks.com,Found,Subdomain,"7,245(11 / -)",928(8 / -),687,593,44,21
95,www.latestnews.co.in,Found,Subdomain,688,100,92,86,35,19
96,www.latestsdigg.info,Found,Subdomain,59,27,27,27,33,5
97,www.lathropcity.com,Found,Subdomain,232,71,62,61,27,14
98,www.lattehead.com,Found,Subdomain,"1,849(2 / -)",219(2 / -),195,180,30,12
99,www.lawdigg.com,Found,Subdomain,138,62,60,58,26,14
100,www.lawgregate.com,Found,Subdomain,"14,038(3 / -)",788(3 / -),534,453,33,15
101,www.leetelo.com,Found,Subdomain,115,30,25,23,29,14
102,www.leftmyheart.org,Found,Subdomain,272,68,54,52,35,21
103,www.legalblogger.com,Found,Subdomain,"18,720",123,103,102,43,23
104,www.legalnewsdesk.co.uk,Found,Subdomain,"4,101(5 / -)",401(2 / -),361,313,33,13
105,www.lehey.com,Found,Subdomain,43,9,7,7,26,3
106,www.lensroll.com,Found,Subdomain,"4,257",315,264,251,41,31
107,www.lerveit.com,Found,Subdomain,-,-1,-,-,-,-
108,www.lesbiangardens.net,Found,Subdomain,30,19,14,14,23,22
109,www.lescommunistes.net,Found,Subdomain,802(2 / -),118(2 / -),102,94,31,19
110,www.lesliewebs.com,Found,Subdomain,245,107,103,92,28,12
111,www.letscash.com,Found,Subdomain,6,6,6,6,21,-
112,www.letusbookmark.info,Found,Subdomain,620(1 / -),45(1 / -),37,33,42,12
113,www.lifeinnews.com,Found,Subdomain,543,118,102,102,28,15
114,www.lights-fr.com,Found,Subdomain,39,20,19,19,25,17
115,www.likeley.com,Found,Subdomain,"10,307(9 / 1)",976(7 / 1),717,633,42,13
116,www.likemob.net,Found,Subdomain,4,2,2,2,19,-
117,www.limca.info,Found,Subdomain,"45,096(2 / -)",451(2 / -),388,358,36,21
118,www.link.seoofindia.com,Found,Subdomain,"1,259(3 / -)",210(1 / -),183,174,29,15
119,www.linkables.info,Found,Subdomain,"2,348(9 / -)",437(5 / -),384,346,37,11
120,www.linka-me.com,Found,Subdomain,359,60,47,46,31,18
121,www.linkarena.sk,Found,Subdomain,101,38,36,36,26,14
122,www.linkbookmarks.info,Found,Subdomain,681,107,99,90,28,7
123,www.link-boost.de,Found,Subdomain,"4,510",11,10,10,28,21
124,www.linkbottom.mojjo.se,Found,Subdomain,2,2,2,2,19,-
125,www.linkbuildingmatters.com,Found,Subdomain,493,94,86,82,26,8
126,www.linkcite.com,Found,Subdomain,67,20,19,18,24,15
127,www.linkcube.de,Found,Subdomain,"22,526(3 / 2)",785(2 / 2),656,579,36,24
128,www.linkerbook.com,Found,Subdomain,"5,533(4 / -)",668(4 / -),580,493,34,17
129,www.linkfav.com,Found,Subdomain,287,16,13,13,23,5
130,www.linkhole.info,Found,Subdomain,59,47,45,44,33,12
131,www.linkingshell.com,Found,Subdomain,"1,379",76,70,64,28,6
132,www.linkintrip.com,Found,Subdomain,242(1 / -),38(1 / -),37,37,29,12
133,www.linkne.ws,Found,Subdomain,113,58,56,56,25,14
134,www.linkopedi.com,Found,Subdomain,443,29,26,26,24,22
135,www.linkorati.info,Found,Subdomain,340,144,119,109,30,7
136,www.linkpage.uni.cc,Found,Subdomain,5(1 / -),4(1 / -),4,4,17,13
137,www.linkpopo.com,Found,Subdomain,"15,404(206 / -)","1,873(18 / -)","1,357","1,102",45,16
138,www.linkpusher.com,Found,Subdomain,96,41,38,38,25,17
139,www.linkr.hu,Found,Subdomain,235,49,29,27,24,18
140,www.linkreview.de,Found,Subdomain,"3,997(1 / -)",243(1 / -),185,154,34,21
141,www.linkroll.info,Found,Subdomain,19,12,9,9,27,10
142,www.links2share.com,Found,Subdomain,"5,407(1 / -)",358(1 / -),291,268,31,12
143,www.linksblot.info,Found,Subdomain,46,23,21,20,25,5
144,www.linkschain.info,Found,Subdomain,581(19 / 2),117(5 / 1),105,96,34,9
145,www.linksection.info,Found,Subdomain,"1,305",21,20,17,25,7
146,www.linksgutter.com,Found,Subdomain,"12,613(153 / -)",703(6 / -),538,485,52,24
147,www.linksmarker.info,Found,Subdomain,410(3 / -),148(2 / -),122,114,28,10
148,www.linksmaximizer.info,Found,Subdomain,738(6 / -),220(3 / -),189,176,31,14
149,www.linksnapr.com,Found,Subdomain,37,18,17,15,23,10
150,www.linkspage.cz.cc,Found,Subdomain,2,2,2,2,1,-
1,www.linksprocket.com,Found,Subdomain,"21,441(10 / -)","1,367(9 / -)","1,110",946,43,22
2,www.linksroll.info,Found,Subdomain,990,109,96,87,28,10
3,www.linksspot.info,Found,Subdomain,756,146,137,122,28,7
4,www.linkswire.info,Found,Subdomain,555,46,44,40,26,5
5,www.linktail.info,Found,Subdomain,53(1 / -),30(1 / -),30,30,30,6
6,www.linktales.co.cc,Found,Subdomain,"3,693(3 / -)",410(3 / -),357,328,32,14
7,www.linktip.dk,Found,Subdomain,6,6,6,6,21,-
8,www.linkupsearch.com,Found,Subdomain,246,48,47,43,26,9
9,www.linkvote.info,Found,Subdomain,21,12,8,8,27,10
10,www.linkz4pr.info,Found,Subdomain,596,94,77,68,43,17
11,www.linkzroll.info,Found,Subdomain,"2,943(3 / -)",391(2 / -),293,256,42,16
12,www.linpligg.com,Found,Subdomain,"7,010(88 / -)",118(1 / -),109,94,29,23
13,www.listedbookmarks.com,Found,Subdomain,120,64,62,59,27,-
14,www.listenme.co.cc,Found,Subdomain,27,20,19,19,23,-
15,www.listitsocial.com,Found,Subdomain,907(- / 1),136(- / 1),118,109,29,7
16,www.listmarker.info,Found,Subdomain,772,82,75,71,26,6
17,www.listmint.com,Found,Subdomain,497(1 / -),84(1 / -),79,76,28,13
18,www.listnext.info,Found,Subdomain,"1,103(1 / -)",215(1 / -),188,177,37,14
19,www.listoffood.com,Found,Subdomain,"30,957(67 / -)","1,795(17 / -)","1,229","1,011",47,21
20,www.listpost.info,Found,Subdomain,"1,481(3 / -)",294(3 / -),251,222,42,11
21,www.listpostings.info,Found,Subdomain,"1,610",146,128,120,31,6
22,www.listweb.info,Found,Subdomain,"14,612(11 / 27)",561(6 / 1),415,356,44,10
23,www.listyourlink.info,Found,Subdomain,404,64,46,43,45,11
24,www.listyoururl.com,Found,Subdomain,303(1 / -),106(1 / -),93,83,28,15
25,www.littleguybigbucks.com,Found,Subdomain,83,27,26,26,28,3
26,www.littlesaint.ca,Found,Subdomain,930,161,152,143,29,10
27,www.livebookmark.info,Found,Subdomain,341,77,72,69,26,6
28,www.livebookmarking.info,Found,Subdomain,171,39,34,34,32,14
29,www.livebr.net46.net,Found,Subdomain,10,7,6,6,-,-
30,www.live-daylights.com,Found,Subdomain,7,4,3,3,21,-
31,www.livepc.it,Found,Subdomain,"2,370",116,107,81,41,21
32,www.livesocial.info,Found,Subdomain,"4,105(4 / -)",496(4 / -),395,350,48,17
33,www.lmga.net,Found,Subdomain,"9,208(3 / -)",334(2 / -),299,257,39,15
34,www.loanbookmark.com,Found,Subdomain,"1,254(- / 3)",193(- / 1),178,169,39,15
35,www.location-net.com,Found,Subdomain,282,46,45,44,26,12
36,www.loftishomes.com,Found,Subdomain,701,15,8,7,23,6
37,www.lognieuws.nl,Found,Subdomain,"5,211(7 / -)",357(1 / -),296,271,32,20
38,www.londonweekendjobs.com,Found,Subdomain,183,16,15,15,24,14
39,www.lookday.de,Found,Subdomain,"22,790(176 / 1)","2,053(12 / 1)","1,595","1,295",45,23
40,www.lookmarks.info,Found,Subdomain,351,81,74,70,26,7
41,www.losmedieros.com,Found,Subdomain,"5,870(5 / -)",560(4 / -),456,400,34,12
42,www.luckdee.com,Found,Subdomain,"4,586(1 / -)",171(1 / -),148,135,29,17
43,www.luttesport.info,Found,Subdomain,11,7,6,6,25,22
44,www.luxbro.com,Found,Subdomain,"2,825(2 / -)",245(2 / -),224,204,35,17
45,www.maandiko.de,Found,Subdomain,"2,100(177 / -)",335(3 / -),308,278,44,22
46,www.made-in-saratov.ru,Found,Subdomain,353,34,30,30,24,12
47,www.magicdigg.com,Found,Subdomain,857,140,132,123,28,11
48,www.mahmouddarweesh.info,Found,Subdomain,"4,698(4 / 1)",610(2 / 1),552,498,43,11
49,www.makeitsocial.info,Found,Subdomain,"1,033(4 / -)",236(3 / -),198,183,34,6
50,www.malayalams.com,Found,Subdomain,9,7,7,7,22,15
51,www.malaysian-blog.com,Found,Subdomain,137,16,16,16,23,-
52,www.malaysiastory.com,Found,Subdomain,"38,073(95 / -)",316(1 / -),230,219,35,20
53,www.mambopark.com,Found,Subdomain,"4,395",82,71,66,42,27
54,www.mandajuegos.es,Found,Subdomain,1,1,1,1,17,-
55,www.marathisuchi.com,Found,Subdomain,"12,201",95,72,66,41,25
56,www.marcombuzz.com,Found,Subdomain,37(2 / -),19(1 / -),19,19,23,14
57,www.markednews.info,Found,Subdomain,"8,159(5 / 1)",461(4 / 1),319,282,45,15
58,www.markeralize.info,Found,Subdomain,"1,892(3 / -)",224(2 / -),204,190,30,7
59,www.marketguild.com,Found,Subdomain,348,113,94,90,28,11
60,www.marketingautomationresources.com,Found,Subdomain,128(2 / -),61(1 / -),60,59,25,2
61,www.marketingtaledig2.co.cc,Found,Subdomain,165,17,17,17,19,-
62,www.markirai.com,Found,Subdomain,9,8,8,8,22,2
63,www.markonweb.info,Found,Subdomain,"1,449",127,78,75,43,17
64,www.markposts.info,Found,Subdomain,20,12,12,9,22,6
65,www.marksocial.info,Found,Subdomain,"2,567",359,298,269,38,11
66,www.markurl.info,Found,Subdomain,"4,181(134 / -)",557(6 / -),409,360,44,17
67,www.markurls.info,Found,Subdomain,22,14,10,10,27,10
68,www.marmota.com.pl,Found,Subdomain,-,-1,-,-,-,-
69,www.mashuplinks.info,Found,Subdomain,"2,937",217,164,153,38,12
70,www.masterbookmark.com,Found,Subdomain,121(2 / -),67(1 / -),66,64,25,14
71,www.masterlinking.com,Found,Subdomain,"1,255",185,141,129,36,17
72,www.mavendo.info,Found,Subdomain,22,1,1,1,17,-
73,www.maximizesocial.info,Found,Subdomain,33,24,24,23,24,10
74,www.mayavideotutorials.com,Found,Subdomain,28,17,14,13,22,-
75,www.meanstraffic.com,Found,Subdomain,"9,030(39 / -)",857(7 / -),642,569,45,23
76,www.medanmark.co.cc,Found,Subdomain,4,4,4,4,17,-
77,www.mediablog.cz,Found,Subdomain,"132,282",352,267,220,41,27
78,www.mediadofollow.info,Found,Subdomain,193,46,45,45,26,14
79,www.mediamonstor.com,Found,Subdomain,1,1,1,1,23,-
80,www.mediaoptimize.info,Found,Subdomain,"123,002(66 / 1)","3,641(34 / 1)","2,186","1,740",53,17
81,www.mediazimut.com,Found,Subdomain,134(1 / -),74(1 / -),72,70,26,2
82,www.medic.al,Found,Subdomain,21,13,13,11,22,6
83,www.medicalschoolresources.com,Found,Subdomain,306(5 / -),37(2 / -),30,29,25,15
84,www.meedigg.com,Found,Subdomain,150,28,26,25,24,9
85,www.megabookmarks.com,Found,Subdomain,412(1 / -),75(1 / -),69,62,26,6
86,www.megamontage.com,Found,Subdomain,"1,290(1 / -)",74(1 / -),55,52,34,11
87,www.megamosaic.com,Found,Subdomain,424,72,57,52,32,6
88,www.megaroll.info,Found,Subdomain,610,180,142,130,44,16
89,www.meine-bookmarks.info,Found,Subdomain,"12,437(12 / 1)","1,382(9 / 1)",947,803,36,16
90,www.meine-sportnews.de,Found,Subdomain,579,130,126,120,39,19
91,www.membre.de,Found,Subdomain,"43,247(47 / -)",393(4 / -),313,286,45,29
92,www.me-molesta.com,Found,Subdomain,-,-1,-,-,-,-
93,www.meneameporno.com,Found,Subdomain,"587,282(1 / -)",747(1 / -),533,406,48,29
94,www.menjeql.com,Found,Subdomain,"1,810",137,123,118,39,16
95,www.merolinks.com,Found,Subdomain,"1,685(2 / -)",258(2 / -),237,208,36,6
96,www.meshbookmarks.com,Found,Subdomain,152,44,43,40,25,10
97,www.messedupmedia.com,Found,Subdomain,264(1 / -),63(1 / -),59,59,29,6
98,www.metamusica.com.br,Found,Subdomain,"22,185",168,161,153,47,27
99,www.metroranchero.com,Found,Subdomain,311,23,22,22,24,-
100,www.metrotagz.com,Found,Subdomain,"5,430(96 / -)",408(1 / -),341,305,33,14
101,www.m-greenhill.com,Found,Subdomain,46,22,21,21,24,16
102,www.micromanga.fr,Found,Subdomain,"1,857",45,33,32,34,19
103,www.microrival.com,Found,Subdomain,"2,054",300,266,236,31,14
104,www.mimeetings.com,Found,Subdomain,"48,147(77 / 1)","3,562(22 / 1)","2,489","1,998",54,23
105,www.minna-oishii.jp,Found,Subdomain,538,101,89,81,34,19
106,www.minota.de,Found,Subdomain,"35,178(2 / -)",382(2 / -),323,274,35,30
107,www.mintidea.com,Found,Subdomain,21(2 / -),12(1 / -),12,12,29,13
108,www.missing-person-search.com,Found,Subdomain,"3,279",187,133,127,35,20
109,www.mistakerr.com,Found,Subdomain,"6,118(1 / -)",126(1 / -),110,103,29,17
110,www.misterbuzz.in,Found,Subdomain,558(1 / -),172(1 / -),154,143,29,10
111,www.mixxbookmarks.info,Found,Subdomain,46,17,16,14,28,7
112,www.mixxz.com,Found,Subdomain,"1,945(3 / -)",266(3 / -),251,227,40,13
113,www.mmatags.com,Found,Subdomain,192(3 / -),59(2 / -),55,53,25,-
114,www.mnenia.eu,Found,Subdomain,343,57,55,51,25,14
115,www.mobicurious.com,Found,Subdomain,178,15,14,14,30,20
116,www.mobiledev360.com,Found,Subdomain,14,11,11,11,21,2
117,www.mobiletechfan.com,Found,Subdomain,202,25,17,15,23,11
118,www.modafan.com,Found,Subdomain,310,27,25,25,24,1
119,www.modellismo.eu,Found,Subdomain,"8,661",15,13,12,38,33
120,www.modern-digg.com,Found,Subdomain,288,16,12,12,25,25
121,www.mojevijesti.com,Found,Subdomain,76,37,31,31,25,16
122,www.mol.mn,Found,Subdomain,"26,654(82 / 9)","1,237(33 / 8)","1,014",904,48,53
123,www.moldfacts.net,Found,Subdomain,132,28,24,24,25,14
124,www.moldfacts.org,Found,Subdomain,"6,618(1 / -)",280(1 / -),198,179,50,17
125,www.mommycrowd.com,Found,Subdomain,491,112,105,95,28,12
126,www.momndad.gr,Found,Subdomain,"36,782(24 / -)","1,711(12 / -)","1,170",996,38,15
127,www.mom-reviewed.com,Found,Subdomain,"1,612(2 / -)",232(2 / -),202,188,30,10
128,www.monavieonice.com,Found,Subdomain,"1,662",46,44,44,26,10
129,www.mondodifficile.com,Found,Subdomain,69,18,11,11,24,11
130,www.monetapp.com,Found,Subdomain,"1,251(3 / -)",187(3 / -),168,150,30,12
131,www.m-o-n-ey.com,Found,Subdomain,"2,406",285,249,220,31,19
132,www.money-central.net,Found,Subdomain,"4,702(6 / 1)",457(5 / 1),395,346,35,10
133,www.moneydigger.co.uk,Found,Subdomain,227,48,40,39,26,14
134,www.moneydivas.com,Found,Subdomain,"2,583",141,131,116,29,11
135,www.mongoliaonline.com,Found,Subdomain,"27,136(54 / -)","2,850(16 / -)","1,819","1,520",50,28
136,www.monsterbookmarks.info,Found,Subdomain,"1,245(1 / -)",90(1 / -),65,60,40,16
137,www.moomdigg.com,Found,Subdomain,483,105,94,88,33,21
138,www.mortgage-01.com,Found,Subdomain,62,18,18,17,24,6
139,www.mostfashionable.com,Found,Subdomain,977,93,66,64,38,29
140,www.motorcyclenews.info,Found,Subdomain,"4,047(1 / 1)",200(1 / 1),176,163,30,24
141,www.mototagz.com,Found,Subdomain,848,75,52,51,32,27
142,www.mouthrage.com,Found,Subdomain,"1,370(6 / -)",284(1 / -),262,235,35,14
143,www.mozaidex.com,Found,Subdomain,697,171,165,149,29,11
144,www.mozanews.com,Found,Subdomain,"1,064(1 / -)",254(1 / -),189,172,36,17
145,www.mp3radio.cz,Found,Subdomain,12,7,7,7,21,13
146,www.mrcnetwork.it,Found,Subdomain,"18,714(1 / -)",763(1 / -),554,371,38,32
147,www.multiplybookmarks.com,Found,Subdomain,283,100,90,84,28,18
148,www.multiplylinks.com,Found,Subdomain,"4,214(9 / -)",277(2 / -),260,225,32,17
149,www.mumbailatest.com,Found,Subdomain,700,255,116,94,38,15
150,www.musclemikes.com,Found,Subdomain,"16,788",139,127,116,28,10
1,www.muslimglue.com,Found,Subdomain,114,51,45,42,29,12
2,www.mvpsummit2008.com,Found,Subdomain,"2,040",95,81,75,30,23
3,www.mwarm.com,Found,Subdomain,218,47,46,42,25,15
4,www.myblogmix.com,Found,Subdomain,"1,192",87,83,80,32,23
5,www.myblogpost.org,Found,Subdomain,"2,958(4 / -)",429(3 / -),397,338,40,15
6,www.mybookmarklet.com,Found,Subdomain,757,8,7,6,22,5
7,www.mydemocraticnation.com,Found,Subdomain,839,107,99,96,28,11
8,www.myfav.org,Found,Subdomain,"34,965(56 / 12)","1,963(21 / 2)","1,393","1,159",44,26
9,www.myfavoritemark.info,Found,Subdomain,907,20,20,20,24,-
10,www.my-favs.com,Found,Subdomain,710,132,112,100,44,21
11,www.myfethard.com,Found,Subdomain,2,1,1,1,19,-
12,www.myggo.com,Found,Subdomain,"2,851(4 / -)",476(3 / -),400,349,32,22
13,www.mygiftguide.co.uk,Found,Subdomain,"52,621(239 / 1)","2,289(22 / 1)","1,638","1,348",47,24
14,www.myhealthclips.com,Found,Subdomain,727,176,155,146,33,12
15,www.myjjs.info,Found,Subdomain,69,20,19,19,31,6
16,www.mylinkvault.info,Found,Subdomain,602,58,52,52,32,14
17,www.mynaturalhealthcare.com,Found,Subdomain,256,57,51,50,36,16
18,www.myoranj.com,Found,Subdomain,313,52,50,49,26,11
19,www.myowns.com,Found,Subdomain,64,17,17,17,33,10
20,www.myphpdugg.info,Found,Subdomain,206,57,55,51,26,7
21,www.myplingo.com,Found,Subdomain,370,18,18,18,36,11
22,www.my-scrap.com,Found,Subdomain,2,2,2,2,30,14
23,www.myseobookmarks.com,Found,Subdomain,775,159,144,134,29,11
24,www.myseobookmarks.info,Found,Subdomain,"14,288(9 / -)",983(7 / -),699,597,45,17
25,www.mysitevote.com,Found,Subdomain,"25,956(3 / -)","1,147(3 / -)",935,809,48,24
26,www.mysocialbookmarking.tk,Found,Subdomain,283,88,84,81,28,13
27,www.mysocialflix.com,Found,Subdomain,"24,875(42 / 1)","2,143(18 / 1)","1,563","1,275",47,15
28,www.mysocialgame.com,Found,Subdomain,"4,149(22 / -)",493(3 / -),436,380,34,13
29,www.myspacegg.com,Found,Subdomain,"14,173",102,87,82,31,20
30,www.myspaces.org,Found,Subdomain,433,83,77,73,28,10
31,www.mystaridea.com,Found,Subdomain,"6,147(15 / 9)","1,057(6 / 1)",765,673,38,16
32,www.mytwopence.net,Found,Subdomain,61,24,23,23,29,14
33,www.myuniquetalent.com,Found,Subdomain,-,-1,-,-,-,-
34,www.mywebber.de,Found,Subdomain,"25,770(6 / 7)","1,605(5 / 2)","1,112",952,42,23
35,www.mywifeis.com,Not found,-,-,-,-,-,-,-
36,www.mywolbookmark.info,Found,Subdomain,6,5,5,5,22,-
37,www.nablr.com,Found,Subdomain,438,102,97,94,34,11
38,www.nabtarin.ir,Found,Subdomain,559,118,110,105,28,7
39,www.nachalo.net,Found,Subdomain,25,24,17,16,25,10
40,www.narzekaj.pl,Found,Subdomain,"12,685(1 / -)",143(1 / -),123,117,40,19
41,www.nashvillecountryproductions.com,Found,Subdomain,49,11,10,10,22,3
42,www.nationofmillions.com,Found,Subdomain,"1,475(1 / -)",189(1 / -),130,122,31,10
43,www.naughtybookmarks.co.uk,Found,Subdomain,28,14,14,14,23,-
44,www.nauticalcities.com,Found,Subdomain,"13,192(2 / -)",247(1 / -),220,209,32,25
45,www.nelsonopennews.com,Found,Subdomain,27,14,13,13,22,-
46,www.neorush.net,Found,Subdomain,19(1 / -),8(1 / -),7,7,22,-
47,www.neosi.com,Found,Subdomain,"25,888(10 / -)",581(4 / -),518,450,39,17
48,www.neosocial.info,Found,Subdomain,"2,533(11 / -)",262(6 / -),208,194,40,21
49,www.ness-leisure.com,Found,Subdomain,118,54,18,15,24,25
50,www.nesttag.info,Found,Subdomain,652(4 / -),139(2 / -),133,123,41,12
51,www.netfurl.info,Found,Subdomain,216(2 / -),43(1 / -),41,37,25,-
52,www.nethirado.hu,Found,Subdomain,694,91,86,85,27,-
53,www.netmite.favoritlankar.dk,Found,Subdomain,6,1,1,1,17,-
54,www.netmocracy.org,Found,Subdomain,326(1 / -),95(1 / -),90,84,29,10
55,www.netwerk-social-bookmarks.de,Found,Subdomain,"1,145",219,189,173,30,21
56,www.networkconnex.com,Found,Subdomain,207,28,27,27,24,4
57,www.networkinglace.com,Found,Subdomain,"1,406",53,50,45,25,10
58,www.networkingnewstoday.com,Found,Subdomain,153,61,56,54,30,6
59,www.networkmenus.info,Found,Subdomain,67,29,27,24,37,15
60,www.netzender.com,Found,Subdomain,"1,835",255,237,216,27,14
61,www.newbookmarking.info,Found,Subdomain,211,72,68,65,35,14
62,www.newbookmarks.info,Found,Subdomain,503,95,82,81,35,14
63,www.newethiopian.com,Found,Subdomain,"5,489(4 / -)",405(2 / -),339,296,41,15
64,www.newjetset.com,Found,Subdomain,2,2,2,2,17,-
65,www.newlinkup.com,Found,Subdomain,101,11,10,10,23,6
66,www.newmexicolinkzone.com,Found,Subdomain,"4,104(1 / -)",381(1 / -),286,259,34,20
67,www.newnooze.info,Found,Subdomain,"7,278(20 / 1)","1,022(12 / 1)",809,704,43,15
68,www.newplaylists.com,Found,Subdomain,22(1 / -),15(1 / -),14,12,23,6
69,www.news.elitesuite.info,Found,Subdomain,"9,738(357 / 2)",781(4 / 1),640,543,34,18
70,www.news.gop-usa.com,Found,Subdomain,306,93,87,83,27,6
71,www.news.irannevis.com,Found,Subdomain,417(1 / -),71(1 / -),69,65,26,10
72,www.news.street-finance.com,Found,Subdomain,296(2 / -),68(1 / -),68,65,25,6
73,www.news74.ru,Found,Subdomain,159,58,47,41,26,15
74,www.news9.biz,Found,Subdomain,601,67,64,61,28,10
75,www.newsblended.com,Found,Subdomain,"14,347(33 / 1)","1,576(17 / 1)","1,223","1,013",45,17
76,www.newsdb2.com,Found,Subdomain,"1,434",15,14,14,22,14
77,www.news-dental.net,Found,Subdomain,"3,388(2 / -)",435(1 / -),305,278,37,30
78,www.newsinweb.net,Found,Subdomain,"6,374",145,110,90,44,23
79,www.newskick.de,Found,Subdomain,"3,025,408(562 / 2)","4,120(11 / 2)","2,543","1,876",62,35
80,www.newsmarked.info,Found,Subdomain,310,68,54,50,32,14
81,www.newsmarking.com,Found,Subdomain,441,58,49,46,22,6
82,www.newsmeback.com,Found,Subdomain,"25,172(207 / -)","1,765(23 / -)","1,375","1,160",45,44
83,www.newsnupdates.com,Found,Subdomain,"23,574(9 / -)","1,355(7 / -)","1,095",911,39,15
84,www.newspaanai.com,Found,Subdomain,"4,216",274,214,185,32,33
85,www.newspad.de,Found,Subdomain,"4,727(2 / -)",341(1 / -),293,268,32,15
86,www.newspooper.com,Found,Subdomain,50,8,8,8,22,10
87,www.newsqb.com,Found,Subdomain,57,26,25,25,35,38
88,www.newssocial.info,Found,Subdomain,"1,187(4 / -)",286(3 / -),245,221,40,18
89,www.newsspike.com,Found,Subdomain,524,62,57,56,34,9
90,www.newsstream.info,Found,Subdomain,71,10,10,10,22,11
91,www.newsstring.com,Found,Subdomain,939,118,112,105,29,13
92,www.newstube.de,Found,Subdomain,"79,797(1 / -)",775(1 / -),633,503,42,36
93,www.newsvoid.com,Found,Subdomain,117,59,52,47,37,17
94,www.neww.org,Found,Subdomain,"5,087(106 / 4)",906(41 / 3),594,455,41,30
95,www.newzealandconsultants.co.nz,Found,Subdomain,342,37,35,34,26,21
96,www.newzly.info,Found,Subdomain,369,80,66,60,34,18
97,www.nflpeoples.com,Found,Subdomain,72,32,30,28,24,10
98,www.ngjarjet.com,Found,Subdomain,"43,361(3 / -)",180(3 / -),151,142,39,19
99,www.nieuwsbericht.be,Found,Subdomain,"5,922(2 / -)",304(2 / -),279,254,32,24
100,www.nodd-it.com,Found,Subdomain,378,47,42,42,29,19
101,www.nodds.com,Found,Subdomain,131(3 / -),33(1 / -),28,28,24,11
102,www.nodex.xtreemhost.com,Found,Subdomain,6,6,6,6,19,-
103,www.nooluyo.com,Found,Subdomain,212,77,74,71,26,11
104,www.norskeblogger.com,Found,Subdomain,570,76,63,53,28,21
105,www.northcyprushotels.org,Found,Subdomain,"1,153(1 / -)",268(1 / -),236,215,32,26
106,www.northkoreawatch.org,Found,Subdomain,229,46,46,46,25,9
107,www.nosesurgeryanswers.com,Found,Subdomain,21,13,12,12,30,-
108,www.noter.ca,Found,Subdomain,"18,467(28 / -)",933(5 / -),775,665,35,14
109,www.noticiaporno.com,Found,Subdomain,"25,259(18 / -)","1,264(5 / -)",869,756,42,16
110,www.noticiasdealcorcon.org,Found,Subdomain,64,17,17,16,25,6
111,www.noticiasdeporte.info,Found,Subdomain,"10,525(31 / 2)","1,396(8 / 1)","1,071",889,36,18
112,www.notizieflash.com,Found,Subdomain,"256,630(3 / 1)","2,182(3 / 1)","1,301","1,050",61,33
113,www.notizie-online.eu,Found,Subdomain,3,3,3,3,20,6
114,www.nouveaux-sites.com,Found,Subdomain,747,164,149,138,38,11
115,www.nouwij.nl,Found,Subdomain,351,95,89,86,29,31
116,www.nsfwork.com,Found,Subdomain,"2,709(2 / -)",264(2 / -),219,195,30,17
117,www.nuditylivecams.com,Found,Subdomain,2,2,2,2,19,-
118,www.nuntium.at,Found,Subdomain,12,6,6,6,21,10
119,www.nyheter24.no,Found,Subdomain,"1,500(1 / -)",133(1 / -),118,113,34,10
120,www.nz-events.co.nz,Found,Subdomain,"47,855",93,83,77,30,28
121,www.octopusnews.com,Found,Subdomain,26,14,14,14,23,17
122,www.oeone.net,Found,Subdomain,"3,073(1 / -)",298(1 / -),265,245,31,15
123,www.offguide.com,Found,Subdomain,87,42,39,39,27,10
124,www.officebill.net,Found,Subdomain,"11,490",100,81,68,29,17
125,www.officialbookmark.com,Found,Subdomain,"31,877(35 / -)","1,377(11 / -)","1,202","1,023",40,18
126,www.ohter.com,Found,Subdomain,"3,798(387 / -)",356(3 / -),299,272,33,13
127,www.oigg.de,Found,Subdomain,40,24,24,24,24,7
128,www.oldrec.info,Found,Subdomain,22,14,11,11,25,10
129,www.olivebookmarks.info,Found,Subdomain,154,23,16,14,42,7
130,www.oneminutefame.com,Found,Subdomain,"2,377(- / 1)",239(- / 1),216,196,32,23
131,www.onlinebookmark.info,Found,Subdomain,"2,335",321,287,259,31,11
132,www.online-buycheap.com,Found,Subdomain,157,7,7,7,22,6
133,www.online-casino-poker-table.com,Found,Subdomain,5,4,4,4,19,-
134,www.onlineflashnews.com,Found,Subdomain,290,19,19,19,33,-
135,www.onlinemusichits.ws,Found,Subdomain,431,26,20,20,24,13
136,www.onlinerwall.com,Found,Subdomain,"3,722",192,186,170,30,20
137,www.onlinesafeshop.com,Found,Subdomain,"4,612(2 / -)",214(1 / -),201,182,31,15
138,www.onlinesocialbookmarking.com,Found,Subdomain,779,218,177,171,35,18
139,www.onlinesocialbookmarks.com,Found,Subdomain,"3,930(3 / -)",289(3 / -),263,233,41,13
140,www.onliy.com,Found,Subdomain,737,165,146,141,29,7
141,www.onlybookmarks.info,Found,Subdomain,200,54,48,43,32,15
142,www.ontweet.info,Found,Subdomain,-,-1,-,-,-,-
143,www.openbookmarks.info,Found,Subdomain,"2,299(1 / -)",152(1 / -),132,122,30,7
144,www.open-christianity.com,Found,Subdomain,44,18,18,18,23,6
145,www.opendigg.info,Found,Subdomain,685,26,21,21,25,14
146,www.openrclosed.com,Found,Subdomain,7,4,4,4,30,6
147,www.opensourcepulse.com,Found,Subdomain,613(1 / -),12(1 / -),12,12,22,-
148,www.ophee.com,Found,Subdomain,"21,898(48 / 7)","2,021(6 / 3)","1,440","1,207",47,21
149,www.opricot.com,Found,Subdomain,"6,282(7 / -)",367(5 / -),332,308,33,17
150,www.ortakweb.com,Found,Subdomain,89,30,20,18,32,10
1,www.orthodoxstuff.com,Found,Subdomain,494,157,149,134,36,14
2,www.osmaximos.com,Found,Subdomain,-,-1,-,-,-,-
3,www.osusports.info,Found,Subdomain,"7,359(6 / -)",693(3 / -),564,487,42,19
4,www.outdoorsportsworld.net,Found,Subdomain,293,60,58,58,27,7
5,www.outsmart.org,Found,Subdomain,74(2 / -),47(1 / -),43,38,25,23
6,www.ov3.net,Found,Subdomain,65,17,10,10,28,15
7,www.overratedmovies.com,Found,Subdomain,182,66,59,56,27,14
8,www.ovqi.com,Found,Subdomain,168(1 / -),66(1 / -),65,63,32,14
9,www.oyax.info,Found,Subdomain,235,61,56,54,34,14
10,www.p2p-deals.de,Found,Subdomain,85(1 / -),30(1 / -),29,28,24,6
11,www.p4e.de,Found,Subdomain,"3,556(3 / -)",608(2 / -),525,474,34,16
12,www.p8t.net,Found,Subdomain,"1,532",211,181,165,40,11
13,www.pacenext.info,Found,Subdomain,167,55,46,44,31,13
14,www.pagehype.com,Found,Subdomain,"5,792(9 / -)",462(5 / -),386,334,39,17
15,www.paginas.cc,Found,Subdomain,534(1 / -),93(1 / -),86,81,32,7
16,www.paiyalyai.com,Found,Subdomain,526(2 / -),89(1 / -),84,81,27,-
17,www.pakistanpad.com,Found,Subdomain,"17,100(4 / -)",204(1 / -),185,169,34,16
18,www.pakpetals.com,Found,Subdomain,92,19,15,13,30,6
19,www.paleohub.info,Found,Subdomain,"3,823(75 / -)",494(6 / -),419,387,36,16
20,www.pambarumbe.com,Found,Subdomain,275,7,7,7,23,10
21,www.pantica.com,Found,Subdomain,"27,520(11 / -)","1,903(10 / -)","1,453","1,188",42,16
22,www.paranormalne.one.pl,Found,Subdomain,147,7,6,6,30,10
23,www.parozi.com,Found,Subdomain,21,9,9,9,30,3
24,www.patioanswers.com,Found,Subdomain,249,19,19,19,31,-
25,www.pazed.com,Found,Subdomain,247,43,42,42,24,3
26,www.pbnews24.com,Found,Subdomain,"4,659(- / 72)",441(- / 1),374,314,32,8
27,www.pdtag.com,Found,Subdomain,64,37,37,37,24,19
28,www.peacefreedomprosperity.org,Found,Subdomain,790,60,58,57,25,12
29,www.pedablogy.com,Found,Subdomain,"2,526",35,30,26,26,15
30,www.peoplesprotest.com,Found,Subdomain,76,10,9,9,26,21
31,www.peppernews.eu,Found,Subdomain,"34,705(2 / -)",601(2 / -),411,360,44,25
32,www.perfectlittlepublishing.com,Found,Subdomain,"11,347(11 / -)",781(6 / -),636,547,37,11
33,www.permanentseo.info,Found,Subdomain,387(1 / -),66(1 / -),62,62,34,14
34,www.personaldevelopmentnetwork.com,Found,Subdomain,316,80,76,70,27,6
35,www.philbuzz.com,Found,Subdomain,175,62,48,46,40,10
36,www.phlix.info,Found,Subdomain,"1,193",47,40,39,30,12
37,www.phone911.net,Found,Subdomain,632,61,43,42,31,5
38,www.phone999.net,Found,Subdomain,"3,360",73,45,43,32,14
39,www.phonebuzz.org,Found,Subdomain,31,15,14,14,23,3
40,www.phonecamsex.com,Found,Subdomain,298,21,17,17,31,5
41,www.phonemedical.com,Found,Subdomain,"1,008",113,83,81,33,8
42,www.phonewebserver.com,Found,Subdomain,515,68,48,46,33,6
43,www.php-dug-gs.info,Found,Subdomain,52,17,17,17,31,10
44,www.phpdugs.com,Found,Subdomain,441,94,88,87,28,13
45,www.pickafig.com,Found,Subdomain,481,91,79,73,31,15
46,www.pickescort.com,Found,Subdomain,"22,122(26 / -)","1,259(7 / -)","1,124",975,47,19
47,www.pieton-magazine.com,Found,Subdomain,"8,118",371,316,279,44,25
48,www.pigg.ch,Found,Subdomain,"1,293",120,106,103,30,19
49,www.pikanti.co.il,Found,Subdomain,503(1 / -),168(1 / -),155,147,33,15
50,www.pikpost.com,Found,Subdomain,"1,542(1 / -)",197(1 / -),185,170,44,11
51,www.pinanapple.com,Found,Subdomain,"7,075(6 / -)",424(2 / -),365,332,33,17
52,www.pingdigg.com,Found,Subdomain,"27,111(26 / 1)","1,973(15 / 1)","1,377","1,149",42,27
53,www.pinoyclick.com,Found,Subdomain,"15,785(7 / -)",701(5 / -),514,452,36,26
54,www.pinoyglobe.com,Found,Subdomain,"14,135(14 / -)","1,220(5 / -)",994,866,39,17
55,www.pinoymug.com,Found,Subdomain,"2,645",442,381,346,33,17
56,www.pipinews.com,Found,Subdomain,78,35,19,17,24,9
57,www.pitchslap.biz,Found,Subdomain,49(1 / -),22(1 / -),21,20,25,11
58,www.pixelbookmarks.com,Found,Subdomain,"1,211(1 / -)",125(1 / -),108,92,28,10
59,www.pixel-screen.de,Found,Subdomain,"9,709(1 / -)",528(1 / -),340,301,41,27
60,www.pixzz.com,Found,Subdomain,"5,567(13 / -)",661(4 / -),563,490,34,24
61,www.placesocial.info,Found,Subdomain,761(1 / -),102(1 / -),97,93,29,14
62,www.placesubmit.info,Found,Subdomain,"4,076(2 / -)",188(1 / -),150,135,31,20
63,www.planeteblog.net,Found,Subdomain,"5,845",148,138,124,31,14
64,www.planningnewsvote.com,Found,Subdomain,57,22,18,18,25,29
65,www.planscellular.com,Found,Subdomain,183,72,14,12,27,18
66,www.plasanesia.com,Found,Subdomain,20,9,9,9,21,4
67,www.plig.pl,Found,Subdomain,372,38,36,33,26,7
68,www.pligg.ch,Found,Subdomain,"3,716(1 / -)",281(1 / -),256,232,51,24
69,www.pligg.cn,Found,Subdomain,62(1 / -),26(1 / -),26,26,24,10
70,www.pligg.lemoncayennepepperdiet.com,Found,Subdomain,301,48,43,42,25,13
71,www.pligg.link8.pl,Found,Subdomain,"7,293(3 / -)",227(1 / -),208,195,31,16
72,www.pliggchang.ispace.in.th,Found,Subdomain,3,2,2,2,9,11
73,www.pliggdev.com,Found,Subdomain,72,7,7,7,21,1
74,www.pligger.net,Found,Subdomain,-,-1,-,-,-,-
75,www.pliggr.com,Found,Subdomain,361,60,59,57,28,4
76,www.pliggr.uni.cc,Not found,-,-,-,-,-,-,-
77,www.pligtorrent.com,Found,Subdomain,"1,505(2 / -)",196(2 / -),186,171,38,20
78,www.plztoday.com,Found,Subdomain,788,11,7,7,22,21
79,www.pnoot.com,Found,Subdomain,406,102,87,82,28,15
80,www.podipoda.com,Found,Subdomain,"19,001(3 / -)","1,166(3 / -)",751,636,40,21
81,www.podshow411.net,Found,Subdomain,"78,473(153 / 13)","4,775(32 / 4)","3,410","2,705",51,23
82,www.pointtobe.com,Found,Subdomain,553,139,135,125,30,18
83,www.pokernews2.com,Found,Subdomain,62,16,15,13,22,6
84,www.pokernoticias.com,Found,Subdomain,101,37,36,36,28,19
85,www.politicog.com,Found,Subdomain,778,155,135,131,29,20
86,www.popcontent.info,Found,Subdomain,"27,857(3 / -)",452(3 / -),347,311,44,18
87,www.pop-music.net,Found,Subdomain,930(1 / -),210(1 / -),181,166,38,31
88,www.popstank.com,Found,Subdomain,460,22,21,21,24,-
89,www.popularbookmarks.info,Found,Subdomain,87,40,34,34,30,12
90,www.popularmalayalam.com,Found,Subdomain,"1,699(- / 5)",172(- / 1),162,155,29,10
91,www.popvacation.com,Found,Subdomain,48(1 / -),14(1 / -),14,12,22,-
92,www.pornfile.biz,Found,Subdomain,13,9,8,6,22,6
93,www.portal2health.com,Found,Subdomain,"1,811(4 / -)",293(3 / -),209,200,39,21
94,www.posicionatuweb.es,Found,Subdomain,"4,410",346,283,251,33,27
95,www.postbuster.fr,Found,Subdomain,62,16,15,13,23,13
96,www.postingku.org,Found,Subdomain,617(163 / -),61(1 / -),49,46,33,13
97,www.postolia.com,Found,Subdomain,"57,286(17 / -)","2,141(8 / -)","1,646","1,328",38,18
98,www.postonsocial.info,Found,Subdomain,182,78,75,70,28,6
99,www.postzu.com,Found,Subdomain,12,9,9,9,22,9
100,www.powerlinkings.info,Found,Subdomain,"38,753(2 / -)",544(2 / -),424,387,33,16
101,www.pqrnews.com,Found,Subdomain,135,43,35,33,34,10
102,www.pradigg.com,Found,Subdomain,202,64,61,57,25,3
103,www.prakashelectrodes.com,Found,Subdomain,71,29,27,26,25,7
104,www.prankoffate.info,Found,Subdomain,-,-1,-,-,-,-
105,www.precision-scales-balances.com,Found,Subdomain,697(2 / -),104(2 / -),100,91,37,14
106,www.premium88.com,Found,Subdomain,"1,937(1 / -)",301(1 / -),275,256,34,17
107,www.premiumbookmarking.info,Found,Subdomain,183,52,48,48,32,14
108,www.presa.co,Found,Subdomain,498(1 / -),109(1 / -),103,98,27,4
109,www.pressitfor.me,Found,Subdomain,33,20,19,18,30,14
110,www.pressmarking.com,Found,Subdomain,"28,184(16 / 4)","1,108(7 / 1)",753,633,43,14
111,www.pricequest.gr,Found,Subdomain,"1,623",52,44,44,26,4
112,www.pricescanr.com,Found,Subdomain,5,5,5,5,20,-
113,www.pricespecs.com,Found,Subdomain,273,53,37,35,25,10
114,www.pricetobuy.net,Found,Subdomain,2,2,2,2,19,6
115,www.primebookmarks.com,Found,Subdomain,240,64,59,54,31,10
116,www.primemoment.com,Found,Subdomain,"17,348(1 / -)",183(1 / -),170,160,30,13
117,www.prisonbreakfic.com,Found,Subdomain,110,38,29,27,24,7
118,www.probookmarking.info,Found,Subdomain,44,13,12,12,28,14
119,www.prodpran.com,Found,Subdomain,"13,753(1 / -)",126(1 / -),113,107,29,7
120,www.products.discountlist.us,Found,Subdomain,208,103,97,94,28,8
121,www.productsforall.com,Found,Subdomain,75,17,17,17,22,12
122,www.projectscommunity.com,Found,Subdomain,"2,430(1 / -)",374(1 / -),324,283,34,25
123,www.promote-websites.net,Found,Subdomain,159,66,62,59,25,15
124,www.promotweb.ispace.in.th,Found,Subdomain,76,53,52,49,20,-
125,www.promo-web.ro,Found,Subdomain,"4,523",95,88,82,31,16
126,www.pronews.lv,Found,Subdomain,26,16,15,15,27,11
127,www.pruesdigg.co.cc,Found,Subdomain,25,12,11,11,21,14
128,www.pubblicanews.it,Found,Subdomain,"68,556",193,167,144,46,25
129,www.pubblicanotizie.com,Found,Subdomain,"20,340(5 / -)",384(3 / -),350,314,50,18
130,www.public-bookmark.com,Found,Subdomain,"13,337(622 / -)","1,835(15 / -)","1,282","1,095",44,21
131,www.publish-articles.com,Found,Subdomain,"2,766",316,265,232,39,25
132,www.publishednews.info,Found,Subdomain,194,55,41,39,31,14
133,www.publishnews.net,Found,Subdomain,"1,034",91,87,87,35,10
134,www.publishurl.com,Found,Subdomain,197,58,48,48,33,11
135,www.puffaa.net46.net,Found,Subdomain,132,12,10,10,7,-
136,www.puikhunnai.com,Found,Subdomain,388(1 / -),86(1 / -),81,77,27,14
137,www.pulseofsandiego.com,Found,Subdomain,"8,232(162 / 1)","1,093(11 / 1)",806,696,42,19
138,www.punkstar.co.uk,Found,Subdomain,904,93,82,80,27,10
139,www.pxjg.com,Found,Subdomain,677(2 / -),147(2 / -),140,131,28,5
140,www.qaafe.com,Found,Subdomain,"1,666(3 / -)",370(2 / -),333,301,31,15
141,www.qazee.com,Found,Subdomain,"4,599(12 / -)",361(4 / -),291,270,32,23
142,www.qiel.com,Found,Subdomain,"32,721(23 / -)","2,132(7 / -)","1,607","1,323",41,21
143,www.qiinga.com,Found,Subdomain,"1,377",217,187,175,30,11
144,www.qikurls.com,Found,Subdomain,"4,176",316,279,253,31,18
145,www.qkooo.net,Found,Subdomain,298,35,32,31,32,13
146,www.quadriot.info,Found,Subdomain,67,29,25,25,31,13
147,www.qualitybacklink.info,Found,Subdomain,306,66,61,61,34,14
148,www.qualitybookmark.info,Found,Subdomain,160,35,32,32,31,14
149,www.questionthematrix.com,Found,Subdomain,14,10,10,10,21,6
150,www.queuepons.com,Found,Subdomain,116,27,24,22,25,18
1,www.quickbookmark.info,Found,Subdomain,379,50,45,45,32,14
2,www.quickdofollow.info,Found,Subdomain,163,38,35,35,31,14
3,www.quizology.com,Found,Subdomain,"2,276(3 / -)",111(2 / -),65,65,34,7
4,www.quotahead.com,Found,Subdomain,447(1 / -),68(1 / -),68,66,26,9
5,www.quotemash.com,Found,Subdomain,1,1,1,1,17,-
6,www.r3a.net,Found,Subdomain,"11,152(2 / -)",135(1 / -),126,120,31,11
7,www.racingmarks.com,Found,Subdomain,5,4,4,4,19,6
8,www.rahrahgear.com,Found,Subdomain,53,16,15,13,28,20
9,www.raiseyourweb.com,Found,Subdomain,363,42,39,37,26,9
10,www.rapidbookmarking.com,Found,Subdomain,"14,445(4 / -)",398(2 / -),341,309,41,18
11,www.ratebookmarks.com,Found,Subdomain,"1,293",139,122,111,35,14
12,www.ravanella.it,Found,Subdomain,214,42,38,35,25,19
13,www.ravintolatempo.com,Found,Subdomain,116,29,21,19,28,7
14,www.raweating.com,Found,Subdomain,"13,948",50,47,43,42,5
15,www.rcst2008.org,Found,Subdomain,"1,541",166,162,147,39,17
16,www.rcvideos.tv,Found,Subdomain,"254,216",406,308,283,45,35
17,www.readingonline.us,Found,Subdomain,63,42,41,41,24,-
18,www.realityvault.net,Found,Subdomain,510,76,73,70,27,15
19,www.real-time-world.com,Found,Subdomain,"35,823(13 / -)","1,956(11 / -)","1,316","1,070",47,25
20,www.recentlink.info,Found,Subdomain,206,45,40,40,31,14
21,www.recentlydelicious.com,Found,Subdomain,91,36,30,28,29,6
22,www.recht.nu,Found,Subdomain,146,82,80,75,27,14
23,www.recipegnome.com,Found,Subdomain,635,76,68,64,29,14
24,www.recipigg.com,Found,Subdomain,338,105,99,89,31,28
25,www.redbookmark.info,Found,Subdomain,235,25,23,22,31,5
26,www.redrafted.org,Found,Subdomain,17,6,6,6,22,14
27,www.regulararticle.com,Found,Subdomain,518,111,98,93,39,18
28,www.regularbacklink.info,Found,Subdomain,330,56,49,49,33,14
29,www.regularbookmarks.info,Found,Subdomain,173,39,33,33,31,14
30,www.reinvestconnect.com,Found,Subdomain,31,14,13,13,23,-
31,www.reise-news-in.de,Found,Subdomain,"4,427(1 / -)",224(1 / -),196,182,43,21
32,www.reistrup.dk,Found,Subdomain,25,16,14,14,23,11
33,www.reizit.com,Found,Subdomain,"1,689",392,365,315,33,19
34,www.relatesocial.com,Found,Subdomain,"2,689",520,431,375,38,14
35,www.releaselab.com,Found,Subdomain,-,-1,-,-,-,-
36,www.releaseurls.com,Found,Subdomain,"13,870(4 / -)",354(2 / -),256,231,38,15
37,www.remuevelo.com,Found,Subdomain,"9,650(116 / -)",657(2 / -),544,479,39,15
38,www.resort-thailand.com,Found,Subdomain,"11,345",72,60,52,35,21
39,www.respuestasdeamor.com,Found,Subdomain,"32,505(2 / -)",149(2 / -),114,108,37,24
40,www.rettnews.de,Found,Subdomain,"9,031(13 / -)",617(7 / -),530,469,36,17
41,www.retweetme.org,Found,Subdomain,"13,983(16 / 4)","1,293(10 / 3)",978,859,47,21
42,www.review-soft.ru,Found,Subdomain,83,40,35,34,25,3
43,www.revisioncontrol.net,Found,Subdomain,42,8,7,7,35,22
44,www.revshare-sites.com,Found,Subdomain,89(2 / -),58(2 / -),57,55,25,-
45,www.reytag.com,Found,Subdomain,2,2,2,2,19,-
46,www.rianewsfocus.com,Found,Subdomain,321,77,70,66,32,15
47,www.rightriot.com,Found,Subdomain,"2,482(2 / 1)",203(1 / 1),185,165,30,16
48,www.rightriot.info,Found,Subdomain,58,24,20,20,25,12
49,www.rightwars.com,Found,Subdomain,"4,101(2 / 1)",239(2 / 1),212,197,32,13
50,www.ringbacklinks.co.cc,Found,Subdomain,80,28,24,23,22,6
51,www.roadaholics.com,Found,Subdomain,109,42,36,35,33,21
52,www.rollfresh.com,Found,Subdomain,"4,592(3 / -)",519(3 / -),438,383,39,16
53,www.rolluplinks.info,Found,Subdomain,112,13,12,10,25,6
54,www.ronpaulnews.com,Found,Subdomain,"4,511(2 / -)",226(2 / -),198,180,30,18
55,www.roshangari.info,Found,Subdomain,"1,740(27 / -)",133(3 / -),108,107,29,7
56,www.ro-stiri.ro,Found,Subdomain,532,91,58,57,28,18
57,www.rpgcitadel.com,Found,Subdomain,"4,296(5 / -)",241(4 / -),155,147,33,19
58,www.rssasia.net,Found,Subdomain,21,11,10,9,22,14
59,www.rssca.net,Found,Subdomain,48,25,24,23,24,7
60,www.rsseurope.net,Found,Subdomain,25,14,14,14,23,14
61,www.rumorshare.com,Found,Subdomain,536(4 / -),185(2 / -),178,161,30,10
62,www.rush.dk,Found,Subdomain,432,15,13,13,32,12
63,www.rxsector.net,Found,Subdomain,"19,713(192 / 2)","1,474(12 / 1)","1,183",982,38,15
64,www.rygtetsiger.dk,Found,Subdomain,513(1 / -),98(1 / -),89,85,27,14
65,www.s4seo.info,Found,Subdomain,514(1 / -),192(1 / -),151,145,40,12
66,www.sadta.com,Found,Subdomain,933,163,151,139,30,13
67,www.safarisamsclub.com,Found,Subdomain,152,59,52,50,33,21
68,www.sagrantinonews.com,Found,Subdomain,225,65,61,48,27,25
69,www.salernoonline.net,Found,Subdomain,"11,632(5 / -)","1,450(4 / -)","1,039",865,42,22
70,www.salonhive.com,Found,Subdomain,"22,386(3 / -)","1,435(3 / -)","1,141",977,49,26
71,www.saltillo.biz,Found,Subdomain,"14,483",72,64,64,31,16
72,www.sanook-dig.com,Found,Subdomain,"6,399(1 / 2)",402(1 / 2),345,313,32,15
73,www.sanookdigg.com,Found,Subdomain,114,27,26,23,24,-
74,www.savemywebsites.com,Found,Subdomain,"15,438(4 / -)",415(3 / -),366,328,44,18
75,www.saveourpolice.com,Found,Subdomain,458,30,21,19,32,24
76,www.savetheurl.com,Found,Subdomain,"65,534",501,406,363,33,17
77,www.saveupfavorites.com,Found,Subdomain,"3,769(5 / -)",270(3 / -),222,205,36,11
78,www.saveurl.co.uk,Found,Subdomain,295(1 / -),33(1 / -),29,27,25,-
79,www.saveurl.info,Found,Subdomain,9,8,8,8,21,-
80,www.savingbristol.com,Found,Subdomain,325,132,118,109,37,18
81,www.sayaday.com,Found,Subdomain,"1,414(1 / -)",319(1 / -),290,245,37,15
82,www.sbaautosport.com,Found,Subdomain,"1,489",77,73,72,27,14
83,www.sbmsite.info,Found,Subdomain,38,26,21,19,36,7
84,www.sbookmarks.info,Found,Subdomain,"1,213",128,122,117,37,12
85,www.sbuydigg.com,Found,Subdomain,"16,235(3 / -)",515(3 / -),467,393,40,22
86,www.scalespro.com,Found,Subdomain,600,166,142,131,29,21
87,www.scamsites.info,Found,Subdomain,"82,843(186 / 1)","2,153(22 / 1)","1,903","1,551",43,19
88,www.scholarlinks.net,Found,Subdomain,103,24,18,15,24,16
89,www.science-and-world.com,Found,Subdomain,185,16,15,15,32,10
90,www.scienceworldjournal.com,Found,Subdomain,983(8 / -),177(5 / -),143,136,38,24
91,www.scoopbookmarks.info,Found,Subdomain,132,35,32,32,25,7
92,www.scooped.info,Found,Subdomain,"7,261(5 / -)",620(4 / -),468,401,44,18
93,www.scoopim.co.il,Found,Subdomain,191,16,15,15,23,8
94,www.scoopit.co.nz,Found,Subdomain,"706,619(34 / -)",710(4 / -),577,522,66,40
95,www.scoopposts.info,Found,Subdomain,"1,635(46 / -)",96(1 / -),84,78,43,13
96,www.scoops.co.il,Found,Subdomain,"8,346(1 / -)",197(1 / -),74,71,41,30
97,www.scoopsocial.info,Found,Subdomain,"1,779",76,73,69,32,7
98,www.scriptsnews.com,Found,Subdomain,422,78,48,47,27,19
99,www.scuttle.net84.net,Found,Subdomain,6,5,5,5,4,5
100,www.searchengineoptimization.jp,Found,Subdomain,"68,261(189 / -)","2,164(6 / -)","1,470",810,47,35
101,www.searcherer.com,Found,Subdomain,465,53,53,52,25,-
102,www.searchipnews.com,Found,Subdomain,"198,377(1,005 / 638)","10,567(78 / 14)","6,374","4,714",58,24
103,www.searchles.info,Found,Subdomain,"4,987(92 / -)",297(5 / -),208,193,44,10
104,www.seasonalallergiesinfo.com,Found,Subdomain,13,13,13,13,23,-
105,www.secondbookmarking.info,Found,Subdomain,521,57,49,49,33,14
106,www.secretbookmark.com,Found,Subdomain,679(1 / -),266(1 / -),248,225,31,15
107,www.secrets7day.com,Found,Subdomain,"5,206(1 / -)",33(1 / -),30,27,25,-
108,www.seedz.org,Found,Subdomain,"10,397(12 / -)","1,295(8 / -)","1,048",906,37,20
109,www.seekbookmarks.info,Found,Subdomain,987(1 / -),54(1 / -),42,38,43,11
110,www.seemyface.org,Found,Subdomain,52,20,18,15,30,12
111,www.selltotheplanet.com,Found,Subdomain,"1,895",75,47,47,33,10
112,www.senbayrak.com,Found,Subdomain,59,36,35,34,29,6
113,www.seo-bookmark.net,Found,Subdomain,217,48,45,43,34,24
114,www.seobookmarking.info,Found,Subdomain,285,83,78,75,35,15
115,www.seodofollow.info,Found,Subdomain,223,59,54,54,33,14
116,www.seofavoriten.de,Found,Subdomain,"2,010",141,133,125,31,20
117,www.seoit.org,Found,Subdomain,"2,974(5 / -)",383(1 / -),356,325,34,20
118,www.seolinksmes.com,Found,Subdomain,5,4,3,3,20,-
119,www.seo-news.org,Found,Subdomain,"4,827(6 / -)",346(2 / -),305,277,32,13
120,www.seoonlineshop.org,Found,Subdomain,"1,018(1 / -)",149(1 / -),142,132,31,14
121,www.seo-software-directory.com,Found,Subdomain,202,82,77,76,26,-
122,www.setbacklinks.com,Found,Subdomain,"3,263(2 / -)",238(1 / -),213,195,30,16
123,www.setbaclinks.com,Found,Subdomain,271,67,62,59,37,16
124,www.sex-bloggerei.com,Found,Subdomain,"2,335",132,119,112,29,11
125,www.sexbookmark.biz,Found,Subdomain,972(- / 2),203(- / 1),186,171,30,10
126,www.sexexit.com,Found,Subdomain,"14,472",163,137,117,29,15
127,www.sf4strategy.com,Found,Subdomain,"3,152(9 / -)",398(2 / -),344,311,33,13
128,www.sfeb.org,Found,Subdomain,675,71,65,63,37,20
129,www.shabagossip.com,Found,Subdomain,125(1 / -),41(1 / -),30,28,24,7
130,www.sharefitnessadvice.com,Found,Subdomain,"24,268(8 / -)",992(6 / -),773,653,35,17
131,www.sharehorse.com,Found,Subdomain,498(3 / -),24(1 / -),21,21,24,6
132,www.shareinformer.com,Found,Subdomain,462,82,78,75,27,10
133,www.sharesocial.info,Found,Subdomain,"5,758(5 / -)",240(4 / -),207,195,38,16
134,www.sharetags.info,Found,Subdomain,"1,378",154,124,116,36,14
135,www.sharetext.info,Found,Subdomain,198,42,37,37,31,12
136,www.sharethis.co.cc,Found,Subdomain,158,39,34,33,24,17
137,www.shareyourpost.info,Found,Subdomain,20,11,10,9,30,5
138,www.shareyourweb.com,Found,Subdomain,157(3 / -),74(1 / -),72,70,27,7
139,www.sharingit.info,Found,Subdomain,"2,480(8 / -)",379(6 / -),318,280,36,13
140,www.sharneefenwick.com,Found,Subdomain,167,49,36,32,34,26
141,www.sharoviki.ru,Found,Subdomain,"11,806(12 / -)",901(10 / -),701,592,41,23
142,www.shirtaholics.com,Found,Subdomain,16,2,2,2,17,11
143,www.shirtprize.com,Found,Subdomain,"2,407(5 / -)",120(2 / -),70,69,38,11
144,www.shithappens2us.com,Found,Subdomain,145,20,20,20,24,7
145,www.shiur.com,Found,Subdomain,"65,889(49 / -)","3,029(19 / -)","2,023","1,627",53,41
146,www.shopcheapsale.com,Found,Subdomain,465(1 / -),28(1 / -),25,25,36,-
147,www.shopindeals.com,Found,Subdomain,"11,003(8 / -)",685(7 / -),600,526,34,18
148,www.shoppingfave.com,Found,Subdomain,"3,316",315,278,244,31,10
149,www.shopping-favorites.com,Found,Subdomain,254,78,50,49,28,14
150,www.shoppingsubmit.com,Found,Subdomain,"2,786(4 / -)",254(2 / -),234,209,31,13
1,www.shoppingtags.net,Found,Subdomain,459,72,69,65,25,-
2,www.shoutspace.net,Found,Subdomain,"5,900(2 / -)",382(2 / -),352,313,39,15
3,www.siamdig.com,Found,Subdomain,"10,703",29,24,23,30,12
4,www.siammodern.com,Found,Subdomain,50,15,14,13,23,13
5,www.siamtop.com,Found,Subdomain,"2,134(3 / -)",225(2 / -),204,186,37,17
6,www.sihuoer.com,Found,Subdomain,-,-1,-,-,-,-
7,www.simpletagz.info,Found,Subdomain,453(1 / -),99(1 / -),84,80,36,14
8,www.simpy.info,Found,Subdomain,208,53,48,48,32,14
9,www.sirredknee.com,Found,Subdomain,526,154,144,138,28,11
10,www.sirza.com,Found,Subdomain,768(1 / -),130(1 / -),116,110,28,12
11,www.sitebookmarking.com,Found,Subdomain,"47,721(7 / -)","1,015(5 / -)",878,753,38,22
12,www.sitesbookmarking.com,Found,Subdomain,"26,257(19 / -)","1,566(8 / -)","1,036",881,49,22
13,www.sitesmash.info,Found,Subdomain,82,42,35,35,30,12
14,www.sitevote.info,Found,Subdomain,"10,834(24 / -)","1,142(11 / -)",850,736,41,27
15,www.siyudis.com,Found,Subdomain,319,85,80,72,28,15
16,www.skoovy.com,Found,Subdomain,"1,533",142,132,127,33,22
17,www.skysubmit.com,Found,Subdomain,73,22,21,21,30,4
18,www.sleazz.info,Found,Subdomain,70,31,26,26,29,12
19,www.slebb.com,Found,Subdomain,"5,751(1 / -)",209(1 / -),190,172,30,14
20,www.slimpy.info,Found,Subdomain,734(1 / -),114(1 / -),109,100,28,11
21,www.slixo.com,Found,Subdomain,"18,037(25 / -)","1,057(7 / -)",905,762,44,15
22,www.slow-touch.de,Found,Subdomain,"1,087",54,46,44,30,8
23,www.slwebs.tk,Found,Subdomain,420(1 / -),83(1 / -),74,72,26,13
24,www.slyus.com,Found,Subdomain,"1,875(2 / -)",289(2 / -),264,245,35,17
25,www.smartphoneagent.com,Found,Subdomain,787(2 / -),89(1 / -),60,59,32,5
26,www.smartphonebuddy.com,Found,Subdomain,737(2 / -),67(2 / -),39,39,32,4
27,www.smartphonedata.com,Found,Subdomain,798(2 / -),65(1 / -),48,46,32,9
28,www.smartphonemagic.com,Found,Subdomain,975,73,54,53,33,10
29,www.smartphonevirus.com,Found,Subdomain,138,17,16,16,27,5
30,www.smashpost.info,Found,Subdomain,"1,810(5 / -)",355(2 / -),314,273,37,13
31,www.smashsites.info,Found,Subdomain,346(1 / -),40(1 / -),38,37,25,5
32,www.smash-up.com,Found,Subdomain,487,126,65,62,34,15
33,www.smokkr.info,Found,Subdomain,77,10,10,10,23,6
34,www.smsjokesonline.com,Found,Subdomain,23,16,13,13,25,-
35,www.snagamuffin.com,Found,Subdomain,"2,499(2 / -)",459(1 / -),360,323,32,12
36,www.snarkyentertainment.com,Found,Subdomain,193,23,22,22,32,1
37,www.soccercrazy.info,Found,Subdomain,204,27,26,24,25,-
38,www.soccermarks.com,Found,Subdomain,2,2,2,2,19,-
39,www.sociableconnect.info,Found,Subdomain,"4,032(7 / -)",295(5 / -),250,225,36,16
40,www.sociablelinks.info,Found,Subdomain,"2,908(3 / -)",412(2 / -),343,312,37,10
41,www.social.online-volgograd.ru,Found,Subdomain,"1,881(1 / -)",196(1 / -),186,176,29,16
42,www.socialarea.net,Found,Subdomain,670,138,130,120,39,11
43,www.socialarticle.com,Found,Subdomain,"1,038",196,165,153,33,25
44,www.socialbacklink.info,Found,Subdomain,714,108,98,85,30,6
45,www.socialbm.info,Found,Subdomain,"1,423(5 / -)",180(1 / -),163,151,31,12
46,www.socialbookmarket.com,Found,Subdomain,"9,625(8 / -)",423(3 / -),366,328,38,17
47,www.socialbookmarkhub.com,Found,Subdomain,538,18,17,16,23,-
48,www.socialbookmarking.co.in,Found,Subdomain,"1,086",216,194,179,30,16
49,www.social-book-marking.com,Found,Subdomain,"1,137(1 / -)",121(1 / -),111,103,34,13
50,www.socialbookmarkinglist.info,Found,Subdomain,386,71,65,62,27,17
51,www.social-bookmarkings.com,Found,Subdomain,"10,979(42 / 1)",877(5 / 1),713,614,35,17
52,www.social-bookmarking-site.co.cc,Found,Subdomain,785(2 / -),64(1 / -),58,58,25,7
53,www.socialbookmarkingzone.com,Found,Subdomain,"5,309(4 / -)",340(3 / -),300,270,33,18
54,www.social-bookmarks-site.com,Found,Subdomain,"14,863(9 / -)",742(5 / -),619,524,36,21
55,www.socialbuzz.info,Found,Subdomain,"1,230(3 / 1)",271(2 / 1),218,194,38,14
56,www.socialbuzzz.com,Found,Subdomain,399,79,71,68,28,3
57,www.socialbyte.info,Found,Subdomain,"1,158(3 / -)",272(3 / -),250,235,31,14
58,www.socialchampion.net,Found,Subdomain,608,74,69,63,35,6
59,www.socialdofollow.com,Found,Subdomain,"2,099(5 / -)",363(4 / -),325,285,32,19
60,www.socialfurl.info,Found,Subdomain,128(1 / -),42(1 / -),38,33,27,5
61,www.sociallinking.info,Found,Subdomain,"4,151(2 / -)",551(2 / -),457,410,40,12
62,www.social-links.info,Found,Subdomain,451(2 / 4),118(2 / 1),112,104,30,-
63,www.socialmarker.info,Found,Subdomain,112,36,31,30,28,15
64,www.socialmarkers.info,Found,Subdomain,82,38,31,31,27,12
65,www.social-marking.com,Found,Subdomain,841(163 / -),98(1 / -),91,88,36,13
66,www.socialmarks.de,Found,Subdomain,"6,552(2 / -)",301(1 / -),243,223,32,22
67,www.socialmarkz.com,Found,Subdomain,78(1 / -),43(1 / -),40,39,31,15
68,www.socialmediafouls.com,Found,Subdomain,160,37,35,35,24,6
69,www.socialmedialinks.org,Found,Subdomain,35(1 / -),21(1 / -),21,21,24,-
70,www.socialmediastaffguidelines.com,Found,Subdomain,200,91,89,89,30,10
71,www.socialmore.info,Found,Subdomain,42,30,28,27,26,5
72,www.socialn.net,Found,Subdomain,"47,197(27 / -)","1,452(12 / -)","1,231","1,033",46,18
73,www.socialnetworkingsite.ca,Found,Subdomain,"10,207(22 / -)",770(12 / -),594,513,36,18
74,www.socialnews.co.uk,Found,Subdomain,112,26,23,23,26,6
75,www.socialnw.akolkarsohan.com,Found,Subdomain,20,6,6,6,21,-
76,www.socialpad.info,Found,Subdomain,"7,189(10 / -)",671(7 / -),550,481,44,15
77,www.socialplus.info,Found,Subdomain,"4,342(- / 57)",304(- / 1),269,242,31,10
78,www.socialrank.info,Found,Subdomain,84,37,30,30,28,12
79,www.socialsection.info,Found,Subdomain,"3,798(1 / 3)",599(1 / 2),495,434,37,18
80,www.social-site.info,Found,Subdomain,371,85,83,81,36,4
81,www.socialstumbles.com,Found,Subdomain,547,124,118,108,36,11
82,www.socialsubmission.info,Found,Subdomain,826(1 / -),143(1 / -),135,126,34,7
83,www.socialtag.info,Found,Subdomain,84,52,49,46,28,6
84,www.socialtoys.info,Found,Subdomain,66,24,23,23,31,14
85,www.socialtrain.info,Found,Subdomain,104,48,42,39,29,12
86,www.socialwriting.info,Found,Subdomain,"17,170(- / 1)",637(- / 1),508,434,32,15
87,www.society.in.th,Found,Subdomain,"1,213(4 / -)",283(3 / -),249,222,23,11
88,www.socinews.de,Found,Subdomain,426,42,36,35,36,13
89,www.socn.spx.at,Found,Subdomain,2,2,2,2,17,-
90,www.soforce.com,Found,Subdomain,"21,735(20 / 1)","2,475(13 / 1)","1,771","1,431",43,18
91,www.solidarizando.com.ar,Found,Subdomain,136,23,21,21,24,10
92,www.soota123.com,Found,Subdomain,"5,635(2 / -)",297(2 / -),267,245,40,10
93,www.soupsnstews.com,Found,Subdomain,134,21,18,18,34,7
94,www.southbeachfling.com,Found,Subdomain,19,13,12,12,22,6
95,www.southernsaturdays.com,Found,Subdomain,46(1 / -),10(1 / -),9,9,21,3
96,www.sowhats.net,Found,Subdomain,801(1 / -),57(1 / -),57,52,26,10
97,www.spamdomains.org,Found,Subdomain,74,10,10,10,23,10
98,www.spartansportspage.com,Found,Subdomain,"2,582",212,179,173,39,23
99,www.specialbookmark.com,Found,Subdomain,"86,013(157 / 1)",885(6 / 1),726,623,39,15
100,www.specialbookmarking.info,Found,Subdomain,232(1 / -),75(1 / -),68,66,32,14
101,www.spgenius.com,Found,Subdomain,483(2 / -),141(1 / -),127,116,28,5
102,www.sphinit.com,Found,Subdomain,"4,430(4 / -)",338(1 / -),287,256,34,17
103,www.sphinn.jp,Found,Subdomain,"23,468",408,318,213,48,26
104,www.splazh.com,Found,Subdomain,533,67,61,57,28,6
105,www.spletarna.net,Found,Subdomain,"48,836(5 / -)",909(3 / -),750,630,39,32
106,www.sponter.com,Found,Subdomain,"33,113(6 / -)",739(5 / -),623,549,34,22
107,www.sporticts.com,Found,Subdomain,"1,247(5 / -)",180(1 / -),161,151,29,14
108,www.sport-news-portal.com,Found,Subdomain,57,39,37,34,25,-
109,www.sports.elitesuite.info,Found,Subdomain,"12,451(5 / -)",869(4 / -),728,629,35,16
110,www.sports.infor24.info,Found,Subdomain,454,108,107,94,28,6
111,www.sportsbookmarks.com,Found,Subdomain,"2,156(3 / -)",343(3 / -),295,263,32,11
112,www.spotbuzz.com,Found,Subdomain,"11,425(8 / 1)","1,008(7 / 1)",746,656,41,17
113,www.spotifylists.com,Found,Subdomain,"13,774",225,189,176,33,23
114,www.spreadbuzz.com,Found,Subdomain,355,54,41,39,32,10
115,www.squeezlink.com,Found,Subdomain,979,149,139,133,36,25
116,www.squikbox.com,Found,Subdomain,36,24,23,23,23,6
117,www.sraniewbanie.pl,Found,Subdomain,"1,753",243,217,198,30,16
118,www.ssh-linux.com,Found,Subdomain,12,8,8,8,22,-
119,www.starbookmarks.info,Found,Subdomain,"4,692(5 / -)",577(4 / -),448,403,42,15
120,www.starsz.com,Found,Subdomain,766,66,57,56,27,10
121,www.startbookmark.info,Found,Subdomain,91,43,39,36,48,13
122,www.startbookmarking.info,Found,Subdomain,"3,205(11 / -)",363(4 / -),313,283,39,16
123,www.startnetworking.info,Found,Subdomain,"26,259(4 / 1)",577(4 / 1),461,407,42,14
124,www.starton.info,Found,Subdomain,59,27,23,22,30,13
125,www.startopia.pl,Found,Subdomain,"2,711(2 / -)",428(2 / -),361,316,38,15
126,www.startupranker.com,Found,Subdomain,206,94,78,73,27,11
127,www.starvingmind.net,Found,Subdomain,977(27 / -),62(3 / -),57,56,28,23
128,www.stationcarinfo.com,Found,Subdomain,67(4 / -),27(2 / -),24,21,25,21
129,www.step-to.de,Found,Subdomain,"42,396(94 / 4)","2,645(13 / 2)","1,918","1,592",41,18
130,www.stickcomic.com,Found,Subdomain,"2,023",34,32,31,29,18
131,www.stickypenny.com,Found,Subdomain,236,16,15,15,23,9
132,www.stingit.info,Found,Subdomain,"2,983(2 / 1)",371(2 / 1),304,272,41,14
133,www.stirnews.com,Found,Subdomain,"14,906(24 / -)","1,058(11 / -)",858,740,36,17
134,www.stockcenter.com,Found,Subdomain,"2,631(13 / -)",268(10 / -),223,213,33,28
135,www.stockinfoway.com,Found,Subdomain,75,30,27,23,31,12
136,www.stories.cr3ds.com,Found,Subdomain,"1,603(1 / -)",143(1 / -),120,112,28,6
137,www.storymint.com,Found,Subdomain,"26,264(18 / -)","1,014(14 / -)",788,693,49,20
138,www.strawandberries.com,Found,Subdomain,462(3 / -),127(1 / -),112,104,28,15
139,www.streetviewfunny.com,Found,Subdomain,"22,156(1 / -)",403(1 / -),349,321,36,28
140,www.strine.net.au,Found,Subdomain,550,82,79,76,28,10
141,www.stupidpackages.com,Found,Subdomain,479,22,20,20,24,18
142,www.sturm.shareyourweb.com,Found,Subdomain,16,9,9,9,22,5
143,www.stuzhka.com,Found,Subdomain,5,2,2,2,19,9
144,www.stylid.org,Found,Subdomain,191,63,57,55,27,20
145,www.submit.hmonglpru.co.cc,Found,Subdomain,12,8,7,7,-,-
146,www.submit2this.com,Found,Subdomain,167,69,58,55,32,14
147,www.submit-content.com,Found,Subdomain,66,20,20,19,24,11
148,www.submit-news.org,Found,Subdomain,388,77,70,68,28,14
149,www.submit-story.com,Found,Subdomain,310(1 / -),74(1 / -),68,67,35,12
150,www.submityoursites.info,Found,Subdomain,245,69,55,55,34,14
1,www.suggestmarker.com,Found,Subdomain,"5,286(1 / -)",415(1 / -),353,315,33,13
2,www.supereasyleads.com,Found,Subdomain,45,11,10,8,25,6
3,www.superuse.org,Found,Subdomain,"38,658(4 / -)",761(2 / -),634,572,47,30
4,www.supplierdir.com,Found,Subdomain,154,64,60,55,26,10
5,www.surfbookmarks.com,Found,Subdomain,179,70,63,60,32,13
6,www.surfweasel.info,Found,Subdomain,22,11,10,10,26,6
7,www.suxornot.com,Found,Subdomain,"34,737(32 / -)","2,449(17 / -)","1,592","1,327",49,16
8,www.suxxors.com,Found,Subdomain,96,53,51,51,24,-
9,www.svi2.org,Found,Subdomain,"3,556(1 / -)",304(1 / -),260,228,35,23
10,www.swfc.info,Found,Subdomain,45,11,10,8,21,6
11,www.swimmingbuzz.com,Found,Subdomain,95(1 / -),40(1 / -),37,36,25,6
12,www.syncbookmark.info,Found,Subdomain,466,83,71,65,36,14
13,www.taagz.info,Found,Subdomain,104,36,29,29,28,12
14,www.tagbookmarks.info,Found,Subdomain,"16,839(4 / -)",355(3 / -),292,263,40,13
15,www.tagcentral.info,Found,Subdomain,"6,661(4 / -)",415(3 / -),346,305,33,10
16,www.tagesnachrichten.com,Found,Subdomain,63,19,19,19,24,14
17,www.tagflip.de,Found,Subdomain,448,75,75,70,27,10
18,www.taggersite.info,Found,Subdomain,501,106,96,89,29,10
19,www.taggingsocial.info,Found,Subdomain,"5,896(4 / -)",365(4 / -),313,288,34,15
20,www.tagmash.com,Found,Subdomain,"25,159(38 / -)","1,407(12 / -)","1,063",890,39,15
21,www.tagonsocial.info,Found,Subdomain,"8,468(3 / -)",259(3 / -),215,193,38,8
22,www.tagposts.info,Found,Subdomain,508(1 / -),105(1 / -),96,90,30,10
23,www.tags.in,Found,Subdomain,776,216,210,189,30,10
24,www.tags24.de,Found,Subdomain,"11,043",551,494,421,44,34
25,www.tagsocial.info,Found,Subdomain,"4,274(1 / -)",339(1 / -),307,272,32,10
26,www.tagsubmit.info,Found,Subdomain,96,63,58,55,33,7
27,www.tagza.info,Found,Subdomain,"2,590(6 / -)",264(5 / -),199,183,38,16
28,www.tagzee.info,Found,Subdomain,"1,574(8 / -)",290(4 / -),247,218,35,11
29,www.tagzi.info,Found,Subdomain,871,116,101,95,28,7
30,www.taiwanbookmarks.com,Found,Subdomain,"6,358(6 / -)",721(6 / -),607,512,34,14
31,www.takemetothemovies.net,Found,Subdomain,45,11,10,8,25,6
32,www.takemyopinion.com,Found,Subdomain,"3,486",332,287,258,32,15
33,www.talkativetown.com,Found,Subdomain,"1,053",129,107,103,40,15
34,www.tamildaily.com,Found,Subdomain,"3,826",44,34,34,27,21
35,www.tamildiscussion.com,Found,Subdomain,27,17,17,17,30,-
36,www.tamilfield.com,Found,Subdomain,47(1 / -),24(1 / -),22,22,23,-
37,www.tamilnadulatest.com,Found,Subdomain,673,223,105,88,38,16
38,www.tantoeuntasto.altervista.org,Found,Subdomain,4,3,2,2,21,16
39,www.tdigg.info,Found,Subdomain,508(1 / -),93(1 / -),90,87,33,-
40,www.techaker.com,Found,Subdomain,"1,860(1 / -)",256(1 / -),201,188,39,10
41,www.techforum.ws,Found,Subdomain,497(1 / -),85(1 / -),82,82,27,6
42,www.techinreview.com,Found,Subdomain,921,130,103,98,29,19
43,www.technobookmark.com,Found,Subdomain,197,44,43,40,33,11
44,www.technocol.hu,Found,Subdomain,"2,184(3 / -)",290(3 / -),217,192,38,25
45,www.technocrazy.net,Found,Subdomain,"1,170(5 / -)",270(3 / -),246,221,31,15
46,www.techradar.in,Found,Subdomain,"3,035(15 / -)",427(2 / -),339,310,32,17
47,www.tedssocialbookmarks.com,Found,Subdomain,638,97,95,90,27,3
48,www.tekkrap.com,Found,Subdomain,234,22,21,21,24,12
49,www.tekkrap.info,Found,Subdomain,134,12,11,11,22,-
50,www.tekkrap.net,Found,Subdomain,54,27,26,26,23,6
51,www.tekkrap.org,Found,Subdomain,61,10,10,10,23,11
52,www.tekkrap.us,Found,Subdomain,12,8,8,8,21,-
53,www.teknikim.com,Found,Subdomain,31,14,12,12,24,19
54,www.telecoms-news.co.uk,Found,Subdomain,"10,000",353,294,269,32,14
55,www.telesmatic.com,Found,Subdomain,97,28,23,21,30,12
56,www.tell2win.com,Found,Subdomain,47,22,20,20,23,-
57,www.teshuvatrumpet.org,Found,Subdomain,72,23,15,13,29,9
58,www.testbookmark.co.cc,Found,Subdomain,784,22,22,18,4,-
59,www.testingpad.com,Found,Subdomain,7,2,2,2,19,9
60,www.textadguild.com,Found,Subdomain,64,22,21,20,25,12
61,www.texttip.cz,Found,Subdomain,899(3 / -),132(1 / -),69,62,30,15
62,www.tfpv.com,Found,Subdomain,550,162,152,140,28,10
63,www.thaibigg.com,Found,Subdomain,241,41,36,31,30,21
64,www.thailandbookmark.com,Found,Subdomain,"12,823(10 / -)",681(7 / -),566,492,34,25
65,www.thailandbusinesslist.com,Found,Subdomain,"12,409(3 / -)",543(2 / -),382,342,36,29
66,www.thailandsocialbookmarking.com,Found,Subdomain,460,187,176,166,29,21
67,www.thaisilverlight.com,Found,Subdomain,"1,898(176 / -)",179(2 / -),162,152,38,8
68,www.thai-view.com,Found,Subdomain,410(7 / -),119(2 / -),113,106,34,13
69,www.thaiweb3.com,Found,Subdomain,"1,412(4 / -)",196(3 / -),178,162,31,12
70,www.thaiwebhitz.com,Found,Subdomain,157,6,6,6,28,-
71,www.thaiworldwideweb.com,Found,Subdomain,"8,928",153,131,125,26,6
72,www.thaizeal.com,Found,Subdomain,329,40,39,38,29,10
73,www.the3rdgoal.com,Found,Subdomain,10,5,4,2,19,6
74,www.thebigmx.com,Found,Subdomain,889(7 / -),220(1 / -),201,198,36,17
75,www.thebigsearchdirectory.info,Found,Subdomain,48,28,25,25,25,3
76,www.thebookmarking.info,Found,Subdomain,257,67,59,59,34,14
77,www.thebookmarks.net,Found,Subdomain,"9,160(1 / -)",324(1 / -),283,250,37,13
78,www.thedailysatire.com,Found,Subdomain,"1,417(1 / -)",360(1 / -),273,247,29,31
79,www.thefindbuzz.com,Found,Subdomain,"156,731(12 / -)",999(6 / -),783,701,42,32
80,www.thefreshonline.com,Found,Subdomain,23,12,12,12,22,-
81,www.thegive.com,Found,Subdomain,342,90,83,78,27,9
82,www.thegreenroll.com,Found,Subdomain,699,142,124,114,29,14
83,www.thehapz.com,Found,Subdomain,8,4,4,4,19,-
84,www.themesbuzz.com,Found,Subdomain,"1,789",92,80,76,29,22
85,www.theobamanews.com,Found,Subdomain,"2,367",219,200,178,31,13
86,www.theoscribes.com,Found,Subdomain,200(1 / -),74(1 / -),69,65,35,15
87,www.theparafiles.com,Found,Subdomain,214,93,84,82,27,22
88,www.theparishilton.eu,Found,Subdomain,34,17,14,14,23,15
89,www.thesociallinknetwork.com,Found,Subdomain,"1,285(2 / -)",154(2 / -),144,131,44,33
90,www.thesparringrepublican.com,Found,Subdomain,"4,756(10 / -)",708(5 / -),593,518,34,10
91,www.thesportsnexus.com,Found,Subdomain,"5,124",135,128,119,39,7
92,www.thetrafficseo.com,Found,Subdomain,162(1 / -),55(1 / -),52,49,25,8
93,www.thevirtualnews.com,Found,Subdomain,204,32,31,30,25,11
94,www.thewallstreetpulse.com,Found,Subdomain,817,19,19,18,28,3
95,www.thinkbigusa.com,Found,Subdomain,135,41,29,28,26,19
96,www.thinkdifference.us,Found,Subdomain,258,68,64,63,27,11
97,www.thoguppu.com,Found,Subdomain,36,22,22,22,23,10
98,www.thokuppu.com,Found,Subdomain,75,35,34,34,25,10
99,www.tiddigg.com,Found,Subdomain,21,11,11,11,24,6
100,www.tiklattik.com,Found,Subdomain,403(1 / -),117(1 / -),112,105,28,13
101,www.tiltdaily.com,Found,Subdomain,5,3,2,2,19,6
102,www.timepixel.net,Found,Subdomain,"41,912(19 / -)","1,608(12 / -)","1,188",995,41,20
103,www.timesheetcentral.com,Found,Subdomain,"1,157",77,51,50,33,15
104,www.tinfoiltruth.info,Found,Subdomain,"2,214",88,83,83,40,10
105,www.tinmoi.org,Found,Subdomain,42,17,17,17,24,10
106,www.tipd.info,Found,Subdomain,74,34,28,28,25,12
107,www.tips4mac.info,Found,Subdomain,"2,813",77,46,45,29,25
108,www.tipswap.com,Found,Subdomain,466(1 / -),100(1 / -),86,81,27,13
109,www.tizags.com,Found,Subdomain,716,168,149,133,29,14
110,www.tkmark.tk,Found,Subdomain,166,12,12,12,23,-
111,www.toctoc.it,Found,Subdomain,"12,573",95,84,74,43,25
112,www.toenailfungusviews.com,Found,Subdomain,132,19,18,18,24,4
113,www.tomoroku.com,Found,Subdomain,908(6 / -),133(3 / -),121,112,34,17
114,www.tonesall.com,Found,Subdomain,"8,446",265,224,204,41,19
115,www.toogbe.com,Found,Subdomain,"5,442(6 / -)",433(3 / -),374,330,33,17
116,www.top-bookmark.de,Found,Subdomain,215,95,75,66,28,21
117,www.topbookmarks.info,Found,Subdomain,658(15 / -),268(4 / -),233,213,44,14
118,www.topbookmarksonline.com,Found,Subdomain,28(1 / -),16(1 / -),16,16,24,10
119,www.topbuzzindia.com,Found,Subdomain,412,62,58,55,29,14
120,www.topdofollow.info,Found,Subdomain,108,52,45,45,31,12
121,www.tophowto.com,Found,Subdomain,"18,359(4 / -)",419(3 / -),302,274,32,8
122,www.topic4u.com,Found,Subdomain,458(1 / -),61(1 / -),58,56,35,4
123,www.topinews.info,Found,Subdomain,28,18,14,14,28,10
124,www.topix.lt,Found,Subdomain,"181,300(1 / -)",278(1 / -),249,212,51,33
125,www.top-newsy.pl,Found,Subdomain,"12,240(3 / -)",259(2 / -),227,209,30,17
126,www.topnuts.com,Found,Subdomain,15,10,10,10,22,6
127,www.topsocial.info,Found,Subdomain,"40,818(20 / 2)","2,414(11 / 2)","1,661","1,345",49,19
128,www.topvicevi.com,Found,Subdomain,"6,542",49,38,38,37,32
129,www.topz.in,Found,Subdomain,649(2 / -),143(2 / -),131,129,36,10
130,www.totalpad.info,Found,Subdomain,248,42,38,38,33,10
131,www.tottlers.com,Found,Subdomain,396,60,51,48,26,14
132,www.touring.in.th,Found,Subdomain,3,2,2,2,1,-
133,www.toypetitions.com,Found,Subdomain,9,6,6,6,21,6
134,www.tramadolpurchase.com,Not found,-,-,-,-,-,-,-
135,www.transfersezonu.com,Found,Subdomain,"7,164(90 / -)",40(1 / -),39,39,25,15
136,www.travelminds.de,Found,Subdomain,"1,134",23,22,22,33,22
137,www.treasurefiendtv.com,Found,Subdomain,55,8,6,6,31,16
138,www.trendanistas.com,Found,Subdomain,261,66,60,58,26,23
139,www.triplentente.net,Found,Subdomain,26,18,18,18,24,-
140,www.trivianames.com,Found,Subdomain,"11,215(5 / -)",179(2 / -),162,142,30,17
141,www.troybusiness.com,Found,Subdomain,839(1 / -),207(1 / -),190,170,30,11
142,www.trulyepiclulz.com,Not found,-,-,-,-,-,-,-
143,www.trystianawirefly.info,Found,Subdomain,"2,087",140,131,117,30,4
144,www.trythegreenway.com,Found,Subdomain,62,17,12,12,27,21
145,www.tubeglued.com,Found,Subdomain,395,49,45,43,29,13
146,www.tubethings.com,Found,Subdomain,296,84,79,76,26,9
147,www.tubezo.com,Found,Subdomain,58(1 / -),31(1 / -),30,28,24,7
148,www.tugsocial.com,Found,Subdomain,"9,536(7 / -)",902(6 / -),629,533,45,10
149,www.tukar.info,Found,Subdomain,349,78,73,73,27,16
150,www.tunful.com,Found,Subdomain,-,-1,-,-,-,-
1,www.tuodio.com.ar,Found,Subdomain,"4,876",12,11,11,25,-
2,www.tutorialgallery.com,Found,Subdomain,"1,107",334,279,233,27,16
3,www.tutorialpal.com,Found,Subdomain,170(2 / -),49(2 / -),48,46,26,10
4,www.tutorials.pk,Found,Subdomain,"2,956(11 / -)",450(3 / -),410,358,32,11
5,www.tweetfact.com,Found,Subdomain,"45,384(653 / 50)","1,573(13 / 2)","1,008",876,47,18
6,www.tweetrl.com,Found,Subdomain,"12,911(1 / -)",309(1 / -),242,222,39,18
7,www.tweet-this.co.il,Found,Subdomain,"6,856(124 / 1)",458(4 / 1),384,339,31,20
8,www.tweet-this.com,Found,Subdomain,"2,082(4 / -)",295(1 / -),272,246,38,13
9,www.twendle.com,Found,Subdomain,222,60,57,55,26,16
10,www.twigle.de,Found,Subdomain,"3,731(9 / -)",479(6 / -),432,386,33,12
11,www.uebersetzungen-deutsch-polnisch-d...,Found,Subdomain,"15,360",30,26,25,31,19
12,www.ufcinfuzion.com,Found,Subdomain,52,14,12,12,28,6
13,www.ufohaber.com,Found,Subdomain,97,29,28,28,24,10
14,www.ugandabulletin.com,Found,Subdomain,"5,255",64,60,52,32,17
15,www.uglynyplates.com,Found,Subdomain,973,49,47,46,26,10
16,www.ujeed.com,Found,Subdomain,148(2 / -),47(2 / -),44,42,26,6
17,www.ukbestprice.com,Found,Subdomain,"12,789(5 / -)",788(4 / -),607,518,34,18
18,www.ukbusinesslistings.info,Found,Subdomain,"9,209(4 / -)",571(3 / -),534,444,33,14
19,www.uksdaily.com,Found,Subdomain,228,29,29,28,26,5
20,www.ulavu.com,Found,Subdomain,"7,417",111,97,87,33,18
21,www.umduk.com,Found,Subdomain,"3,864(4 / -)",277(3 / -),244,226,31,17
22,www.ummahbuzz.com,Found,Subdomain,"21,767(1 / -)",168(1 / -),127,118,33,15
23,www.umts-web.co.uk,Found,Subdomain,"1,160",2,2,2,19,8
24,www.unggle.com,Found,Subdomain,173(1 / -),64(1 / -),62,62,25,3
25,www.unite-or-die.net,Found,Subdomain,44,16,16,16,23,6
26,www.universalbookmarks.com,Found,Subdomain,"17,472(71 / 1)","1,030(14 / 1)",819,702,40,16
27,www.universeharrypotter.com,Found,Subdomain,300,45,36,33,33,14
28,www.upcoming.pl,Found,Subdomain,163,43,35,33,31,13
29,www.updale.net,Found,Subdomain,"18,582(14 / -)",392(4 / -),307,277,36,19
30,www.upnews.it,Found,Subdomain,"2,626,500(15,872 / 3,550)","3,260(34 / 4)","2,180","1,578",50,46
31,www.upspam.com,Found,Subdomain,"28,205(31 / -)","1,704(13 / -)","1,329","1,105",37,17
32,www.urlaub-planen.com,Found,Subdomain,35,17,15,15,23,4
33,www.urlscentral.com,Found,Subdomain,"4,568(2 / -)",668(2 / -),576,491,36,11
34,www.urlsindex.info,Found,Subdomain,269,38,37,35,25,5
35,www.urstl.com,Found,Subdomain,"11,715(1 / -)",625(1 / -),542,491,40,17
36,www.usa2post.com,Found,Subdomain,426,237,32,26,24,16
37,www.usajobs.am,Found,Subdomain,"2,378(8 / -)",413(3 / -),322,285,32,17
38,www.usccnn.com,Found,Subdomain,"1,144(2 / -)",114(2 / -),102,98,28,18
39,www.usedoor.com,Found,Subdomain,"138,471",208,186,168,35,22
40,www.usefulbookmarks.info,Found,Subdomain,"2,479(2 / -)",209(2 / -),179,165,36,13
41,www.utter.it,Found,Subdomain,59,37,35,34,24,17
42,www.v12.me,Found,Subdomain,"55,967(53 / 5)","3,288(22 / 3)","2,158","1,772",42,18
43,www.v52.info,Found,Subdomain,"4,875",118,100,94,36,6
44,www.v7u.com,Found,Subdomain,"5,183(116 / -)",392(3 / -),341,303,32,11
45,www.vaaza.com,Found,Subdomain,"1,501(2 / -)",87(1 / -),81,78,28,10
46,www.vacaturesbanen.com,Found,Subdomain,"3,902(1 / -)",6(1 / -),5,5,22,-
47,www.vajno.net,Found,Subdomain,100,29,27,24,26,14
48,www.valaiyakam.com,Found,Subdomain,"9,128",156,122,112,35,19
49,www.vaseclanky.cz,Found,Subdomain,412,83,45,41,33,22
50,www.vaslui24.ro,Found,Subdomain,"3,812",54,51,48,31,20
51,www.venezuela24.net,Found,Subdomain,"93,356",201,134,129,42,29
52,www.venturefinland.com,Found,Subdomain,"1,900(1 / 2)",179(1 / 2),168,147,39,12
53,www.veomamoneo.com,Found,Subdomain,"2,122(4 / -)",315(3 / -),243,221,37,19
54,www.vertical-politics.com,Found,Subdomain,265,49,40,37,32,12
55,www.veryclover.com,Found,Subdomain,124,51,51,50,32,23
56,www.videosyoutube.com.ar,Found,Subdomain,105,48,40,36,34,17
57,www.vidistanbul.com,Found,Subdomain,"2,880(2 / -)",351(1 / -),297,259,31,15
58,www.viiw.de,Found,Subdomain,236(1 / -),24(1 / -),22,21,26,11
59,www.villagemetro.com,Found,Subdomain,"2,930",366,311,280,35,13
60,www.villanews.net,Found,Subdomain,"161,162",120,101,89,44,36
61,www.vipbookmarking.info,Found,Subdomain,246(1 / -),80(1 / -),76,76,34,15
62,www.vipfile.biz,Found,Subdomain,2,2,2,2,17,-
63,www.visionurl.com,Found,Subdomain,"7,821(2 / 1)",452(2 / 1),363,337,39,15
64,www.voicecapital.com,Found,Subdomain,3,2,2,2,19,-
65,www.voiceofkerala.com,Found,Subdomain,"1,163",142,136,130,30,27
66,www.voip4vip.net,Found,Subdomain,175,27,25,22,36,10
67,www.voteable.info,Found,Subdomain,"13,343(4 / -)",298(3 / -),255,235,36,14
68,www.voteitsocial.com,Found,Subdomain,725,98,88,79,27,7
69,www.votemydeal.com,Found,Subdomain,"17,818(1 / 1)",291(1 / 1),266,244,31,13
70,www.votemyphoto.com,Found,Subdomain,"1,971(5 / -)",187(1 / -),172,159,29,14
71,www.voterank.de,Found,Subdomain,916(3 / -),151(3 / -),144,135,35,19
72,www.votesocial.info,Found,Subdomain,390(1 / -),109(1 / -),97,91,28,13
73,www.votestories.info,Found,Subdomain,"1,847(7 / -)",336(6 / -),278,248,39,16
74,www.votetags.info,Found,Subdomain,"1,368",253,158,149,40,18
75,www.votrebuzz.fr,Found,Subdomain,"38,677(- / 1)",124(- / 1),103,94,38,19
76,www.vuelame.net,Found,Subdomain,2,2,2,2,23,-
77,www.vvida.net,Found,Subdomain,460,75,71,69,27,10
78,www.w3buzz.net,Found,Subdomain,"2,541",66,60,59,34,13
79,www.w3promoter.com,Found,Subdomain,"16,135(4 / 1)",781(3 / 1),593,524,43,23
80,www.waasy.com,Found,Subdomain,136(1 / -),24(1 / -),21,20,24,-
81,www.wagill.com,Found,Subdomain,205(3 / -),53(2 / -),43,42,35,23
82,www.wahacz.pl,Found,Subdomain,"111,839",304,234,192,47,23
83,www.watchbookmarks.com,Found,Subdomain,38,19,18,18,24,-
84,www.waxandfeathers.net,Found,Subdomain,328(3 / -),58(1 / -),50,48,29,26
85,www.way2post.info,Found,Subdomain,"1,657",96,88,80,28,6
86,www.wayuya.com,Found,Subdomain,"2,389(2 / -)",369(1 / -),325,279,32,11
87,www.wazit.it,Found,Subdomain,"1,497",141,126,103,38,37
88,www.weavesocial.info,Found,Subdomain,"1,809(2 / -)",323(2 / -),287,265,40,14
89,www.web143.com,Found,Subdomain,264,65,58,54,33,5
90,www.web20social.com,Found,Subdomain,"1,091(2 / 2)",224(2 / 1),196,176,37,17
91,www.webapptree.com,Found,Subdomain,"1,218(2 / -)",82(2 / -),78,72,36,-
92,www.webatsiam.com,Found,Subdomain,273(1 / -),35(1 / -),34,33,10,-
93,www.webbookmarker.com,Found,Subdomain,"3,478",215,197,185,31,16
94,www.webbuildingnews.net,Found,Subdomain,"1,186",12,11,9,22,14
95,www.webbysurf.com,Found,Subdomain,96,40,39,36,34,7
96,www.webdekthai.co.cc,Found,Subdomain,631(2 / -),87(2 / -),86,81,27,10
97,www.webdigg.org,Found,Subdomain,553,60,55,55,35,13
98,www.webdofollow.info,Found,Subdomain,195,43,38,38,31,14
99,www.webfav.eu,Found,Subdomain,"45,816(23 / 41)","1,151(9 / 1)",751,653,38,25
100,www.webfound.us,Found,Subdomain,233,41,39,38,34,14
101,www.webinarnotebook.com,Found,Subdomain,"1,052(1 / -)",131(1 / -),121,110,37,15
102,www.weblogicamedia.com,Found,Subdomain,"3,587",80,64,60,34,14
103,www.webmarks.tk,Found,Subdomain,31(1 / -),19(1 / -),19,19,23,10
104,www.webmaster911.com,Found,Subdomain,"122,494(65 / 25)","5,232(29 / 2)","3,729","2,908",54,22
105,www.webmastershowcase.com.au,Found,Subdomain,"23,869(3 / 10)","1,378(3 / 1)",965,801,42,36
106,www.webnoodlez.com,Found,Subdomain,940(2 / -),172(2 / -),167,161,29,10
107,www.webnovosti.com,Found,Subdomain,606(- / 2),121(- / 1),110,103,28,15
108,www.web-phuket.co.cc,Found,Subdomain,470(2 / -),83(2 / -),83,79,25,12
109,www.web-po.com,Found,Subdomain,385(116 / -),66(1 / -),64,60,29,7
110,www.webpoolz.com,Found,Subdomain,497,142,133,123,36,10
111,www.websearcher.org,Found,Subdomain,135,69,64,62,27,14
112,www.websitebookmarks.com,Found,Subdomain,"6,285(5 / -)",511(3 / -),408,348,39,16
113,www.websocialbookmarking.com,Found,Subdomain,"1,361(4 / -)",257(3 / -),219,206,31,13
114,www.websocialhub.com,Found,Subdomain,"2,227(17 / 5)",371(6 / 1),305,274,32,10
115,www.webuser.com.br,Found,Subdomain,865(12 / -),125(1 / -),114,108,28,13
116,www.webwhompers.net,Found,Subdomain,87,28,19,17,32,13
117,www.webyack.com,Found,Subdomain,302(1 / -),63(1 / -),61,55,26,-
118,www.wedofollow.com,Found,Subdomain,"37,036(28 / 1)","1,617(14 / 1)","1,229","1,013",38,19
119,www.wegbook.de,Found,Subdomain,210,24,19,19,25,7
120,www.welcomeholidayservice.com,Found,Subdomain,"16,960(11 / -)",731(6 / -),538,471,39,16
121,www.welovedigg.com,Found,Subdomain,165(1 / -),64(1 / -),43,38,32,21
122,www.wemark.co.tv,Found,Subdomain,51,24,22,22,22,-
123,www.wepligg.com,Found,Subdomain,"3,067(2 / -)",506(2 / -),423,367,37,15
124,www.weseeker.com,Found,Subdomain,100,59,56,54,32,-
125,www.wesnare.com,Found,Subdomain,"2,968(2 / -)",292(1 / -),243,215,39,11
126,www.westernartist.org,Found,Subdomain,353,88,76,71,29,10
127,www.westernbookmarking.info,Found,Subdomain,357,66,53,52,33,14
128,www.westhamnews.net,Found,Subdomain,"152,531(3 / -)",107(1 / -),95,86,42,36
129,www.westpoplarredangus.com,Found,Subdomain,95,34,23,22,32,21
130,www.wewant.to,Found,Subdomain,296,41,35,35,24,-
131,www.whatlifeismeanttobe.com,Found,Subdomain,476,157,145,133,29,15
132,www.whatnwhen.in,Found,Subdomain,"1,194",178,140,137,33,22
133,www.whatsnew.yourweb-life.com,Found,Subdomain,"1,845(1 / -)",96(1 / -),87,79,28,8
134,www.whatsyourmessage.net,Found,Subdomain,621(1 / -),37(1 / -),35,33,33,10
135,www.wheresthatphone.com,Found,Subdomain,542,55,34,34,32,14
136,www.whichink.com,Found,Subdomain,197,36,34,34,25,3
137,www.whotome.com,Found,Subdomain,"1,749(3 / -)",322(1 / -),270,252,31,15
138,www.wibb-it.com,Found,Subdomain,"8,741(10 / -)",881(8 / -),764,646,36,15
139,www.wikiconfessions.com,Found,Subdomain,495,100,96,89,28,14
140,www.wikifalica.org,Found,Subdomain,"4,217(4 / -)",594(2 / -),409,364,35,14
141,www.wikitags.info,Found,Subdomain,807,194,173,153,29,10
142,www.wildankurnia.net,Found,Subdomain,114,9,7,5,27,15
143,www.wildlifewire.org,Found,Subdomain,49,14,13,10,29,6
144,www.willreveal.com,Found,Subdomain,202,34,32,32,25,10
145,www.windowly.com,Found,Subdomain,893,198,165,150,37,15
146,www.windows7-portal.com,Found,Subdomain,9,3,3,3,21,15
147,www.wingedsnail.com,Found,Subdomain,464,30,30,29,24,-
148,www.wirefan.info,Found,Subdomain,19,12,9,9,27,10
149,www.wobbleheads.com,Found,Subdomain,631,93,73,66,31,7
150,www.wolfpack.co.nz,Found,Subdomain,"2,482",76,65,63,34,23
1,www.womangems.com,Found,Subdomain,"1,280(1 / -)",181(1 / -),162,148,39,14
2,www.womcat.info,Found,Subdomain,45,25,22,22,31,10
3,www.wondoe.com,Found,Subdomain,96(1 / -),26(1 / -),25,25,26,7
4,www.woorp.com,Found,Subdomain,209,74,70,66,33,15
5,www.worddigg.com,Found,Subdomain,"1,992(1 / -)",290(1 / -),261,229,31,16
6,www.wordsjournal.com,Found,Subdomain,"12,420(31 / -)","1,409(9 / -)","1,109",926,42,19
7,www.world-link.eu,Found,Subdomain,"1,000",159,137,123,30,24
8,www.worldmartialartsunion.us,Found,Subdomain,133,60,57,55,27,21
9,www.worsthumans.com,Found,Subdomain,-,-1,-,-,-,-
10,www.wowrover.com,Found,Subdomain,383,73,68,67,29,13
11,www.wrestlebuzz.com,Found,Subdomain,128,28,28,28,26,-
12,www.wrestling247.net,Found,Subdomain,203,54,52,52,25,22
13,www.wsnail.dennisandstephen.com,Found,Subdomain,4,2,2,2,19,-
14,www.w-storys.de,Found,Subdomain,-,-1,-,-,-,-
15,www.wtfarewedoinghere.com,Found,Subdomain,-,-1,-,-,-,-
16,www.wtfplusplus.com,Found,Subdomain,49,23,19,18,24,6
17,www.wtfportal.com,Found,Subdomain,308,19,19,19,23,-
18,www.wthsportstv.com,Found,Subdomain,29(3 / -),13(1 / -),13,13,27,-
19,www.wumpi.com,Found,Subdomain,625(30 / -),51(1 / -),47,47,29,16
20,www.wunderrad.de,Found,Subdomain,313,30,26,23,25,7
21,www.ww.pligg.ch,Found,Subdomain,1,1,1,1,-,-
22,www.ww2.aranijothish.com,Found,Subdomain,556,39,33,33,32,18
23,www.wypoczynek.potrzeba.net,Found,Subdomain,"23,156(2 / 1)",594(2 / 1),470,415,32,11
24,www.xaafid.com,Found,Subdomain,15,13,13,12,23,-
25,www.xaldop.com,Found,Subdomain,"1,078",123,118,116,35,10
26,www.xe1.de,Found,Subdomain,"2,909(1 / -)",254(1 / -),211,189,31,14
27,www.xenza-store.com,Found,Subdomain,"4,594",117,98,92,37,15
28,www.xforensic.de,Found,Subdomain,87,12,12,12,22,5
29,www.xianball.com,Found,Subdomain,"2,290",234,215,204,40,17
30,www.x-nilo.org,Found,Subdomain,45(6 / -),18(1 / -),17,17,24,23
31,www.xn--v3cg0d3b1b.com,Found,Subdomain,274,25,24,24,24,-
32,www.xn--vektls-fya.no,Found,Subdomain,"1,164(2 / -)",223(2 / -),208,183,30,13
33,www.xpblogger.com,Found,Subdomain,"31,657(11 / -)","1,536(8 / -)","1,144",963,37,16
34,www.xulnews.com,Found,Subdomain,29,21,21,19,30,10
35,www.xxl-bookmarks.de,Found,Subdomain,"17,464(30 / 1)","1,686(14 / 1)","1,070",899,50,36
36,www.xxx-adult-bookmarks.com,Found,Subdomain,133(3 / -),59(3 / -),55,54,28,15
37,www.xyunderground.com,Found,Subdomain,"2,912(2 / 6)",445(2 / 2),328,295,42,28
38,www.xzbaodeng.com,Found,Subdomain,69,21,15,13,27,6
39,www.yaklong.com,Found,Subdomain,140,21,20,19,24,10
40,www.yamonna.com,Found,Subdomain,"17,608(7 / 2)",871(7 / 1),734,629,35,16
41,www.yasnw.com,Found,Subdomain,662,157,140,134,32,15
42,www.yebooo.com,Found,Subdomain,"1,733(2 / -)",189(2 / -),173,159,31,7
43,www.yemle.com,Found,Subdomain,"171,383(920 / 2)","5,352(43 / 2)","3,399","2,631",50,24
44,www.yesbookmarks.com,Found,Subdomain,86,31,28,27,25,15
45,www.yez.com.br,Found,Subdomain,162,81,74,73,30,14
46,www.yforum.pl,Found,Subdomain,305(11 / 8),88(6 / 2),81,81,27,25
47,www.yimyaem.com,Found,Subdomain,151,6,6,6,21,14
48,www.yochacha.com,Found,Subdomain,24,7,6,6,24,13
49,www.yoconmarkit.co.uk,Found,Subdomain,"5,735(7 / -)",442(4 / -),370,339,33,20
50,www.yoepa.nl,Found,Subdomain,"6,330(6 / -)",474(4 / -),425,384,36,18
51,www.yomash.info,Found,Subdomain,85,38,32,31,29,13
52,www.yonkersreviews.com,Found,Subdomain,160,72,72,67,35,12
53,www.yoomark.com,Found,Subdomain,"39,349(11 / 5)","1,737(10 / 3)","1,389","1,153",40,22
54,www.yosocial.info,Found,Subdomain,"4,087(1 / 1)",330(1 / 1),278,250,31,10
55,www.youadsite.com,Found,Subdomain,"29,546(27 / 6)","1,693(14 / 2)","1,305","1,099",43,15
56,www.youcanfollow.us,Found,Subdomain,107(1 / -),58(1 / -),56,54,26,-
57,www.youdigg.cz.cc,Not found,-,-,-,-,-,-,-
58,www.youdonet.com,Found,Subdomain,568,94,91,84,36,19
59,www.younews.in,Found,Subdomain,"1,248(2 / -)",199(1 / -),167,148,40,17
60,www.yourbookmarking.info,Found,Subdomain,"1,083",95,80,79,36,15
61,www.yourfootynews.com,Found,Subdomain,79,43,28,26,29,6
62,www.yourinsure.com,Found,Subdomain,"2,324(37 / -)",453(5 / -),334,313,38,18
63,www.youthgroup.net,Found,Subdomain,"3,363(7 / -)",323(5 / -),295,281,31,14
64,www.youtubefilter.com,Found,Subdomain,"3,719(353 / -)",463(7 / -),368,343,41,19
65,www.youwontbelievewhathappened.com,Found,Subdomain,831,74,70,65,27,14
66,www.ysome.com,Found,Subdomain,"3,512(3 / 2)",442(3 / 1),376,336,33,15
67,www.yunie.co.cc,Found,Subdomain,267,33,27,25,24,12
68,www.yupst.com,Found,Subdomain,3,1,1,1,-,-
69,www.yuul.de,Found,Subdomain,"7,453(3 / -)",755(3 / -),622,541,34,19
70,www.zaggo.de,Found,Subdomain,644,95,84,77,40,22
71,www.zahits.info,Found,Subdomain,98,51,45,42,31,12
72,www.zarati1.com,Found,Subdomain,-,-1,-,-,-,-
73,www.zebylinks.info,Found,Subdomain,"13,429(13 / -)","1,329(9 / -)",958,816,42,15
74,www.zeednet.com,Found,Subdomain,19,9,9,9,22,-
75,www.zeedoo.de,Found,Subdomain,"11,550(4 / -)",440(3 / -),365,330,32,18
76,www.zigtags.com,Found,Subdomain,"2,377",47,40,39,26,17
77,www.ziki.com.au,Found,Subdomain,"10,654(7 / -)","1,343(6 / -)","1,172","1,000",37,17
78,www.zimmerforsenate.com,Found,Subdomain,503(2 / -),118(2 / -),53,50,28,17
79,www.zmerchants.com,Found,Subdomain,290,90,84,80,26,-
80,www.zobbed.com,Found,Subdomain,9,8,7,5,23,6
81,www.zone13.org,Found,Subdomain,"6,121(2 / -)",701(2 / -),631,555,36,15
82,www.zoompost.info,Found,Subdomain,"7,136(12 / -)",359(6 / -),288,267,43,19
83,www.zrqa.info,Found,Subdomain,96,43,37,34,31,13
84,www.zurpy.info,Found,Subdomain,221,57,52,51,33,14
85,www3.casthit.com,Found,Subdomain,17,10,10,10,22,1
86,wykopcene.pl,Found,Root domain,"1,978(7 / -)",140(1 / -),122,113,18,10
87,xanga-hits.info,Found,Root domain,124,66,60,58,8,2
88,xhit.pl,Found,Root domain,"46,357(1 / -)",88(1 / -),67,67,27,15
89,xilinus.info,Found,Root domain,60,17,15,15,10,1
90,xn--72c3adabaak9fc6cb3a0c0dg7ce1s9c8c...,Found,Root domain,"9,136(8 / -)",517(5 / -),440,396,20,5
91,xn--l3cg2cxcbu.thaihealth.net,Found,Subdomain,"21,426(2 / -)",665(2 / -),550,491,33,29
92,xoail.com,Found,Root domain,453,85,83,79,12,2
93,xomba.com,Found,Root domain,"160,747(89 / 11)","9,622(42 / 1)","7,200","5,147",50,26
94,xxx.pligg.ch,Found,Subdomain,-,-1,-,-,-,-
95,xyupload.com,Found,Root domain,"8,341(36 / -)",542(6 / -),440,396,28,8
96,yapodzing.info,Found,Root domain,16,8,5,5,5,-
97,yasnwo.info,Found,Root domain,6,6,5,5,5,-
98,yehiapress.org,Found,Root domain,"61,687(59 / 1)","3,767(29 / 1)","2,613","2,085",32,14
99,yesbookmarks.com,Found,Root domain,"4,599(2 / -)",341(2 / -),308,263,13,16
100,yesorno.shamrock-book.com,Found,Subdomain,581(1 / -),53(1 / -),50,49,26,2
101,yomash.com,Found,Root domain,"9,034",466,384,361,29,13
102,yomashnews.info,Found,Root domain,70,24,18,18,10,1
103,yorkmark.info,Found,Root domain,56,36,29,29,12,2
104,you-blog.com,Found,Root domain,-,-,-,-,-,-
105,youblr.com,Found,Root domain,"10,363(2 / -)",375(2 / -),310,284,17,14
106,you-need.info,Found,Root domain,413,87,71,70,8,6
107,yucoffee.info,Found,Root domain,53,14,13,13,10,1
108,zalozky.okamzite.eu,Found,Subdomain,26,15,14,14,23,7
109,zangkok.info,Found,Root domain,245,27,26,26,13,1
110,zaplecze.site50.net,Found,Subdomain,-,-1,-,-,-,-
111,ze-poker.fr,Found,Root domain,"3,490(3 / 3)",298(2 / 2),283,268,26,10
112,zgvodic.comze.com,Found,Subdomain,20,11,10,10,1,-
113,zikandco.com,Found,Root domain,681,62,57,57,8,8
114,zimbonet.com,Found,Root domain,365,60,58,57,9,1
115,zimnewswatch.com,Found,Root domain,"1,568(3 / -)",174(3 / -),150,142,17,17
116,zinemarks.info,Found,Root domain,81,47,39,39,14,2
117,ziovex.com,Found,Root domain,"3,614(4 / -)",421(3 / -),382,339,14,8
118,zogopoulos.com,Found,Root domain,345,50,47,46,12,1
119,zoneface.com,Found,Root domain,691,144,132,121,9,6
120,zoombookmarks.info,Found,Root domain,"1,498(1 / -)",289(1 / -),246,219,14,6
121,zret.com,Found,Root domain,"66,168(4 / 1)",826(3 / 1),543,459,34,21
122,zwiastuny.odkopuj.pl,Found,Subdomain,518(169 / -),19(1 / -),17,17,25,15
123,zyoutracker.info,Found,Root domain,93,54,49,48,15,2
